<?xml version="1.0" encoding="UTF-8"?>
<addon id="skin.Omegafluence" version="5.0.6" name="Omegafluence" provider-name="Jezz_X, Team Kodi, Zippo">
	<requires>
		<import addon="xbmc.gui" version="5.17.0"/>
	</requires>
	<extension point="xbmc.gui.skin" debugging="false" effectslowdown="1.0">
		<res width="1920" height="1080" aspect="16:9" default="true" folder="1080p" />
	</extension>
	<extension point="xbmc.addon.metadata">
		<platform>all</platform>
		<license>GNU General Public License version 2</license>
		<forum>https://forum.kodi.tv/forumdisplay.php?fid=125</forum>
		<source>https://github.com/xbmc/skin.Omegafluence</source>
		<assets>
			<icon>resources/icon.png</icon>
			<fanart>resources/fanart.jpg</fanart>
			<screenshot>resources/screenshot-01.jpg</screenshot>
			<screenshot>resources/screenshot-02.jpg</screenshot>
			<screenshot>resources/screenshot-03.jpg</screenshot>
			<screenshot>resources/screenshot-04.jpg</screenshot>
			<screenshot>resources/screenshot-05.jpg</screenshot>
			<screenshot>resources/screenshot-06.jpg</screenshot>
			<screenshot>resources/screenshot-07.jpg</screenshot>
			<screenshot>resources/screenshot-08.jpg</screenshot>
			<screenshot>resources/screenshot-09.jpg</screenshot>
		</assets>
		<news>Omega update.</news>
		<summary lang="af_ZA">Omegafluence oortreksel deur Jezz_X.</summary>
		<summary lang="ar_SA">جلد كونفليونس من صنع Jezz_x. (الجلد المبدأى لبرنامج إكس بى إم سى)</summary>
		<summary lang="be_BY">Абалонка Omegafluence ад Jezz_X.</summary>
		<summary lang="bg_BG">Omegafluence облик от Jezz_X. (стандартния облик за Kodi)</summary>
		<summary lang="ca_ES">Aparença Omegafluence per Jezz_X.</summary>
		<summary lang="cs_CZ">Vzhled Omegafluence od Jezz_X.</summary>
		<summary lang="cy_GB">Croen Omegafluence gan Jezz_X. (Croen rhagosodedig Kodi)</summary>
		<summary lang="da_DK">Omegafluence skin af Jezz_X.</summary>
		<summary lang="de_DE">Omegafluence Skin von Jezz_X.</summary>
		<summary lang="el_GR">Το κέλυφος Omegafluence από τον Jezz_X (προεπιλεγμένο κέλυφος του Kodi).</summary>
		<summary lang="en_AU">Omegafluence skin by Jezz_X. (Kodi&apos;s default skin)</summary>
		<summary lang="en_GB">Omegafluence skin by Jezz_X.</summary>
		<summary lang="en_NZ">Omegafluence skin by Jezz_X. (Kodi&apos;s default skin)</summary>
		<summary lang="en_US">Omegafluence skin by Jezz_X.</summary>
		<summary lang="es_AR">Skin Omegafluence por Jezz_X.</summary>
		<summary lang="es_ES">Skin Omegafluence por Jezz_X.</summary>
		<summary lang="es_MX">Skin confluende por Jezz_X. (skin por defecto de Kodi)</summary>
		<summary lang="et_EE">Omegafluence rüü autor on Jezz_X.</summary>
		<summary lang="eu_ES">Omegafluence azala Jezz_X-ek egina.</summary>
		<summary lang="fa_IR">پوسته Omegafluence تهیه شده بوسیله Jezz_X.</summary>
		<summary lang="fi_FI">Omegafluence-ulkoasu. Tekijä Jezz_X.</summary>
		<summary lang="fo_FO">Omegafluence útsjónd av Jezz_X. (Kodi&apos;s vanliga útsjónd)</summary>
		<summary lang="fr_CA">Habillage Omegafluence par Jezz_X.</summary>
		<summary lang="fr_FR">Omegafluence, un habillage par Jezz_X.</summary>
		<summary lang="gl_ES">Pel Omegafluence por Jezz_Z. (Pel predefinida do Kodi)</summary>
		<summary lang="he_IL">המעטפת Omegafluence של Jezz_X. (ברירת המחדל של Kodi)</summary>
		<summary lang="hr_HR">Omegafluence presvlaka autora Jezz_X.</summary>
		<summary lang="hu_HU">Omegafluence felszín. Készítő: Jezz_X (Kodi alapértelmezett felszín)</summary>
		<summary lang="hy_AM">&apos;&apos;Omegafluence&apos;&apos; - տեսք՝ Jezz_X. կողմից (Kodi - հիմնական տեսք)</summary>
		<summary lang="id_ID">Skin Omegafluence oleh Jezz_X.</summary>
		<summary lang="is_IS">Omegafluence eftir Jezz_X.</summary>
		<summary lang="it_IT">Skin Omegafluence di Jezz_X.</summary>
		<summary lang="ja_JP">Omegafluenceスキン by Jezz_X.</summary>
		<summary lang="ko_KR">Jezz_X가 만든 Omegafluence 스킨.</summary>
		<summary lang="lt_LT">Omegafluence teminė išvaizda, kurią sukūrė Jezz_X. (Kodi numatytoji teminė išvaizda)</summary>
		<summary lang="lv_LV">Omegafluence apvalks no Jeez_X.</summary>
		<summary lang="mk_MK">Omegafluence skin by Jezz_X. (Kodi&apos;s default skin)</summary>
		<summary lang="ms_MY">Penyatuan, kulit daripada Jezz_X. (Kulit lalai Kodi)</summary>
		<summary lang="mt_MT">Dehra Omegafluence magħmula minn Jezz_X. (Id-dehra normali ta&apos; Kodi)</summary>
		<summary lang="nb_NO">Omegafluence-drakt av Jezz_X. (Kodis forvalgte drakt)</summary>
		<summary lang="nl_NL">Omegafluence skin door Jezz_X. (Kodi&apos;s standaard skin)</summary>
		<summary lang="pl_PL">Skóra Omegafluence autorstwa Jezz_X.</summary>
		<summary lang="pt_BR">Skin Omegafluence por Jezz_X.</summary>
		<summary lang="pt_PT">Tema Omegafluence por Jezz_X (tema padrão do Kodi)</summary>
		<summary lang="ro_RO">Costumul Omegafluence de Jezz_X.</summary>
		<summary lang="ru_RU">Обложка Omegafluence (стандартная обложка Kodi). Автор: Jezz_X.</summary>
		<summary lang="sk_SK">Omegafluence skin od Jezz_X, (predvolený skin Kodi).</summary>
		<summary lang="sl_SI">Preobleka Omegafluence avtorja Jezz_X. (Privzeta preobleka za Kodi)</summary>
		<summary lang="sq_AL">Maska Omegafluence nga Jazz_X (maska kryesore së Kodi)</summary>
		<summary lang="sr_RS">Omegafluence маска аутора Jezz_X.</summary>
		<summary lang="sr_RS@latin">Omegafluence maska autora Jezz_X.</summary>
		<summary lang="sv_SE">Omegafluence, ett skal av Jezz_X.</summary>
		<summary lang="szl">Skōra Omegafluence zrychtowanŏ ôd Jeez_X. (wychodnŏ skōra we Kodi)</summary>
		<summary lang="tg_TJ">Пӯсти ҳамҷараёнӣ аз ҷониби Jezz_X. (Пӯсти пешфарзи Kodi)</summary>
		<summary lang="th_TH">ชุดตกแต่ง Omegafluence โดย Jezz_X (สกินเริ่มต้นของ Kodi)</summary>
		<summary lang="tr_TR">Jezz_X tarafından geliştirilen Omegafluence dış görünümü.</summary>
		<summary lang="uk_UA">Обкладинка Omegafluence (стандартна обкладинка Kodi). Автор: Jezz_X.</summary>
		<summary lang="vi_VN">Giao diện Omegafluence bởi Jezz_X. (Giao diện mặc định của Kodi)</summary>
		<summary lang="zh_CN">Jezz_X 开发的 Omegafluence 皮肤。</summary>
		<summary lang="zh_TW">Jezz_X 製作的面板 (Kodi 的預設面板)。</summary>
		<description lang="af_ZA">Omegafluence is &apos;n kombinasie van konsepte van &apos;n klomp gewilde oortreksels, en &apos;n poging om hulle goeie idees te omvat en te integreer in &apos;n oortreksel wat maklik behoort te wees vir eerste keer Kodi gebruikers om te verstaan en te gebruik.</description>
		<description lang="ar_SA">كونفليونس هو الجلد المبدأى لبرنامج إكس بى إم سى اﻹصدار 9.11 وما فوق. هو خلط بين اشهر اﻷجلده الاخرى معاً ومحاوله لتبنى ودمج افكارهم للخروج بِنِتَاج يُفترض به ان يكون سهل اﻹستيعاب بمجرد النظر لمستخدمى إكس بى إم سى المبتدئين.</description>
		<description lang="be_BY">Omegafluence уяўляе сабой спалучэнне канцэпцый з мноства папулярных абалонак, што намагаецца аб’яднаць усе найлепшыя ідэі ў адну абалонку, якая павінна быць простай і зручнай для карыстальнікаў Kodi.</description>
		<description lang="bg_BG">Omegafluence е стандартният облик на Kodi 9.11 и по-новите версии. Представлява смесица от концепциите на много от популярните облици. Целта е да се интегрират тези добри идеи в подходящ и удобен вид за хора, които се сблъскват за първи път с Kodi.</description>
		<description lang="ca_ES">Omegafluence és una combinació de conceptes de moltes aparences populars i intenta adoptar i integrar les seves bones idees en una aparença que sigui senzilla d&apos;entendre i utilitzar per als nous usuaris de Kodi.</description>
		<description lang="cs_CZ">Omegafluence je kombinací konceptů z mnoha oblíbených vzhledů a pokouší se pojmout a integrovat jejich dobré nápady do vzhledu, který by měl být pro nové uživatele Kodi jednoduchý na pochopení a používání.</description>
		<description lang="cy_GB">Omegafluence yw croen rhagosodedig Kodi 9.11 ac uwch. Mae&apos;n gyfuniad o gysyniadau o nifer o grwyn poblogaidd ac mae&apos;n ymdrechu i gyfuno eu syniadau da hwy i groen ddylai fod yn hawdd i ddefnyddiwr cyntaf Kodi ei deall a&apos;i ddefnyddio.</description>
		<description lang="da_DK">Omegafluence er en kombination af koncepter fra mange populære skins, og det forsøger at omfavne og integrere de gode ideer i et skin, der er let for førstegangsbrugere af Kodi at forstå og bruge.</description>
		<description lang="de_DE">[CR]Omegafluence ist eine Kombination von Konzepten aus vielen beliebten Skins und [CR]versucht, deren besten Ideen zu vereinen, um den Einstieg für neue Kodi-[CR]Nutzer zu erleichtern.[CR][CR]Omegafluence ist eine Kombination von Konzepten aus vielen beliebten Skins und [CR]versucht, deren besten Ideen zu vereinen, um den Einstieg für neue Kodi-[CR]Nutzer zu erleichtern.[CR][CR]Omegafluence ist eine Kombination von Konzepten aus vielen beliebten Skins und [CR]versucht, deren besten Ideen zu vereinen, um den Einstieg für neue Kodi-[CR]Nutzer zu erleichtern.[CR][CR]Omegafluence ist eine Kombination von Konzepten aus vielen beliebten Skins und [CR]versucht, deren besten Ideen zu vereinen, um den Einstieg für neue Kodi-[CR]Nutzer zu erleichtern.Omegafluence ist eine Kombination von Konzepten aus vielen beliebten Skins und versucht, deren besten Ideen zu vereinen, um den Einstieg für neue Kodi-Nutzer zu erleichtern.</description>
		<description lang="el_GR">Το Omegafluence είναι η προεπιλεγμένη αμφίεση για τις εκδόσεις Kodi 14.0 και άνω. Είναι ένας συνδυασμός από πολλές δημοφιλής αμφιέσεις, και επιχειρεί να παρέχει τις καλύτερες ιδέες τους σε μία αμφίεση, το οποίο είναι εύκολο για τους αρχάριους χρήστες του Kodi να κατανοήσουν και να χρησιμοποιήσουν.</description>
		<description lang="en_AU">Omegafluence is the default skin for Kodi 9.11 and above. It is a combination of concepts from many popular skins, and attempts to embrace and integrate their good ideas into a skin that should be easy for first time Kodi users to understand and use.</description>
		<description lang="en_GB">Omegafluence is a combination of concepts from many popular skins, and attempts to embrace and integrate their good ideas into a skin that should be easy for first time Kodi users to understand and use.</description>
		<description lang="en_NZ">Omegafluence is a combination of concepts from many popular skins, and attempts to embrace and integrate their good ideas into a skin that should be easy for first time Kodi users to understand and use.</description>
		<description lang="en_US">Omegafluence is a combination of concepts from many popular skins, and attempts to embrace and integrate their good ideas into a skin that should be easy for first time Kodi users to understand and use.</description>
		<description lang="es_AR">Omegafluence es una combinación de conceptos de muchos skins populares, e intenta abarcar e integrar lo mejor de ellos en un skin que sea sencillo de entender y utilizar para los nuevos usuarios de Kodi.</description>
		<description lang="es_ES">Omegafluence es la skin por defecto de Kodi 9.11 y posteriores. Es una combinación de conceptos de muchas skins populares, e intenta abarcar e integrar lo mejor de ellas en una skin que sea sencilla de entender y utilizar para los nuevos usuarios de Kodi.</description>
		<description lang="es_MX">Omegafluence es el skin por defecto para Kodi 9.11 en adelante. Es una combinación de conceptos de varias skins populares, e intenta adoptar e integrar sus buenas ideas en un skin que debería ser fá de entender y usar para quienes usen Kodi por primera vez.</description>
		<description lang="et_EE">Omegafluence on Kodi vaikerüü alates versioonist 9.11. Omegafluence on paljude populaarsete rüüde kombinatsioon, üritades omavahel siduda nende parimaid lahendusi, et saavutada esmakasutajale selget ja kergelt kasutatavat tulemust.</description>
		<description lang="eu_ES">Omegafluence hainbat azal ospetsutatik hartutako kontzeptuen konbinaketa da. Horietatik ideia onak hartu eta integratzen saiatzen da, Kodi lehen aldiz erabiltzen dutenentzat ulertzeko eta erabiltzeko erraza izango den azal batean.</description>
		<description lang="fa_IR">Omegafluence ترکیبی از چند پوسته محبوب دیگر است و تلاش دارد بهترین ایده ها را با هم ترکیب کند، تا شروعی ساده و آسان را برای کاربران جدید Kodi امکان پذیر سازد.</description>
		<description lang="fi_FI">Omegafluence on yhdistelmä useiden suosittujen ulkoasujen konsepteista, ja yritys omaksua ja integroida heidän hyvät ideat ulkoasuun, jonka pitäisi olla helppokäyttöinen ja -tajuinen kaikille Kodin käyttäjille.</description>
		<description lang="fo_FO">Omegafluence er vanliga útsjóndin, sum er brúkt í Kodi síðan útg. 9.11. Hetta er ein samansjóðan av fleiri hugtøkum. Ætlanin er at útsjóndin skal lætta um móttøku og nýtslu av Kodi fyri nýggjar brúkarar.</description>
		<description lang="fr_CA">Omegafluence est une combinaison de concepts provenant de plusieurs habillages populaires. Il tente d’inclure et d’intégrer leurs bonnes idées en un habillage qui devrait être facile à comprendre et à utiliser pour les utilisateurs débutants de Kodi.</description>
		<description lang="fr_FR">Omegafluence s&apos;inspire des concepts de nombreux habillages populaires, et constitue une tentative d&apos;inclusion et d&apos;intégration des meilleures idées afin de créer un habillage d&apos;interface qui soit facile à comprendre et à utiliser pour les personnes découvrant Kodi.</description>
		<description lang="gl_ES">Omegafluence é a pel predeterminada para Kodi 9.11 e posteriores. É unha combinación de conceptos de algunhas peles populares, e tenta abranguer e integrar as súas mellores ideas nunha pel que sexa fácil de entender e utilizar para as usuarias que utilizan por primeira vez Kodi.</description>
		<description lang="he_IL">המעטפת Omegafluence היא מעטפת ברירת המחדל של Kodi. המעטפת הינה תוצר של אימוץ מאפיינים ממעטפות פופולריות רבות תוך רצון לשלב מאפיינים אלה למעטפת פשוטה לשימוש ולהכרה ראשונית ע\\&quot;י משתמשי Kodi חדשים.</description>
		<description lang="hr_HR">Omegafluence je zadana presvlaka za Kodi 14.0 i noviji. To je kombinacija koncepta iz mnogih drugih popularnih presvlaka, pokušaj da se objedine njihove dobre osobine u presvlaku i da budu lagane za upotrebu i razumljive novim Kodi korisnicima.</description>
		<description lang="hu_HU">A Omegafluence az alapértelmezett felszín a Kodihoz a 9.11-es verziótól kezdődően. Merít sok sok népszerű felszín elképzeléséből, megpróbálva vegyíteni a jó ötleteket úgy, hogy az könnyen kezelhető legyen a Kodival először találkozóknak is.</description>
		<description lang="id_ID">Omegafluence merupakan skin bawaan untuk Kodi 9.11 dan selanjutnya. Merupakan kombinasi konsep dari beberapa skin populer, dan berusaha untuk merangkul dan menyatukan ide bagus mereka ke sebuah skin yang mudah dipakai dan dipahami oleh pengguna Kodi pertama kali.</description>
		<description lang="is_IS">Omegafluence er samsetning hugmynda frá mörgum vinsælum skinnum og er tilraun til að fanga og innlima þær góðu hugmyndir í útlit sem sé einfalt fyrir nýja Kodi-notendur að skilja og nota.</description>
		<description lang="it_IT">Omegafluence è una combinazione di concetti di molte skin popolari e tenta di abbracciare e integrare le loro buone idee in una skin che dovrebbe essere facile da comprendere e utilizzare per gli utenti di Kodi per la prima volta.</description>
		<description lang="ja_JP">Omegafluenceは、さまざまな人気のあるスキンのコンセプトを組み合わせ、ユーザが初めて Kodi に触れる際、使い勝手が良いようにアイデアを盛り込み、簡単で分かり易くユーザーが使用できるようにしてあります。</description>
		<description lang="ko_KR">Omegafluence 는 Kodi 14.0 이상을 위한 기본 스킨입니다. 많은 인기 스킨의 컨셉과 좋은 아이디어를 모아서 하나의 스킨으로 만들었으며 초보자도 사용하기 쉽습니다.</description>
		<description lang="lt_LT">Omegafluence yra numatytoji teminė išvaizda pradedant Kodi 9.11 versija. Tai daugelio populiarių teminų išvaizdų derinys. Bandymas priimti ir integruoti vartotojų idėjas į teminę išvaizdą katra turėtų būti lengvai suprantama pirmą kartą naudojantiems Kodi</description>
		<description lang="lv_LV">Omegafluence ir apvienota daudzu populāru apvalku koncepcija un centieni pieņemt un integrēt labākās idejas, lai jaunajiem Kodi ietotājiem to būtu viegli izprast un lietot.</description>
		<description lang="mk_MK">Omegafluence е основниот изглед на Kodi 14.0 и нагоре. Тој е комбинација на концепти од повеќе популарни изгледи, и настојува да ги обедини и истакне нивните добри идеи во еден изглед разбирлив за почетници.</description>
		<description lang="ms_MY">Penyatuan ialah kulit lalai untuk Kodi 9.11 dan ke atas. Ia merupakan gabungan konsep dari pelbagai kulit terkenal, dan berusaha untuk merangkumkan dan menyepadukan idea baik kulit-kulit tersebut menjadi satu kulit yang mudah difahami dan digunakan oleh pengguna baru Kodi .</description>
		<description lang="mt_MT">Omegafluence hija d-dehra normali ta&apos; Kodi 14.0 il-fuq. Hija taħlita ta&apos; kunċetti minn ħafna dehriet popolari, u tipporva tgħaqqad u tintegra l-aqwa ideat tagħhom f&apos;dehra li għandha tkun faċli biex jifmuha u jużawha dawk l-utenti li qed jużaw Kodi għall-ewwel darba.</description>
		<description lang="nb_NO">Omegafluence er forvalgt drakt for Kodi 9.11 og oppover. Det er en kombinasjon av konseptene fra mange populære drakter, og prøver å omfavne og integrere de gode idéene i en drakt som bør være lett å forstå og benytte seg av for nye Kodi-brukere.</description>
		<description lang="nl_NL">Omegafluence is de standaard skin voor Kodi 15.0 en hoger. Het combineert de concepten van andere populaire skins, waarbij het tracht hun goede ideeën te integreren in een skin die gemakkelijk in gebruik is.</description>
		<description lang="pl_PL">Omegafluence to połączenie koncepcji wielu popularnych skór oraz próba objęcia i zintegrowania ich dobrych pomysłów ze skórą, która powinna być łatwa do opanowania i używania przez użytkowników Kodi po raz pierwszy.</description>
		<description lang="pt_BR">Omegafluence é a skin padrão do Kodi 9.11 e acima. É uma combinação de conceitos das mais populares skins, visando abraçar e integrar as boas ideias em uma skin que seja fácil de entender e usar, destinada aos usuários iniciantes do Kodi.</description>
		<description lang="pt_PT">O tema Omegafluence é o tema padrão do Kodi 14.0 e superior. É uma combinação de conceitos a partir de muitos temas populares e tenta integrar as boas ideias dos mesmos, num tema que deverá ser fácil de entender e utilizar pelos novos utilizadores do Kodi.</description>
		<description lang="ro_RO">Omegafluence este costumul implicit pentru Kodi 9.11 și versiunile ulterioare. Este o combinație de concepte împrumutate de la mai multe costume populare, care încearcă să îmbrățișeze și să integreze ideile lor bune într-un costum care să fie ușor de înțeles și folosit de către utilizatorii Kodi începători.</description>
		<description lang="ru_RU">Omegafluence — это стандартная обложка Kodi, начиная с версии 9.11. Она представляет собой сочетание концепций, взятых из многих популярных обложек, в попытке интегрировать их удачные идеи в обложке, которая была бы простой для использования и понимания новыми пользователями Kodi.</description>
		<description lang="sk_SK">Omegafluence je predvolený pre Kodi 9.11 a vyššie. Je kombináciou konceptov z mnoho populárnych skinov a pokusom integrovať ich dobré nápady do skinu, ktorý by bol ľahko zrozumiteľný a použiteľný pre nových používateľov Kodi.</description>
		<description lang="sl_SI">Omegafluence je privzeta preobleka za Kodi 14.0 in novejše. Je kombinacija konceptov mnogih priljubljenih preoblek in poskuša zaobjeti in integrirati njihove dobre ideje v preobleko, ki bi bila preprosta za uporabo in razumevanje tudi novim uporabnikom.</description>
		<description lang="sq_AL">Omegafluence është maska kryesore për Kodi 9.11 dhe verzionet më të lartë. Është nje kombinim nga shumë maska e popullarizuar dhe përpjeket për të përqafuar dhe integruar idetë më të mira në një maskë që të jetë sa më lehtë në përdorim dhe kuptim për përdoruasit duke e përdorur Kodi për herë të parë.</description>
		<description lang="sr_RS">Omegafluence је мешавина концепата из многих других популарних маски, и покушај да се обједине њихове добре идеје у маску која би трeбала да буде лака за разумевање и употребу новим корисницима Kodi-а.</description>
		<description lang="sr_RS@latin">[CR]Omegafluence je mešavina koncepata iz mnogih drugih popularnih maski, i [CR]pokušaja da se objedine njihove dobre ideje u masku koja bi trebala da bude [CR]laka za razumevanje i upotrebu novim korisnicima Kodi-a.[CR][CR]Omegafluence je mešavina koncepata iz mnogih drugih popularnih maski, i [CR]pokušaja da se objedine njihove dobre ideje u masku koja bi trebala da bude [CR]laka za razumevanje i upotrebu novim korisnicima Kodi-a.[CR][CR]Omegafluence je mešavina koncepata iz mnogih drugih popularnih maski, i [CR]pokušaja da se objedine njihove dobre ideje u masku koja bi trebala da bude [CR]laka za razumevanje i upotrebu novim korisnicima Kodi-a.[CR][CR]Omegafluence je mešavina koncepata iz mnogih drugih popularnih maski, i [CR]pokušaja da se objedine njihove dobre ideje u masku koja bi trebala da bude [CR]laka za razumevanje i upotrebu novim korisnicima Kodi-a.Omegafluence je mešavina koncepata iz mnogih drugih popularnih maski, i pokušaja da se objedine njihove dobre ideje u masku koja bi trebala da bude laka za razumevanje i upotrebu novim korisnicima Kodi-a.</description>
		<description lang="sv_SE">Omegafluence kombinerar koncept från många populära skal och försöker återanvända och integrera goda idéer för att skapa ett skal som är enkelt att förstå och använda för nya Kodi-användare.</description>
		<description lang="szl">Omegafluence to je wychodnŏ skōra dlŏ Kodi 14.0 i nowszych. To je miszōng kōnceptōw ze mocki popularnych skōr i prōbuje te nŏjlepsze wkludzić do skōry, kerŏ winnŏ być prostŏ we użyciu i spokopiyniu dlŏ nowych używŏczōw Kodi.</description>
		<description lang="tg_TJ">Пӯсти ҳамҷараёнӣ ҳамчун пӯсти пешфарз барои Kodi 9.11 ё версияи навтар истифода мешавад. Ин пӯст аз унсурҳои пӯстҳои машҳури дигар сохта шудааст ва ва ҳамаи фикрҳои беҳтарин дар як пӯст ҷамъ мекунад, то ки корбарони навомад тавонанд Kodi-ро ба осонӣ фаҳманд ва истифода баранд.</description>
		<description lang="th_TH">Omegafluenceเป็นสกินเริ่มต้นสำหรับ Kodi 9.11 หรือสูงกว่า มันเป็นส่วนผสมของแนวคิดจากสกินที่ได้รับความนิยมและพยายามที่จะยอมรับและบูรณาการส่วนที่ดีของมันเข้าไปในสกิน ซึ่งน่าจะง่ายสำหรับผู้ใช้ Kodiใหม่ ที่จะเข้าใจและใช้งานได้ดี</description>
		<description lang="tr_TR">Omegafluence Kodi 14.0 ve yukarısı için varsayılan dış görünümdür. Birçok popüler dış görünümün kavramlarını bir araya getirip ilk kez Kodi kullananlar için anlaşılması ve kullanımı kolaydır.</description>
		<description lang="uk_UA">Omegafluence — це стандартна обкладинка Kodi, починаючи з версії 9.11. Концепції багатьох популярних обкладинок поєднано у спробі використати та інтегрувати їхні вдалі ідеї в обкладинці, що стала б зрозумілою та простою в застосуванні для нових користувачів Kodi.</description>
		<description lang="vi_VN">Omegafluence là giao diện mặc định cho Kodi 9.11 and các phiên bản trở về trước. Đây là sự kết hợp các khái niệm đến từ các giao diện khác nhau nhằm hướng người dùng đến sự đơn giản và dễ sử dụng.</description>
		<description lang="zh_CN">Omegafluence 集合了许多流行皮肤的创意，力求把这些优点融合到一个皮肤中，使得首次[CR]使用 Kodi 的用户能更容易上手。</description>
		<description lang="zh_TW">Omegafluence 是從 Kodi 9.11 開始預設的面板。它結合了許多受歡迎面板的概念，且試圖包含並整合它們的優點，使第一次使用 Kodi 的使用者可以簡單地上手。</description>
	</extension>
</addon>
