<?xml version="1.0" encoding="UTF-8"?>
<overrides>

    <!--ICON OVERRIDES-->
    <!--<useDefaultThumbAsIcon>True</useDefaultThumbAsIcon>-->
    <icon labelID="videos">special://skin/backgrounds/Videos.jpg</icon>
    <icon labelID="movies">special://skin/backgrounds/Movies.jpg</icon>
    <icon labelID="19017">special://skin/backgrounds/Movies.jpg</icon>
    <icon labelID="pictures">special://skin/backgrounds/Pictures.jpg</icon>
    <icon labelID="tvshows">special://skin/backgrounds/TVShows.jpg</icon>
    <icon labelID="livetv">special://skin/backgrounds/Tv.jpg</icon>
    <icon labelID="radio">special://skin/backgrounds/Radio.jpg</icon>
    <icon labelID="music">special://skin/backgrounds/Music.jpg</icon>
    <icon labelID="music--0">special://skin/backgrounds/Music.jpg</icon>
    <icon labelID="musicvideos">special://skin/backgrounds/Clips.jpg</icon>
    <icon labelID="31972">special://skin/backgrounds/Clips.jpg</icon>
    <icon labelID="31971">special://skin/backgrounds/Concerts.jpg</icon>
    <!--<icon labelID="weather">special://skin/backgrounds/Weather.jpg</icon>-->
    <icon labelID="weather">$VAR[WeatherFanartPath]$INFO[Weather.fanartcode].jpg</icon>
    <icon labelID="programs">special://skin/backgrounds/Addons.jpg</icon>
    <icon labelID="dvd">special://skin/backgrounds/Dvds.jpg</icon>
    <icon labelID="settings">special://skin/backgrounds/Settings.jpg</icon>
    <icon labelID="1036">special://skin/backgrounds/Favourites.jpg</icon>
    <icon labelID="1036--0">special://skin/backgrounds/Favourites2.jpg</icon>
    <icon labelID="13009">special://skin/backgrounds/Quit.jpg</icon>
    <icon labelID="24001">special://skin/backgrounds/Addons.jpg</icon>
    <icon labelID="script.globalsearch">special://skin/backgrounds/Search.jpg</icon>
    <icon image="DefaultShortcut.png">special://skin/backgrounds/default/default.jpg</icon>


    <!--BACKGROUNDS OVERRIDES-->
    <background label="31071">defaultFanart</background>
    <background label="31072">pictureFanart</background>
    <background label="31073">clipFanart</background>
    <background label="31074">concertFanart</background>
    <background label="31054">movieFanart</background>
    <background label="31055">tvshowFanart</background>
    <background label="31056">videoFanart</background>
    <background label="31057">musicFanart</background>
    <background label="31058">weatherFanart</background>
    <backgroundBrowse>True</backgroundBrowse>
    <backgrounddefault labelID="videos">Videos.Art</backgrounddefault>
    <backgrounddefault labelID="movies">Movies.Art</backgrounddefault>
    <backgrounddefault labelID="19017">Movies.Art</backgrounddefault>
    <backgrounddefault labelID="pictures">Pictures.Art</backgrounddefault>
    <backgrounddefault labelID="tvshows">TVShows.Art</backgrounddefault>
    <backgrounddefault labelID="livetv">Tv.Art</backgrounddefault>
    <backgrounddefault labelID="radio">Radio.Art</backgrounddefault>
    <backgrounddefault labelID="music">Music.Art</backgrounddefault>
    <backgrounddefault labelID="music--0">Music.Art</backgrounddefault>
    <backgrounddefault labelID="musicvideos">Clips.Art</backgrounddefault>
    <backgrounddefault labelID="31971">Concerts.Art</backgrounddefault>
    <backgrounddefault labelID="31972">Clips.Art</backgrounddefault>
    <backgrounddefault labelID="weather">Weather.Art</backgrounddefault>
    <backgrounddefault labelID="programs">Addons.Art</backgrounddefault>
    <backgrounddefault labelID="dvd">DVD.Art</backgrounddefault>
    <backgrounddefault labelID="settings">Settings.Art</backgrounddefault>
    <backgrounddefault labelID="1036">Favourites.Art</backgrounddefault>
    <backgrounddefault labelID="13009">Quit.Art</backgrounddefault>
    <backgrounddefault labelID="24001">Addons.Art</backgrounddefault>
    <backgrounddefault labelID="script.globalsearch">Search.Art</backgrounddefault>

    <widgetRename>True</widgetRename>

    <propertyfallback property="widgetAspect">Icon - 1:1</propertyfallback>
    <propertyfallback property="widgetAspect.1">Icon - 1:1</propertyfallback>
    <propertyfallback property="widgetAspect.2">Icon - 1:1</propertyfallback>
    <propertyfallback property="widgetAspect.3">Icon - 1:1</propertyfallback>
    <propertyfallback property="widgetAspect.4">Icon - 1:1</propertyfallback>

    <!-- Widget Icon Aspect Ratio -->
    <propertySettings property="widgetAspect" title="$LOCALIZE[31115]" showNone="False" />
    <property property="widgetAspect">$LOCALIZE[31117]</property>
    <property property="widgetAspect">$LOCALIZE[31118]</property>
    <property property="widgetAspect">$LOCALIZE[31119]</property>
    <property property="widgetAspect">$LOCALIZE[31120]</property>

    <propertySettings property="widgetAspect.1" title="$LOCALIZE[31115]" showNone="False" />
    <property property="widgetAspect.1">$LOCALIZE[31117]</property>
    <property property="widgetAspect.1">$LOCALIZE[31118]</property>
    <property property="widgetAspect.1">$LOCALIZE[31119]</property>
    <property property="widgetAspect.1">$LOCALIZE[31120]</property>

    <propertySettings property="widgetAspect.2" title="$LOCALIZE[31115]" showNone="False" />
    <property property="widgetAspect.2">$LOCALIZE[31117]</property>
    <property property="widgetAspect.2">$LOCALIZE[31118]</property>
    <property property="widgetAspect.2">$LOCALIZE[31119]</property>
    <property property="widgetAspect.2">$LOCALIZE[31120]</property>

    <propertySettings property="widgetAspect.3" title="$LOCALIZE[31115]" showNone="False" />
    <property property="widgetAspect.3">$LOCALIZE[31117]</property>
    <property property="widgetAspect.3">$LOCALIZE[31118]</property>
    <property property="widgetAspect.3">$LOCALIZE[31119]</property>
    <property property="widgetAspect.3">$LOCALIZE[31120]</property>

    <propertySettings property="widgetAspect.4" title="$LOCALIZE[31115]" showNone="False" />
    <property property="widgetAspect.4">$LOCALIZE[31117]</property>
    <property property="widgetAspect.4">$LOCALIZE[31118]</property>
    <property property="widgetAspect.4">$LOCALIZE[31119]</property>
    <property property="widgetAspect.4">$LOCALIZE[31120]</property>

    <!-- Widget Sort By -->
    <propertySettings property="widgetSortBy" title="$LOCALIZE[580]" showNone="True" />
    <property property="widgetSortBy" label="$LOCALIZE[568]">lastplayed</property>
    <property property="widgetSortBy" label="$LOCALIZE[12012]">lastused</property>
    <property property="widgetSortBy" label="$LOCALIZE[551]">sorttitle</property>
    <property property="widgetSortBy" label="$LOCALIZE[563]">rating</property>
    <property property="widgetSortBy" label="$LOCALIZE[562]">year</property>

    <propertySettings property="widgetSortBy.1" title="$LOCALIZE[580]" showNone="True" />
    <property property="widgetSortBy.1" label="$LOCALIZE[568]">lastplayed</property>
    <property property="widgetSortBy.1" label="$LOCALIZE[12012]">lastused</property>
    <property property="widgetSortBy.1" label="$LOCALIZE[551]">sorttitle</property>
    <property property="widgetSortBy.1" label="$LOCALIZE[563]">rating</property>
    <property property="widgetSortBy.1" label="$LOCALIZE[562]">year</property>

    <propertySettings property="widgetSortBy.1" title="$LOCALIZE[580]" showNone="True" />
    <property property="widgetSortBy.2" label="$LOCALIZE[568]">lastplayed</property>
    <property property="widgetSortBy.2" label="$LOCALIZE[12012]">lastused</property>
    <property property="widgetSortBy.2" label="$LOCALIZE[551]">sorttitle</property>
    <property property="widgetSortBy.2" label="$LOCALIZE[563]">rating</property>
    <property property="widgetSortBy.2" label="$LOCALIZE[562]">year</property>

    <propertySettings property="widgetSortBy.3" title="$LOCALIZE[580]" showNone="True" />
    <property property="widgetSortBy.3" label="$LOCALIZE[568]">lastplayed</property>
    <property property="widgetSortBy.3" label="$LOCALIZE[12012]">lastused</property>
    <property property="widgetSortBy.3" label="$LOCALIZE[551]">sorttitle</property>
    <property property="widgetSortBy.3" label="$LOCALIZE[563]">rating</property>
    <property property="widgetSortBy.3" label="$LOCALIZE[562]">year</property>

    <propertySettings property="widgetSortBy.4" title="$LOCALIZE[580]" showNone="True" />
    <property property="widgetSortBy.4" label="$LOCALIZE[568]">lastplayed</property>
    <property property="widgetSortBy.4" label="$LOCALIZE[12012]">lastused</property>
    <property property="widgetSortBy.4" label="$LOCALIZE[551]">sorttitle</property>
    <property property="widgetSortBy.4" label="$LOCALIZE[563]">rating</property>
    <property property="widgetSortBy.4" label="$LOCALIZE[562]">year</property>

    <!-- Widget Sort Direction -->
    <propertySettings property="widgetSortDirection" title="$LOCALIZE[581]" showNone="True" />
    <property property="widgetSortDirection" label="$LOCALIZE[584]">ascending</property>
    <property property="widgetSortDirection" label="$LOCALIZE[585]">descending</property>

    <propertySettings property="widgetSortDirection.1" title="$LOCALIZE[581]" showNone="True" />
    <property property="widgetSortDirection.1" label="$LOCALIZE[584]">ascending</property>
    <property property="widgetSortDirection.1" label="$LOCALIZE[585]">descending</property>

    <propertySettings property="widgetSortDirection.2" title="$LOCALIZE[581]" showNone="True" />
    <property property="widgetSortDirection.2" label="$LOCALIZE[584]">ascending</property>
    <property property="widgetSortDirection.2" label="$LOCALIZE[585]">descending</property>

    <propertySettings property="widgetSortDirection.3" title="$LOCALIZE[581]" showNone="True" />
    <property property="widgetSortDirection.3" label="$LOCALIZE[584]">ascending</property>
    <property property="widgetSortDirection.3" label="$LOCALIZE[585]">descending</property>

    <propertySettings property="widgetSortDirection.4" title="$LOCALIZE[581]" showNone="True" />
    <property property="widgetSortDirection.4" label="$LOCALIZE[584]">ascending</property>
    <property property="widgetSortDirection.4" label="$LOCALIZE[585]">descending</property>

    <!-- default widgets -->
    <widgetdefaultnode labelID="movies" group="mainmenu" label="$LOCALIZE[31400]" type="movies" path="special://skin/widgetplaylists/recommendedmovies.xsp" target="video">recommendedmovies</widgetdefaultnode>
    <widgetdefaultnode labelID="tvshows" group="mainmenu" label="$LOCALIZE[31417]" type="episodes" path="special://skin/widgetplaylists/recommendedepisodes.xsp" target="video">recommendedepisodes</widgetdefaultnode>
    <widgetdefaultnode labelID="music" group="mainmenu" label="517" type="albums" path="musicdb://recentlyplayedalbums" target="music">recentlyplayedalbums</widgetdefaultnode>
    <widgetdefaultnode labelID="31971" group="mainmenu" label="31402" type="musicvideos" path="special://skin/widgetplaylists/recommendedmusicvideos.xsp" target="video">recommendedmusicvideos</widgetdefaultnode>
    <widgetdefaultnode labelID="31972" group="mainmenu" label="31403" type="musicvideos" path="special://skin/widgetplaylists/recommendedmusicvideos.xsp" target="video">recommendedmusicvideos</widgetdefaultnode>
    <widgetdefaultnode labelID="24001" group="mainmenu" label="1037" type="addon" path="addons://sources/video/" target="video">videoaddons</widgetdefaultnode>
    <widgetdefaultnode labelID="livetv" group="mainmenu" label="19017" type="tv" path="pvr://recordings/tv/active?view=flat" target="pvr">tvrecordings</widgetdefaultnode>
    <widgetdefaultnode labelID="radio" group="mainmenu" label="19017" type="radio" path="pvr://recordings/radio/active?view=flat" target="pvr">radiorecordings</widgetdefaultnode>

    <propertydefault labelID="movies" property="widgetAspect">31117</propertydefault>
    <propertydefault labelID="movies" property="widgetSortBy">lastplayed</propertydefault>
    <propertydefault labelID="movies" property="widgetSortDirection">descending</propertydefault>
    <propertydefault labelID="tvshows" property="widgetAspect">31119</propertydefault>
    <propertydefault labelID="tvshows" property="widgetSortBy">lastplayed</propertydefault>
    <propertydefault labelID="tvshows" property="widgetSortDirection">descending</propertydefault>
    <propertydefault labelID="music" property="widgetAspect">31118</propertydefault>
    <propertydefault labelID="music" property="widgetSortBy">lastplayed</propertydefault>
    <propertydefault labelID="music" property="widgetSortDirection">descending</propertydefault>
    <propertydefault labelID="31971" property="widgetAspect">31119</propertydefault>
    <propertydefault labelID="31971" property="widgetSortBy">lastplayed</propertydefault>
    <propertydefault labelID="31971" property="widgetSortDirection">descending</propertydefault>
    <propertydefault labelID="31972" property="widgetAspect">31118</propertydefault>
    <propertydefault labelID="31972" property="widgetSortBy">lastplayed</propertydefault>
    <propertydefault labelID="31972" property="widgetSortDirection">descending</propertydefault>
    <propertydefault labelID="24001" property="widgetAspect">31118</propertydefault>
    <propertydefault labelID="24001" property="widgetSortBy">lastused</propertydefault>
    <propertydefault labelID="24001" property="widgetSortDirection">descending</propertydefault>
    <propertydefault labelID="livetv" property="widgetAspect">31120</propertydefault>
    <propertydefault labelID="livetv" property="widgetSortBy">lastplayed</propertydefault>
    <propertydefault labelID="livetv" property="widgetSortDirection">descending</propertydefault>
    <propertydefault labelID="radio" property="widgetAspect">31120</propertydefault>
    <propertydefault labelID="radio" property="widgetSortBy">lastplayed</propertydefault>
    <propertydefault labelID="radio" property="widgetSortDirection">descending</propertydefault>

    <!-- secondary widgets -->
    <propertydefault labelID="movies" property="widget.1">recentmovies</propertydefault>
    <propertydefault labelID="movies" property="widgetTarget.1">video</propertydefault>
    <propertydefault labelID="movies" property="widgetType.1">movies</propertydefault>
    <propertydefault labelID="movies" property="widgetPath.1">special://skin/widgetplaylists/recentmovies.xsp</propertydefault>
    <propertydefault labelID="movies" property="widgetName.1">31404</propertydefault>
    <propertydefault labelID="movies" property="widgetAspect.1">31117</propertydefault>
    <propertydefault labelID="movies" property="widgetSortBy.1">lastplayed</propertydefault>
    <propertydefault labelID="movies" property="widgetSortDirection.1">descending</propertydefault>
    <propertydefault labelID="movies" property="widget.2">inprogressmovies</propertydefault>
    <propertydefault labelID="movies" property="widgetTarget.2">video</propertydefault>
    <propertydefault labelID="movies" property="widgetType.2">movies</propertydefault>
    <propertydefault labelID="movies" property="widgetPath.2">special://skin/widgetplaylists/inprogressmovies.xsp</propertydefault>
    <propertydefault labelID="movies" property="widgetName.2">31405</propertydefault>
    <propertydefault labelID="movies" property="widgetAspect.2">31117</propertydefault>
    <propertydefault labelID="movies" property="widgetSortBy.2">lastplayed</propertydefault>
    <propertydefault labelID="movies" property="widgetSortDirection.2">descending</propertydefault>
    <propertydefault labelID="movies" property="widget.3">randommovies</propertydefault>
    <propertydefault labelID="movies" property="widgetTarget.3">video</propertydefault>
    <propertydefault labelID="movies" property="widgetType.3">movies</propertydefault>
    <propertydefault labelID="movies" property="widgetPath.3">special://skin/widgetplaylists/randommovies.xsp</propertydefault>
    <propertydefault labelID="movies" property="widgetName.3">31406</propertydefault>
    <propertydefault labelID="movies" property="widgetAspect.3">31117</propertydefault>
    <propertydefault labelID="movies" property="widgetSortBy.3">lastplayed</propertydefault>
    <propertydefault labelID="movies" property="widgetSortDirection.3">descending</propertydefault>

    <propertydefault labelID="tvshows" property="widget.1">recentepisodes</propertydefault>
    <propertydefault labelID="tvshows" property="widgetTarget.1">video</propertydefault>
    <propertydefault labelID="tvshows" property="widgetType.1">episodes</propertydefault>
    <propertydefault labelID="tvshows" property="widgetPath.1">special://skin/widgetplaylists/recentepisodes.xsp</propertydefault>
    <propertydefault labelID="tvshows" property="widgetName.1">31407</propertydefault>
    <propertydefault labelID="tvshows" property="widgetAspect.1">31119</propertydefault>
    <propertydefault labelID="tvshows" property="widgetSortBy.1">lastplayed</propertydefault>
    <propertydefault labelID="tvshows" property="widgetSortDirection.1">descending</propertydefault>
    <propertydefault labelID="tvshows" property="widget.2">inprogressepisodes</propertydefault>
    <propertydefault labelID="tvshows" property="widgetTarget.2">video</propertydefault>
    <propertydefault labelID="tvshows" property="widgetType.2">episodes</propertydefault>
    <propertydefault labelID="tvshows" property="widgetPath.2">special://skin/widgetplaylists/inprogressepisodes.xsp</propertydefault>
    <propertydefault labelID="tvshows" property="widgetName.2">31408</propertydefault>
    <propertydefault labelID="tvshows" property="widgetAspect.2">31119</propertydefault>
    <propertydefault labelID="tvshows" property="widgetSortBy.2">lastplayed</propertydefault>
    <propertydefault labelID="tvshows" property="widgetSortDirection.2">descending</propertydefault>
    <propertydefault labelID="tvshows" property="widget.3">inprogresstvshows</propertydefault>
    <propertydefault labelID="tvshows" property="widgetTarget.3">video</propertydefault>
    <propertydefault labelID="tvshows" property="widgetType.3">tvshows</propertydefault>
    <propertydefault labelID="tvshows" property="widgetPath.3">special://skin/widgetplaylists/inprogresstvshows.xsp</propertydefault>
    <propertydefault labelID="tvshows" property="widgetName.3">626</propertydefault>
    <propertydefault labelID="tvshows" property="widgetAspect.3">31117</propertydefault>
    <propertydefault labelID="tvshows" property="widgetSortBy.3">lastplayed</propertydefault>
    <propertydefault labelID="tvshows" property="widgetSortDirection.3">descending</propertydefault>
    <propertydefault labelID="tvshows" property="widget.4">randommepisodes</propertydefault>
    <propertydefault labelID="tvshows" property="widgetTarget.4">video</propertydefault>
    <propertydefault labelID="tvshows" property="widgetType.4">episodes</propertydefault>
    <propertydefault labelID="tvshows" property="widgetPath.4">special://skin/widgetplaylists/randomepisodes.xsp</propertydefault>
    <propertydefault labelID="tvshows" property="widgetName.4">31409</propertydefault>
    <propertydefault labelID="tvshows" property="widgetAspect.4">31119</propertydefault>
    <propertydefault labelID="tvshows" property="widgetSortBy.4">lastplayed</propertydefault>
    <propertydefault labelID="tvshows" property="widgetSortDirection.4">descending</propertydefault>

    <propertydefault labelID="music" property="widget.1">recentlyaddedalbums</propertydefault>
    <propertydefault labelID="music" property="widgetTarget.1">music</propertydefault>
    <propertydefault labelID="music" property="widgetType.1">albums</propertydefault>
    <propertydefault labelID="music" property="widgetPath.1">musicdb://recentlyaddedalbums/</propertydefault>
    <propertydefault labelID="music" property="widgetName.1">359</propertydefault>
    <propertydefault labelID="music" property="widgetAspect.1">31118</propertydefault>
    <propertydefault labelID="music" property="widgetSortBy.1">lastplayed</propertydefault>
    <propertydefault labelID="music" property="widgetSortDirection.1">descending</propertydefault>
    <propertydefault labelID="music" property="widget.2">randomalbums</propertydefault>
    <propertydefault labelID="music" property="widgetTarget.2">music</propertydefault>
    <propertydefault labelID="music" property="widgetType.2">albums</propertydefault>
    <propertydefault labelID="music" property="widgetPath.2">special://skin/widgetplaylists/randomalbums.xsp</propertydefault>
    <propertydefault labelID="music" property="widgetName.2">31410</propertydefault>
    <propertydefault labelID="music" property="widgetAspect.2">31118</propertydefault>
    <propertydefault labelID="music" property="widgetSortBy.2">lastplayed</propertydefault>
    <propertydefault labelID="music" property="widgetSortDirection.2">descending</propertydefault>
    <propertydefault labelID="music" property="widget.3">mostplayedalbums</propertydefault>
    <propertydefault labelID="music" property="widgetTarget.3">music</propertydefault>
    <propertydefault labelID="music" property="widgetType.3">albums</propertydefault>
    <propertydefault labelID="music" property="widgetPath.3">special://skin/widgetplaylists/mostplayedalbums.xsp</propertydefault>
    <propertydefault labelID="music" property="widgetName.3">31418</propertydefault>
    <propertydefault labelID="music" property="widgetAspect.3">31118</propertydefault>
    <propertydefault labelID="music" property="widgetSortBy.3">lastplayed</propertydefault>
    <propertydefault labelID="music" property="widgetSortDirection.3">descending</propertydefault>

    <propertydefault labelID="31971" property="widget.1">recentmusicvideos</propertydefault>
    <propertydefault labelID="31971" property="widgetTarget.1">video</propertydefault>
    <propertydefault labelID="31971" property="widgetType.1">musicvideos</propertydefault>
    <propertydefault labelID="31971" property="widgetPath.1">special://skin/widgetplaylists/recentmusicvideos.xsp</propertydefault>
    <propertydefault labelID="31971" property="widgetName.1">31411</propertydefault>
    <propertydefault labelID="31971" property="widgetAspect.1">31119</propertydefault>
    <propertydefault labelID="31971" property="widgetSortBy.1">lastplayed</propertydefault>
    <propertydefault labelID="31971" property="widgetSortDirection.1">descending</propertydefault>
    <propertydefault labelID="31971" property="widget.2">inprogressmovies</propertydefault>
    <propertydefault labelID="31971" property="widgetTarget.2">video</propertydefault>
    <propertydefault labelID="31971" property="widgetType.2">musicvideos</propertydefault>
    <propertydefault labelID="31971" property="widgetPath.2">special://skin/widgetplaylists/inprogressmusicvideos.xsp</propertydefault>
    <propertydefault labelID="31971" property="widgetName.2">31412</propertydefault>
    <propertydefault labelID="31971" property="widgetAspect.2">31119</propertydefault>
    <propertydefault labelID="31971" property="widgetSortBy.2">lastplayed</propertydefault>
    <propertydefault labelID="31971" property="widgetSortDirection.2">descending</propertydefault>
    <propertydefault labelID="31971" property="widget.3">randommusicvideos</propertydefault>
    <propertydefault labelID="31971" property="widgetTarget.3">video</propertydefault>
    <propertydefault labelID="31971" property="widgetType.3">musicvideos</propertydefault>
    <propertydefault labelID="31971" property="widgetPath.3">special://skin/widgetplaylists/randommusicvideos.xsp</propertydefault>
    <propertydefault labelID="31971" property="widgetName.3">31413</propertydefault>
    <propertydefault labelID="31971" property="widgetAspect.3">31119</propertydefault>
    <propertydefault labelID="31971" property="widgetSortBy.3">lastplayed</propertydefault>
    <propertydefault labelID="31971" property="widgetSortDirection.3">descending</propertydefault>

    <propertydefault labelID="31972" property="widget.1">recentmusicvideos</propertydefault>
    <propertydefault labelID="31972" property="widgetTarget.1">video</propertydefault>
    <propertydefault labelID="31972" property="widgetType.1">musicvideos</propertydefault>
    <propertydefault labelID="31972" property="widgetPath.1">special://skin/widgetplaylists/recentmusicvideos.xsp</propertydefault>
    <propertydefault labelID="31972" property="widgetName.1">31414</propertydefault>
    <propertydefault labelID="31972" property="widgetAspect.1">31119</propertydefault>
    <propertydefault labelID="31972" property="widgetSortBy.1">lastplayed</propertydefault>
    <propertydefault labelID="31972" property="widgetSortDirection.1">descending</propertydefault>
    <propertydefault labelID="31972" property="widget.2">inprogressmovies</propertydefault>
    <propertydefault labelID="31972" property="widgetTarget.2">video</propertydefault>
    <propertydefault labelID="31972" property="widgetType.2">musicvideos</propertydefault>
    <propertydefault labelID="31972" property="widgetPath.2">special://skin/widgetplaylists/inprogressmusicvideos.xsp</propertydefault>
    <propertydefault labelID="31972" property="widgetName.2">31415</propertydefault>
    <propertydefault labelID="31972" property="widgetAspect.2">31119</propertydefault>
    <propertydefault labelID="31972" property="widgetSortBy.2">lastplayed</propertydefault>
    <propertydefault labelID="31972" property="widgetSortDirection.2">descending</propertydefault>
    <propertydefault labelID="31972" property="widget.3">randommusicvideos</propertydefault>
    <propertydefault labelID="31972" property="widgetTarget.3">video</propertydefault>
    <propertydefault labelID="31972" property="widgetType.3">musicvideos</propertydefault>
    <propertydefault labelID="31972" property="widgetPath.3">special://skin/widgetplaylists/randommusicvideos.xsp</propertydefault>
    <propertydefault labelID="31972" property="widgetName.3">31416</propertydefault>
    <propertydefault labelID="31972" property="widgetAspect.3">31119</propertydefault>
    <propertydefault labelID="31972" property="widgetSortBy.3">lastplayed</propertydefault>
    <propertydefault labelID="31972" property="widgetSortDirection.3">descending</propertydefault>

    <propertydefault labelID="24001" property="widget.1">audioaddons</propertydefault>
    <propertydefault labelID="24001" property="widgetTarget.1">music</propertydefault>
    <propertydefault labelID="24001" property="widgetType.1">addon</propertydefault>
    <propertydefault labelID="24001" property="widgetPath.1">addons://sources/audio/</propertydefault>
    <propertydefault labelID="24001" property="widgetName.1">1038</propertydefault>
    <propertydefault labelID="24001" property="widgetAspect.1">31118</propertydefault>
    <propertydefault labelID="24001" property="widgetSortBy.1">lastused</propertydefault>
    <propertydefault labelID="24001" property="widgetSortDirection.1">descending</propertydefault>
    <propertydefault labelID="24001" property="widget.2">programaddons</propertydefault>
    <propertydefault labelID="24001" property="widgetTarget.2">programs</propertydefault>
    <propertydefault labelID="24001" property="widgetType.2">addon</propertydefault>
    <propertydefault labelID="24001" property="widgetPath.2">addons://sources/executable/</propertydefault>
    <propertydefault labelID="24001" property="widgetName.2">1043</propertydefault>
    <propertydefault labelID="24001" property="widgetAspect.2">31118</propertydefault>
    <propertydefault labelID="24001" property="widgetSortBy.2">lastused</propertydefault>
    <propertydefault labelID="24001" property="widgetSortDirection.2">descending</propertydefault>
    <propertydefault labelID="24001" property="widget.3">pictureaddons</propertydefault>
    <propertydefault labelID="24001" property="widgetTarget.3">pictures</propertydefault>
    <propertydefault labelID="24001" property="widgetType.3">addon</propertydefault>
    <propertydefault labelID="24001" property="widgetPath.3">addons://sources/image/</propertydefault>
    <propertydefault labelID="24001" property="widgetName.3">1039</propertydefault>
    <propertydefault labelID="24001" property="widgetAspect.3">31118</propertydefault>
    <propertydefault labelID="24001" property="widgetSortBy.3">lastused</propertydefault>
    <propertydefault labelID="24001" property="widgetSortDirection.3">descending</propertydefault>

    <propertydefault labelID="livetv" property="widget.1">tvchannels</propertydefault>
    <propertydefault labelID="livetv" property="widgetTarget.1">pvr</propertydefault>
    <propertydefault labelID="livetv" property="widgetType.1">tv</propertydefault>
    <propertydefault labelID="livetv" property="widgetPath.1">pvr://channels/tv/*?view=lastplayed</propertydefault>
    <propertydefault labelID="livetv" property="widgetName.1">19023</propertydefault>
    <propertydefault labelID="livetv" property="widgetAspect.1">31120</propertydefault>
    <propertydefault labelID="livetv" property="widgetSortBy.1">lastplayed</propertydefault>
    <propertydefault labelID="livetv" property="widgetSortDirection.1">descending</propertydefault>

    <propertydefault labelID="radio" property="widget.1">radiochannels</propertydefault>
    <propertydefault labelID="radio" property="widgetTarget.1">pvr</propertydefault>
    <propertydefault labelID="radio" property="widgetType.1">radio</propertydefault>
    <propertydefault labelID="radio" property="widgetPath.1">pvr://channels/radio/*?view=lastplayed</propertydefault>
    <propertydefault labelID="radio" property="widgetName.1">19024</propertydefault>
    <propertydefault labelID="radio" property="widgetAspect.1">31120</propertydefault>
    <propertydefault labelID="radio" property="widgetSortBy.1">lastplayed</propertydefault>
    <propertydefault labelID="radio" property="widgetSortDirection.1">descending</propertydefault>


    <!--DO NOT SHARE MENUS WITH OTHER SKINS-->
    <doNotShareMenu />
</overrides>