<?xml version="1.0" encoding="utf-8"?>
<window>
    <defaultcontrol always="true">50</defaultcontrol>
    <menucontrol>9000</menucontrol>
    <views>50,52,55,58,5050,53,54,51</views>
    <controls>
        <include>Fanart_Art</include>
        <include>Player_Show</include>
        <include>OverlayFull</include>
        <control type="group" id="505052">
            <include>FacadeFocusAnimation</include>
            <include>Header</include>
            <include>FacadeOverlay</include>
            <control type="group">
                <include>LeftMenuHasFocusAnimation</include>
                <include>OpenClose</include>
                <control type="group">
                    <include>View_50_BigList</include>
                    <include>View_51_Fullscreen</include>
                    <include>Info_51_Fullscreen</include>
                    <include>View_52_FixedList</include>
                    <include>Info_52_FixedList</include>
                    <include>View_55_SlimList</include>
                    <include>View_57_58_59_Showcase</include>
                    <include>View_54_Fanart</include>
                    <include>View_53_Grid</include>
                    <include>Info_53_Grid</include>
                    <include>View_5050_CardList</include>
                </control>
            </control>
        </control>
        <!-- SIDE MENU -->
        <control type="group">
            <visible>!Skin.HasSetting(EnableKioskMode)</visible>
            <include>LeftMenu</include>
            <include>Icon_Fade</include>
            <control type="grouplist" id="9000">
                <include>LeftMenuButtonGroup</include>
                <onleft>50</onleft>
                <ondown>9000</ondown>
                <onback>50</onback>
                <control type="label" id="7965">
                    <description>Sort by button</description>
                    <include>LeftMenuTitleLabel</include>
                    <label>$LOCALIZE[582]</label>
                </control>
                <control type="button" id="2">
                    <visible>Control.IsEnabled(2)</visible>
                    <description>View As button</description>
                    <include>LeftMenuButton</include>
                    <label>-</label>
                </control>
                <control type="button" id="3">
                    <visible>Control.IsEnabled(3)</visible>
                    <include>LeftMenuButton</include>
                    <label>$LOCALIZE[103]</label>
                </control>
                <control type="togglebutton" id="4">
                    <visible>Control.IsEnabled(4)</visible>
                    <description>Sort asc</description>
                    <include>LeftMenuButton</include>
                    <label>$LOCALIZE[31051]</label>
                    <altlabel>$LOCALIZE[31050]</altlabel>
                    <usealttexture>Container.SortDirection(Ascending)</usealttexture>
                </control>
                <control type="label" id="9183">
                    <include>LeftMenuTitleLabel</include>
                    <include>LeftMenuButton</include>
                    <label>$LOCALIZE[31509]</label>
                </control>
                <control type="radiobutton" id="7">
                    <visible>Control.IsEnabled(7)</visible>
                    <description>Hide foreign</description>
                    <include>LeftMenuButton</include>
                    <label>$LOCALIZE[25001]</label>
                </control>
                <control type="radiobutton" id="8">
                    <visible>Control.IsEnabled(8)</visible>
                    <description>Hide incompatible</description>
                    <include>LeftMenuButton</include>
                    <label>$LOCALIZE[24999]</label>
                </control>
                <control type="button" id="5">
                    <visible>Control.IsEnabled(5)</visible>
                    <description>Addon settings</description>
                    <include>LeftMenuButton</include>
                    <label>$LOCALIZE[10004]</label>
                </control>
                <control type="label" id="9184">
                    <include>LeftMenuTitleLabel</include>
                    <include>LeftMenuButton</include>
                    <label>$LOCALIZE[31508]: $INFO[Window.Property(Updated)]</label>
                </control>
                <control type="button" id="9">
                    <visible>Control.IsEnabled(9)</visible>
                    <description>Check for updates</description>
                    <include>LeftMenuButton</include>
                    <label>$LOCALIZE[24034]</label>
                </control>
            </control>
            <include>LeftMenuScroller</include>
        </control>
        <include>NowPlaying</include>
        <include>TopBar</include>
    </controls>
</window>