<?xml version="1.0" encoding="utf-8"?>
<window type="window" id="1121">
    <defaultcontrol always="true">9007</defaultcontrol>
    <controls>
        <include>Fanart_Art</include>
        <include>Player_Show</include>
        <control type="image">
            <include>FacadeFocusCustomTransparencyOverlayAnimation</include>
            <include>OverlayTransparency</include>
            <posx>0</posx>
            <posy>-186</posy>
            <width>1920</width>
            <height>1036</height>
            <colordiffuse>$VAR[Picked.Theme.Color]</colordiffuse>
            <texture>common/overlay.png</texture>
        </control>
        <control type="image">
            <include>OverlayTransparencyWhite</include>
            <include>FacadeFocusCustomTransparencyOverlayAnimation</include>
            <posx>0</posx>
            <posy>-186</posy>
            <width>1920</width>
            <height>1036</height>
            <colordiffuse>$VAR[Picked.Theme.Color]</colordiffuse>
            <texture>common/WhiteDot.png</texture>
        </control>
        <control type="image">
            <include>OverlayTransparencyBlack</include>
            <include>FacadeFocusCustomTransparencyOverlayAnimation</include>
            <posx>0</posx>
            <posy>-186</posy>
            <width>1920</width>
            <height>1036</height>
            <texture>common/BlackDot.png</texture>
        </control>
        <control type="group">
            <include>OpenClose</include>
            <include>FacadeFocusCustomTransparencyOverlayAnimation</include>
            <control type="group">
                <animation effect="slide" tween="circle" easing="inout" time="150" start="0,0" end="660,0" condition="true">Conditional</animation>
                <control type="image">
                    <include>OverlayTransparencyHeader</include>
                    <posx>0</posx>
                    <posy>0</posy>
                    <width>1920</width>
                    <height>186</height>
                    <colordiffuse>$VAR[Picked.Theme.Color]</colordiffuse>
                    <texture border="3">common/overlay_topbar_gradient.png</texture>
                </control>
                <control type="image">
                    <posx>0</posx>
                    <posy>184</posy>
                    <width>1920</width>
                    <height>2</height>
                    <colordiffuse>$VAR[Picked.HighLight.Color]</colordiffuse>
                    <texture border="2,0,2,0">common/line_white_horizontal.png</texture>
                </control>
                <control type="group">
                    <posy>15</posy>
                    <control type="label">
                        <posx>TextMargin</posx>
                        <posy>23</posy>
                        <width>1200</width>
                        <aligny>top</aligny>
                        <font>WindowTitleFont</font>
                        <include>TextColor_AlternateColor</include>
                        <label>$LOCALIZE[31921]</label>
                    </control>
                    <control type="panel" id="9003">
                        <posx>50</posx>
                        <posy>86</posy>
                        <width>1200</width>
                        <height>60</height>
                        <onup>8997</onup>
                        <ondown>9007</ondown>
                        <onleft>9000</onleft>
                        <itemlayout width="1340" height="60">
                            <control type="label">
                                <posx>20</posx>
                                <height>60</height>
                                <width>795</width>
                                <aligny>top</aligny>
                                <font>WindowTitleSubFont</font>
                                <textcolor>NoFocusedColor</textcolor>
                                <label>$INFO[ListItem.Label]: $INFO[ListItem.Label2]</label>
                            </control>
                        </itemlayout>
                        <focusedlayout width="1340" height="60">
                            <control type="group">
                                <include>ButtonWideFocusAnimation</include>
                                <include content="FocusedIndicatorVertical">
                                    <param name="x" value="0"/>
                                    <param name="y" value="0"/>
                                    <param name="height" value="45"/>
                                    <param name="visible" value="true"/>
                                </include>
                                <control type="label">
                                    <posx>20</posx>
                                    <height>60</height>
                                    <width>795</width>
                                    <scroll>true</scroll>
                                    <aligny>top</aligny>
                                    <font>WindowTitleSubFont</font>
                                    <include>TextColor_MainColor</include>
                                    <label>$INFO[ListItem.Label]: $INFO[ListItem.Label2]</label>
                                </control>
                            </control>
                        </focusedlayout>
                        <content>
                            <item id="35">
                                <visible>Skin.HasSetting(OverlayTransparencyHeader00)</visible>
                                <label>$LOCALIZE[31927]</label>
                                <label2>0%</label2>
                                <include>SkinResetOverlayTransparencyHeader</include>
                                <onclick>Skin.ToggleSetting(OverlayTransparencyHeader100)</onclick>
                            </item>
                            <item id="35">
                                <visible>Skin.HasSetting(OverlayTransparencyHeader10)</visible>
                                <label>$LOCALIZE[31927]</label>
                                <label2>10%</label2>
                                <include>SkinResetOverlayTransparencyHeader</include>
                                <onclick>Skin.ToggleSetting(OverlayTransparencyHeader00)</onclick>
                            </item>
                            <item id="35">
                                <visible>Skin.HasSetting(OverlayTransparencyHeader20)</visible>
                                <label>$LOCALIZE[31927]</label>
                                <label2>20%</label2>
                                <include>SkinResetOverlayTransparencyHeader</include>
                                <onclick>Skin.ToggleSetting(OverlayTransparencyHeader10)</onclick>
                            </item>
                            <item id="35">
                                <visible>Skin.HasSetting(OverlayTransparencyHeader30)</visible>
                                <label>$LOCALIZE[31927]</label>
                                <label2>30%</label2>
                                <include>SkinResetOverlayTransparencyHeader</include>
                                <onclick>Skin.ToggleSetting(OverlayTransparencyHeader20)</onclick>
                            </item>
                            <item id="35">
                                <visible>Skin.HasSetting(OverlayTransparencyHeader40)</visible>
                                <label>$LOCALIZE[31927]</label>
                                <label2>40%</label2>
                                <include>SkinResetOverlayTransparencyHeader</include>
                                <onclick>Skin.ToggleSetting(OverlayTransparencyHeader30)</onclick>
                            </item>
                            <item id="35">
                                <visible>Skin.HasSetting(OverlayTransparencyHeader50)</visible>
                                <label>$LOCALIZE[31927]</label>
                                <label2>50%</label2>
                                <include>SkinResetOverlayTransparencyHeader</include>
                                <onclick>Skin.ToggleSetting(OverlayTransparencyHeader40)</onclick>
                            </item>
                            <item id="35">
                                <visible>Skin.HasSetting(OverlayTransparencyHeader60)</visible>
                                <label>$LOCALIZE[31927]</label>
                                <label2>60%</label2>
                                <include>SkinResetOverlayTransparencyHeader</include>
                                <onclick>Skin.ToggleSetting(OverlayTransparencyHeader50)</onclick>
                            </item>
                            <item id="35">
                                <visible>Skin.HasSetting(OverlayTransparencyHeader70)</visible>
                                <label>$LOCALIZE[31927]</label>
                                <label2>70%</label2>
                                <include>SkinResetOverlayTransparencyHeader</include>
                                <onclick>Skin.ToggleSetting(OverlayTransparencyHeader60)</onclick>
                            </item>
                            <item id="35">
                                <visible>Skin.HasSetting(OverlayTransparencyHeader80)|
                                    [
                                    !Skin.HasSetting(OverlayTransparencyHeader00)+
                                    !Skin.HasSetting(OverlayTransparencyHeader10)+
                                    !Skin.HasSetting(OverlayTransparencyHeader20)+
                                    !Skin.HasSetting(OverlayTransparencyHeader30)+
                                    !Skin.HasSetting(OverlayTransparencyHeader40)+
                                    !Skin.HasSetting(OverlayTransparencyHeader50)+
                                    !Skin.HasSetting(OverlayTransparencyHeader60)+
                                    !Skin.HasSetting(OverlayTransparencyHeader70)+
                                    !Skin.HasSetting(OverlayTransparencyHeader80)+
                                    !Skin.HasSetting(OverlayTransparencyHeader90)+
                                    !Skin.HasSetting(OverlayTransparencyHeader100)
                                    ]</visible>
                                <label>$LOCALIZE[31927]</label>
                                <label2>80%</label2>
                                <include>SkinResetOverlayTransparencyHeader</include>
                                <onclick>Skin.ToggleSetting(OverlayTransparencyHeader70)</onclick>
                            </item>
                            <item id="35">
                                <visible>Skin.HasSetting(OverlayTransparencyHeader90)</visible>
                                <label>$LOCALIZE[31927]</label>
                                <label2>90%</label2>
                                <include>SkinResetOverlayTransparencyHeader</include>
                                <onclick>Skin.ToggleSetting(OverlayTransparencyHeader80)</onclick>
                            </item>
                            <item id="35">
                                <visible>Skin.HasSetting(OverlayTransparencyHeader100)</visible>
                                <label>$LOCALIZE[31927]</label>
                                <label2>100%</label2>
                                <include>SkinResetOverlayTransparencyHeader</include>
                                <onclick>Skin.ToggleSetting(OverlayTransparencyHeader90)</onclick>
                            </item>
                        </content>
                    </control>
                    <include>Time</include>
                </control>
            </control>
            <control type="group">
                <include>OpenCloseOverlay</include>
                <animation effect="slide" tween="circle" easing="inout" time="150" start="0,0" end="660,186" condition="true">Conditional</animation>
                <control type="image">
                    <include>OverlayTransparency</include>
                    <posx>0</posx>
                    <posy>0</posy>
                    <width>1920</width>
                    <height>665</height>
                    <colordiffuse>$VAR[Picked.Theme.Color]</colordiffuse>
                    <texture border="5">common/overlay_dialog_gradient.png</texture>
                </control>
                <control type="image">
                    <posx>0</posx>x
                    <posy>-1</posy>
                    <width>1920</width>
                    <height>2</height>
                    <colordiffuse>$VAR[Picked.HighLight.Color]</colordiffuse>
                    <texture border="2,0,2,0">common/line_gray_horizontal.png</texture>
                </control>
            </control>
            <control type="group">
                <height>1080</height>
                <animation effect="slide" tween="circle" easing="inout" time="150" start="0,0" end="660,186" condition="true">Conditional</animation>
                <include>Facade_Fade</include>
                <control type="panel" id="9007">
                    <posx>0</posx>
                    <posy>0</posy>
                    <width>1920</width>
                    <height>1080</height>
                    <pagecontrol>60</pagecontrol>
                    <onleft>9000</onleft>
                    <onup>9003</onup>
                    <ondown>9101</ondown>
                    <preloaditems>4</preloaditems>
                    <itemlayout height="80" width="1920">
                        <control type="label">
                            <posx>70</posx>
                            <posy>35</posy>
                            <height>50</height>
                            <width>1560</width>
                            <font>WindowTitleSubFont</font>
                            <textcolor>NoFocusedColor</textcolor>
                            <label>$INFO[ListItem.Label]: $INFO[ListItem.Label2]</label>
                        </control>
                    </itemlayout>
                    <focusedlayout height="80" width="1920">
                        <control type="group">
                            <include>ListFocusAnimation</include>
                            <include content="FocusedIndicatorVertical">
                                <param name="x" value="50"/>
                                <param name="y" value="35"/>
                                <param name="height" value="45"/>
                                <param name="visible" value="true"/>
                            </include>
                            <control type="label">
                                <posx>70</posx>
                                <posy>35</posy>
                                <height>50</height>
                                <width>1560</width>
                                <font>WindowTitleSubFont</font>
                                <include>TextColor_MainColor</include>
                                <scroll>true</scroll>
                                <label>$INFO[ListItem.Label]: $INFO[ListItem.Label2]</label>
                            </control>
                        </control>
                    </focusedlayout>
                    <content>
                        <item id="29">
                            <visible>Skin.HasSetting(OverlayTransparency00)</visible>
                            <label>$LOCALIZE[31922]</label>
                            <label2>0%</label2>
                            <include>SkinResetOverlayTransparency</include>
                            <onclick>Skin.ToggleSetting(OverlayTransparency100)</onclick>
                        </item>
                        <item id="29">
                            <visible>Skin.HasSetting(OverlayTransparency10)</visible>
                            <label>$LOCALIZE[31922]</label>
                            <label2>10%</label2>
                            <include>SkinResetOverlayTransparency</include>
                            <onclick>Skin.ToggleSetting(OverlayTransparency00)</onclick>
                        </item>
                        <item id="29">
                            <visible>Skin.HasSetting(OverlayTransparency20)</visible>
                            <label>$LOCALIZE[31922]</label>
                            <label2>20%</label2>
                            <include>SkinResetOverlayTransparency</include>
                            <onclick>Skin.ToggleSetting(OverlayTransparency10)</onclick>
                        </item>
                        <item id="29">
                            <visible>Skin.HasSetting(OverlayTransparency30)</visible>
                            <label>$LOCALIZE[31922]</label>
                            <label2>30%</label2>
                            <include>SkinResetOverlayTransparency</include>
                            <onclick>Skin.ToggleSetting(OverlayTransparency20)</onclick>
                        </item>
                        <item id="29">
                            <visible>Skin.HasSetting(OverlayTransparency40)</visible>
                            <label>$LOCALIZE[31922]</label>
                            <label2>40%</label2>
                            <include>SkinResetOverlayTransparency</include>
                            <onclick>Skin.ToggleSetting(OverlayTransparency30)</onclick>
                        </item>
                        <item id="29">
                            <visible>Skin.HasSetting(OverlayTransparency50)</visible>
                            <label>$LOCALIZE[31922]</label>
                            <label2>50%</label2>
                            <include>SkinResetOverlayTransparency</include>
                            <onclick>Skin.ToggleSetting(OverlayTransparency40)</onclick>
                        </item>
                        <item id="29">
                            <visible>Skin.HasSetting(OverlayTransparency60)|
                                [
                                !Skin.HasSetting(OverlayTransparency00)+
                                !Skin.HasSetting(OverlayTransparency10)+
                                !Skin.HasSetting(OverlayTransparency20)+
                                !Skin.HasSetting(OverlayTransparency30)+
                                !Skin.HasSetting(OverlayTransparency40)+
                                !Skin.HasSetting(OverlayTransparency50)+
                                !Skin.HasSetting(OverlayTransparency60)+
                                !Skin.HasSetting(OverlayTransparency70)+
                                !Skin.HasSetting(OverlayTransparency80)+
                                !Skin.HasSetting(OverlayTransparency90)+
                                !Skin.HasSetting(OverlayTransparency100)
                                ]</visible>
                            <label>$LOCALIZE[31922]</label>
                            <label2>60%</label2>
                            <include>SkinResetOverlayTransparency</include>
                            <onclick>Skin.ToggleSetting(OverlayTransparency50)</onclick>
                        </item>
                        <item id="29">
                            <visible>Skin.HasSetting(OverlayTransparency70)</visible>
                            <label>$LOCALIZE[31922]</label>
                            <label2>70%</label2>
                            <include>SkinResetOverlayTransparency</include>
                            <onclick>Skin.ToggleSetting(OverlayTransparency60)</onclick>
                        </item>
                        <item id="29">
                            <visible>Skin.HasSetting(OverlayTransparency80)</visible>
                            <label>$LOCALIZE[31922]</label>
                            <label2>80%</label2>
                            <include>SkinResetOverlayTransparency</include>
                            <onclick>Skin.ToggleSetting(OverlayTransparency70)</onclick>
                        </item>
                        <item id="29">
                            <visible>Skin.HasSetting(OverlayTransparency90)</visible>
                            <label>$LOCALIZE[31922]</label>
                            <label2>90%</label2>
                            <include>SkinResetOverlayTransparency</include>
                            <onclick>Skin.ToggleSetting(OverlayTransparency80)</onclick>
                        </item>
                        <item id="29">
                            <visible>Skin.HasSetting(OverlayTransparency100)</visible>
                            <label>$LOCALIZE[31922]</label>
                            <label2>100%</label2>
                            <include>SkinResetOverlayTransparency</include>
                            <onclick>Skin.ToggleSetting(OverlayTransparency90)</onclick>
                        </item>
                        <item id="30">
                            <visible>Skin.HasSetting(OverlayTransparencyWhite00)|
                                [
                                !Skin.HasSetting(OverlayTransparencyWhite00)+
                                !Skin.HasSetting(OverlayTransparencyWhite10)+
                                !Skin.HasSetting(OverlayTransparencyWhite20)+
                                !Skin.HasSetting(OverlayTransparencyWhite30)+
                                !Skin.HasSetting(OverlayTransparencyWhite40)+
                                !Skin.HasSetting(OverlayTransparencyWhite50)+
                                !Skin.HasSetting(OverlayTransparencyWhite60)+
                                !Skin.HasSetting(OverlayTransparencyWhite70)+
                                !Skin.HasSetting(OverlayTransparencyWhite80)+
                                !Skin.HasSetting(OverlayTransparencyWhite90)+
                                !Skin.HasSetting(OverlayTransparencyWhite100)
                                ]</visible>
                            <label>$LOCALIZE[31928]</label>
                            <label2>0%</label2>
                            <include>SkinResetOverlayTransparencyWhite</include>
                            <onclick>Skin.ToggleSetting(OverlayTransparencyWhite100)</onclick>
                        </item>
                        <item id="30">
                            <visible>Skin.HasSetting(OverlayTransparencyWhite10)</visible>
                            <label>$LOCALIZE[31928]</label>
                            <label2>10%</label2>
                            <include>SkinResetOverlayTransparencyWhite</include>
                            <onclick>Skin.ToggleSetting(OverlayTransparencyWhite00)</onclick>
                        </item>
                        <item id="30">
                            <visible>Skin.HasSetting(OverlayTransparencyWhite20)</visible>
                            <label>$LOCALIZE[31928]</label>
                            <label2>20%</label2>
                            <include>SkinResetOverlayTransparencyWhite</include>
                            <onclick>Skin.ToggleSetting(OverlayTransparencyWhite10)</onclick>
                        </item>
                        <item id="30">
                            <visible>Skin.HasSetting(OverlayTransparencyWhite30)</visible>
                            <label>$LOCALIZE[31928]</label>
                            <label2>30%</label2>
                            <include>SkinResetOverlayTransparencyWhite</include>
                            <onclick>Skin.ToggleSetting(OverlayTransparencyWhite20)</onclick>
                        </item>
                        <item id="30">
                            <visible>Skin.HasSetting(OverlayTransparencyWhite40)</visible>
                            <label>$LOCALIZE[31928]</label>
                            <label2>40%</label2>
                            <include>SkinResetOverlayTransparencyWhite</include>
                            <onclick>Skin.ToggleSetting(OverlayTransparencyWhite30)</onclick>
                        </item>
                        <item id="30">
                            <visible>Skin.HasSetting(OverlayTransparencyWhite50)</visible>
                            <label>$LOCALIZE[31928]</label>
                            <label2>50%</label2>
                            <include>SkinResetOverlayTransparencyWhite</include>
                            <onclick>Skin.ToggleSetting(OverlayTransparencyWhite40)</onclick>
                        </item>
                        <item id="30">
                            <visible>Skin.HasSetting(OverlayTransparencyWhite60)</visible>
                            <label>$LOCALIZE[31928]</label>
                            <label2>60%</label2>
                            <include>SkinResetOverlayTransparencyWhite</include>
                            <onclick>Skin.ToggleSetting(OverlayTransparencyWhite50)</onclick>
                        </item>
                        <item id="30">
                            <visible>Skin.HasSetting(OverlayTransparencyWhite70)</visible>
                            <label>$LOCALIZE[31928]</label>
                            <label2>70%</label2>
                            <include>SkinResetOverlayTransparencyWhite</include>
                            <onclick>Skin.ToggleSetting(OverlayTransparencyWhite60)</onclick>
                        </item>
                        <item id="30">
                            <visible>Skin.HasSetting(OverlayTransparencyWhite80)</visible>
                            <label>$LOCALIZE[31928]</label>
                            <label2>80%</label2>
                            <include>SkinResetOverlayTransparencyWhite</include>
                            <onclick>Skin.ToggleSetting(OverlayTransparencyWhite70)</onclick>
                        </item>
                        <item id="30">
                            <visible>Skin.HasSetting(OverlayTransparencyWhite90)</visible>
                            <label>$LOCALIZE[31928]</label>
                            <label2>90%</label2>
                            <include>SkinResetOverlayTransparencyWhite</include>
                            <onclick>Skin.ToggleSetting(OverlayTransparencyWhite80)</onclick>
                        </item>
                        <item id="30">
                            <visible>Skin.HasSetting(OverlayTransparencyWhite100)</visible>
                            <label>$LOCALIZE[31928]</label>
                            <label2>100%</label2>
                            <include>SkinResetOverlayTransparencyWhite</include>
                            <onclick>Skin.ToggleSetting(OverlayTransparencyWhite90)</onclick>
                        </item>
                        <item id="31">
                            <visible>Skin.HasSetting(OverlayTransparencyBlack00)|
                                [
                                !Skin.HasSetting(OverlayTransparencyBlack00)+
                                !Skin.HasSetting(OverlayTransparencyBlack10)+
                                !Skin.HasSetting(OverlayTransparencyBlack20)+
                                !Skin.HasSetting(OverlayTransparencyBlack30)+
                                !Skin.HasSetting(OverlayTransparencyBlack40)+
                                !Skin.HasSetting(OverlayTransparencyBlack50)+
                                !Skin.HasSetting(OverlayTransparencyBlack60)+
                                !Skin.HasSetting(OverlayTransparencyBlack70)+
                                !Skin.HasSetting(OverlayTransparencyBlack80)+
                                !Skin.HasSetting(OverlayTransparencyBlack90)+
                                !Skin.HasSetting(OverlayTransparencyBlack100)
                                ]</visible>
                            <label>$LOCALIZE[31929]</label>
                            <label2>0%</label2>
                            <include>SkinResetOverlayTransparencyBlack</include>
                            <onclick>Skin.ToggleSetting(OverlayTransparencyBlack100)</onclick>
                        </item>
                        <item id="31">
                            <visible>Skin.HasSetting(OverlayTransparencyBlack10)</visible>
                            <label>$LOCALIZE[31929]</label>
                            <label2>10%</label2>
                            <include>SkinResetOverlayTransparencyBlack</include>
                            <onclick>Skin.ToggleSetting(OverlayTransparencyBlack00)</onclick>
                        </item>
                        <item id="31">
                            <visible>Skin.HasSetting(OverlayTransparencyBlack20)</visible>
                            <label>$LOCALIZE[31929]</label>
                            <label2>20%</label2>
                            <include>SkinResetOverlayTransparencyBlack</include>
                            <onclick>Skin.ToggleSetting(OverlayTransparencyBlack10)</onclick>
                        </item>
                        <item id="31">
                            <visible>Skin.HasSetting(OverlayTransparencyBlack30)</visible>
                            <label>$LOCALIZE[31929]</label>
                            <label2>30%</label2>
                            <include>SkinResetOverlayTransparencyBlack</include>
                            <onclick>Skin.ToggleSetting(OverlayTransparencyBlack20)</onclick>
                        </item>
                        <item id="31">
                            <visible>Skin.HasSetting(OverlayTransparencyBlack40)</visible>
                            <label>$LOCALIZE[31929]</label>
                            <label2>40%</label2>
                            <include>SkinResetOverlayTransparencyBlack</include>
                            <onclick>Skin.ToggleSetting(OverlayTransparencyBlack30)</onclick>
                        </item>
                        <item id="31">
                            <visible>Skin.HasSetting(OverlayTransparencyBlack50)</visible>
                            <label>$LOCALIZE[31929]</label>
                            <label2>50%</label2>
                            <include>SkinResetOverlayTransparencyBlack</include>
                            <onclick>Skin.ToggleSetting(OverlayTransparencyBlack40)</onclick>
                        </item>
                        <item id="31">
                            <visible>Skin.HasSetting(OverlayTransparencyBlack60)</visible>
                            <label>$LOCALIZE[31929]</label>
                            <label2>60%</label2>
                            <include>SkinResetOverlayTransparencyBlack</include>
                            <onclick>Skin.ToggleSetting(OverlayTransparencyBlack50)</onclick>
                        </item>
                        <item id="31">
                            <visible>Skin.HasSetting(OverlayTransparencyBlack70)</visible>
                            <label>$LOCALIZE[31929]</label>
                            <label2>70%</label2>
                            <include>SkinResetOverlayTransparencyBlack</include>
                            <onclick>Skin.ToggleSetting(OverlayTransparencyBlack60)</onclick>
                        </item>
                        <item id="31">
                            <visible>Skin.HasSetting(OverlayTransparencyBlack80)</visible>
                            <label>$LOCALIZE[31929]</label>
                            <label2>80%</label2>
                            <include>SkinResetOverlayTransparencyBlack</include>
                            <onclick>Skin.ToggleSetting(OverlayTransparencyBlack70)</onclick>
                        </item>
                        <item id="31">
                            <visible>Skin.HasSetting(OverlayTransparencyBlack90)</visible>
                            <label>$LOCALIZE[31929]</label>
                            <label2>90%</label2>
                            <include>SkinResetOverlayTransparencyBlack</include>
                            <onclick>Skin.ToggleSetting(OverlayTransparencyBlack80)</onclick>
                        </item>
                        <item id="31">
                            <visible>Skin.HasSetting(OverlayTransparencyBlack100)</visible>
                            <label>$LOCALIZE[31929]</label>
                            <label2>100%</label2>
                            <include>SkinResetOverlayTransparencyBlack</include>
                            <onclick>Skin.ToggleSetting(OverlayTransparencyBlack90)</onclick>
                        </item>
                    </content>
                </control>
                <!--RESET-->
                <control type="group">
                   <!-- default -->
                    <control type="button" id="9101">
                        <posx>50</posx>
                        <posy>400</posy>
                        <label>$LOCALIZE[31920]</label>
                        <include>ListFocusAnimation</include>
                        <width>1500</width>
                        <height>45</height>
                        <radioposx>10</radioposx>
                        <radioposy>-5</radioposy>
                        <textwidth>1100</textwidth>
                        <font>WindowTitleSubFont</font>
                        <include>LeftMenuButton</include>
                        <onleft>9000</onleft>
                        <ondown>9006</ondown>
                        <onup>9007</onup>
                        <include>SkinResetOverlayTransparencyHeader</include>
                        <include>SkinResetOverlayTransparency</include>
                        <include>SkinResetOverlayTransparencyWhite</include>
                        <include>SkinResetOverlayTransparencyBlack</include>
                        <include>SkinResetOverlayTransparencyLeftMenu</include>
                        <include>SkinResetOverlayTransparencyOSD</include>
                        <include>SkinResetOverlayTransparencyDialog</include>
                    </control>
                </control>
            </control>
            <!-- SIDE MENU -->
            <control type="group">
                <control type="group">
                    <include>OpenClose</include>
                    <control type="image">
                        <animation effect="slide" tween="circle" easing="inout" time="150" start="0,0" end="1920,0" condition="true">Conditional</animation>
                        <include>OverlayTransparencyLeftMenu</include>
                        <posx>-1920</posx>
                        <posy>0</posy>
                        <width>658</width>
                        <height>850</height>
                        <colordiffuse>$VAR[Picked.Theme.Color]</colordiffuse>
                        <texture border="2">common/overlay_dialog_gradient.png</texture>
                    </control>
                    <control type="image">
                        <animation effect="slide" tween="circle" easing="inout" time="150" start="0,0" end="1920,0" condition="true">Conditional</animation>
                        <posx>-1262</posx>
                        <posy>0</posy>
                        <width>2</width>
                        <height>850</height>
                        <colordiffuse>$VAR[Picked.HighLight.Color]</colordiffuse>
                        <texture border="1">common/line_gray_vertical.png</texture>
                    </control>
                </control>
                <control type="grouplist" id="9000">
                    <animation effect="slide" tween="circle" easing="inout" time="150" start="0,0" end="1920,0" condition="true">Conditional</animation>
                    <include>OpenClose</include>
                    <posx>-1870</posx>
                    <posy>60</posy>
                    <width>660</width>
                    <height>960</height>
                    <itemgap>0</itemgap>
                    <orientation>vertical</orientation>
                    <pagecontrol>9060</pagecontrol>
                    <onright>9007</onright>
                    <align>center</align>
                    <ondown>9005</ondown>
                    <control type="panel" id="9004">
                        <posx>50</posx>
                        <posy>86</posy>
                        <width>580</width>
                        <height>700</height>
                        <itemlayout width="580" height="60">
                            <control type="label">
                                <posx>20</posx>
                                <height>60</height>
                                <width>560</width>
                                <aligny>top</aligny>
                                <font>WindowTitleSubFont</font>
                                <textcolor>NoFocusedColor</textcolor>
                                <label>$INFO[ListItem.Label]: $INFO[ListItem.Label2]</label>
                            </control>
                        </itemlayout>
                        <focusedlayout width="580" height="60">
                            <control type="group">
                                <include>ButtonWideFocusAnimation</include>
                                <include content="FocusedIndicatorVertical">
                                    <param name="x" value="0"/>
                                    <param name="y" value="0"/>
                                    <param name="height" value="45"/>
                                    <param name="visible" value="true"/>
                                </include>
                                <control type="label">
                                    <posx>20</posx>
                                    <height>60</height>
                                    <width>560</width>
                                    <scroll>true</scroll>
                                    <aligny>top</aligny>
                                    <font>WindowTitleSubFont</font>
                                    <include>TextColor_MainColor</include>
                                    <label>$INFO[ListItem.Label]: $INFO[ListItem.Label2]</label>
                                </control>
                            </control>
                        </focusedlayout>
                        <content>
                            <item id="34">
                                <visible>Skin.HasSetting(OverlayTransparencyLeftMenu00)</visible>
                                <label>$LOCALIZE[31925]</label>
                                <label2>0%</label2>
                                <include>SkinResetOverlayTransparencyLeftMenu</include>
                                <onclick>Skin.ToggleSetting(OverlayTransparencyLeftMenu100)</onclick>
                            </item>
                            <item id="34">
                                <visible>Skin.HasSetting(OverlayTransparencyLeftMenu10)</visible>
                                <label>$LOCALIZE[31925]</label>
                                <label2>10%</label2>
                                <include>SkinResetOverlayTransparencyLeftMenu</include>
                                <onclick>Skin.ToggleSetting(OverlayTransparencyLeftMenu00)</onclick>
                            </item>
                            <item id="34">
                                <visible>Skin.HasSetting(OverlayTransparencyLeftMenu20)</visible>
                                <label>$LOCALIZE[31925]</label>
                                <label2>20%</label2>
                                <include>SkinResetOverlayTransparencyLeftMenu</include>
                                <onclick>Skin.ToggleSetting(OverlayTransparencyLeftMenu10)</onclick>
                            </item>
                            <item id="34">
                                <visible>Skin.HasSetting(OverlayTransparencyLeftMenu30)</visible>
                                <label>$LOCALIZE[31925]</label>
                                <label2>30%</label2>
                                <include>SkinResetOverlayTransparencyLeftMenu</include>
                                <onclick>Skin.ToggleSetting(OverlayTransparencyLeftMenu20)</onclick>
                            </item>
                            <item id="34">
                                <visible>Skin.HasSetting(OverlayTransparencyLeftMenu40)</visible>
                                <label>$LOCALIZE[31925]</label>
                                <label2>40%</label2>
                                <include>SkinResetOverlayTransparencyLeftMenu</include>
                                <onclick>Skin.ToggleSetting(OverlayTransparencyLeftMenu30)</onclick>
                            </item>
                            <item id="34">
                                <visible>Skin.HasSetting(OverlayTransparencyLeftMenu50)</visible>
                                <label>$LOCALIZE[31925]</label>
                                <label2>50%</label2>
                                <include>SkinResetOverlayTransparencyLeftMenu</include>
                                <onclick>Skin.ToggleSetting(OverlayTransparencyLeftMenu40)</onclick>
                            </item>
                            <item id="34">
                                <visible>Skin.HasSetting(OverlayTransparencyLeftMenu60)</visible>
                                <label>$LOCALIZE[31925]</label>
                                <label2>60%</label2>
                                <include>SkinResetOverlayTransparencyLeftMenu</include>
                                <onclick>Skin.ToggleSetting(OverlayTransparencyLeftMenu50)</onclick>
                            </item>
                            <item id="34">
                                <visible>Skin.HasSetting(OverlayTransparencyLeftMenu70)</visible>
                                <label>$LOCALIZE[31925]</label>
                                <label2>70%</label2>
                                <include>SkinResetOverlayTransparencyLeftMenu</include>
                                <onclick>Skin.ToggleSetting(OverlayTransparencyLeftMenu60)</onclick>
                            </item>
                            <item id="34">
                                <visible>Skin.HasSetting(OverlayTransparencyLeftMenu80)|
                                    [
                                    !Skin.HasSetting(OverlayTransparencyLeftMenu00)+
                                    !Skin.HasSetting(OverlayTransparencyLeftMenu10)+
                                    !Skin.HasSetting(OverlayTransparencyLeftMenu20)+
                                    !Skin.HasSetting(OverlayTransparencyLeftMenu30)+
                                    !Skin.HasSetting(OverlayTransparencyLeftMenu40)+
                                    !Skin.HasSetting(OverlayTransparencyLeftMenu50)+
                                    !Skin.HasSetting(OverlayTransparencyLeftMenu60)+
                                    !Skin.HasSetting(OverlayTransparencyLeftMenu70)+
                                    !Skin.HasSetting(OverlayTransparencyLeftMenu80)+
                                    !Skin.HasSetting(OverlayTransparencyLeftMenu90)+
                                    !Skin.HasSetting(OverlayTransparencyLeftMenu100)
                                    ]</visible>
                                <label>$LOCALIZE[31925]</label>
                                <label2>80%</label2>
                                <include>SkinResetOverlayTransparencyLeftMenu</include>
                                <onclick>Skin.ToggleSetting(OverlayTransparencyLeftMenu70)</onclick>
                            </item>
                            <item id="34">
                                <visible>Skin.HasSetting(OverlayTransparencyLeftMenu90)</visible>
                                <label>$LOCALIZE[31925]</label>
                                <label2>90%</label2>
                                <include>SkinResetOverlayTransparencyLeftMenu</include>
                                <onclick>Skin.ToggleSetting(OverlayTransparencyLeftMenu80)</onclick>
                            </item>
                            <item id="34">
                                <visible>Skin.HasSetting(OverlayTransparencyLeftMenu100)</visible>
                                <label>$LOCALIZE[31925]</label>
                                <label2>100%</label2>
                                <include>SkinResetOverlayTransparencyLeftMenu</include>
                                <onclick>Skin.ToggleSetting(OverlayTransparencyLeftMenu90)</onclick>
                            </item>
                        </content>
                    </control>
                </control>
            </control>
            <control type="group">
                <posy>850</posy>
                <control type="image">
                    <include>OverlayTransparencyOSD</include>
                    <posx>0</posx>
                    <posy>0</posy>
                    <width>1920</width>
                    <height>230</height>
                    <colordiffuse>$VAR[Picked.Theme.Color]</colordiffuse>
                    <texture border="5">common/overlay_dialog_gradient.png</texture>
                </control>
                <control type="image">
                    <include>TopBarOSDVisibleFadeEffectOverlay</include>
                    <posx>0</posx>
                    <posy>-1</posy>
                    <width>1920</width>
                    <height>2</height>
                    <colordiffuse>$VAR[Picked.HighLight.Color]</colordiffuse>
                    <texture border="2,0,2,0">common/line_white_horizontal.png</texture>
                </control>
                <control type="panel" id="9005">
                    <posx>50</posx>
                    <posy>95</posy>
                    <width>580</width>
                    <height>60</height>
                    <onup>9006</onup>
                    <itemlayout width="580" height="60">
                        <control type="label">
                            <posx>20</posx>
                            <height>60</height>
                            <width>560</width>
                            <aligny>top</aligny>
                            <font>WindowTitleSubFont</font>
                            <textcolor>NoFocusedColor</textcolor>
                            <label>$INFO[ListItem.Label]: $INFO[ListItem.Label2]</label>
                        </control>
                    </itemlayout>
                    <focusedlayout width="580" height="60">
                        <control type="group">
                            <include>ButtonWideFocusAnimation</include>
                            <include content="FocusedIndicatorVertical">
                                <param name="x" value="0"/>
                                <param name="y" value="0"/>
                                <param name="height" value="45"/>
                                <param name="visible" value="true"/>
                            </include>
                            <control type="label">
                                <posx>20</posx>
                                <height>60</height>
                                <width>560</width>
                                <scroll>true</scroll>
                                <aligny>top</aligny>
                                <font>WindowTitleSubFont</font>
                                <include>TextColor_MainColor</include>
                                <label>$INFO[ListItem.Label]: $INFO[ListItem.Label2]</label>
                            </control>
                        </control>
                    </focusedlayout>
                    <content>
                        <item id="36">
                            <visible>Skin.HasSetting(OverlayTransparencyOSD00)</visible>
                            <label>$LOCALIZE[31923]</label>
                            <label2>0%</label2>
                            <include>SkinResetOverlayTransparencyOSD</include>
                            <onclick>Skin.ToggleSetting(OverlayTransparencyOSD100)</onclick>
                        </item>
                        <item id="36">
                            <visible>Skin.HasSetting(OverlayTransparencyOSD10)</visible>
                            <label>$LOCALIZE[31923]</label>
                            <label2>10%</label2>
                            <include>SkinResetOverlayTransparencyOSD</include>
                            <onclick>Skin.ToggleSetting(OverlayTransparencyOSD00)</onclick>
                        </item>
                        <item id="36">
                            <visible>Skin.HasSetting(OverlayTransparencyOSD20)</visible>
                            <label>$LOCALIZE[31923]</label>
                            <label2>20%</label2>
                            <include>SkinResetOverlayTransparencyOSD</include>
                            <onclick>Skin.ToggleSetting(OverlayTransparencyOSD10)</onclick>
                        </item>
                        <item id="36">
                            <visible>Skin.HasSetting(OverlayTransparencyOSD30)</visible>
                            <label>$LOCALIZE[31923]</label>
                            <label2>30%</label2>
                            <include>SkinResetOverlayTransparencyOSD</include>
                            <onclick>Skin.ToggleSetting(OverlayTransparencyOSD20)</onclick>
                        </item>
                        <item id="36">
                            <visible>Skin.HasSetting(OverlayTransparencyOSD40)</visible>
                            <label>$LOCALIZE[31923]</label>
                            <label2>40%</label2>
                            <include>SkinResetOverlayTransparencyOSD</include>
                            <onclick>Skin.ToggleSetting(OverlayTransparencyOSD30)</onclick>
                        </item>
                        <item id="36">
                            <visible>Skin.HasSetting(OverlayTransparencyOSD50)</visible>
                            <label>$LOCALIZE[31923]</label>
                            <label2>50%</label2>
                            <include>SkinResetOverlayTransparencyOSD</include>
                            <onclick>Skin.ToggleSetting(OverlayTransparencyOSD40)</onclick>
                        </item>
                        <item id="36">
                            <visible>Skin.HasSetting(OverlayTransparencyOSD60)</visible>
                            <label>$LOCALIZE[31923]</label>
                            <label2>60%</label2>
                            <include>SkinResetOverlayTransparencyOSD</include>
                            <onclick>Skin.ToggleSetting(OverlayTransparencyOSD50)</onclick>
                        </item>
                        <item id="36">
                            <visible>Skin.HasSetting(OverlayTransparencyOSD70)</visible>
                            <label>$LOCALIZE[31923]</label>
                            <label2>70%</label2>
                            <include>SkinResetOverlayTransparencyOSD</include>
                            <onclick>Skin.ToggleSetting(OverlayTransparencyOSD60)</onclick>
                        </item>
                        <item id="36">
                            <visible>Skin.HasSetting(OverlayTransparencyOSD80)|
                                [
                                !Skin.HasSetting(OverlayTransparencyOSD00)+
                                !Skin.HasSetting(OverlayTransparencyOSD10)+
                                !Skin.HasSetting(OverlayTransparencyOSD20)+
                                !Skin.HasSetting(OverlayTransparencyOSD30)+
                                !Skin.HasSetting(OverlayTransparencyOSD40)+
                                !Skin.HasSetting(OverlayTransparencyOSD50)+
                                !Skin.HasSetting(OverlayTransparencyOSD60)+
                                !Skin.HasSetting(OverlayTransparencyOSD70)+
                                !Skin.HasSetting(OverlayTransparencyOSD80)+
                                !Skin.HasSetting(OverlayTransparencyOSD90)+
                                !Skin.HasSetting(OverlayTransparencyOSD100)
                                ]</visible>
                            <label>$LOCALIZE[31923]</label>
                            <label2>80%</label2>
                            <include>SkinResetOverlayTransparencyOSD</include>
                            <onclick>Skin.ToggleSetting(OverlayTransparencyOSD70)</onclick>
                        </item>
                        <item id="36">
                            <visible>Skin.HasSetting(OverlayTransparencyOSD90)</visible>
                            <label>$LOCALIZE[31923]</label>
                            <label2>90%</label2>
                            <include>SkinResetOverlayTransparencyOSD</include>
                            <onclick>Skin.ToggleSetting(OverlayTransparencyOSD80)</onclick>
                        </item>
                        <item id="36">
                            <visible>Skin.HasSetting(OverlayTransparencyOSD100)</visible>
                            <label>$LOCALIZE[31923]</label>
                            <label2>100%</label2>
                            <include>SkinResetOverlayTransparencyOSD</include>
                            <onclick>Skin.ToggleSetting(OverlayTransparencyOSD90)</onclick>
                        </item>
                    </content>
                </control>
            </control>
            <control type="group">
                <posx>760</posx>
                <posy>750</posy>
                <control type="image">
                    <colordiffuse>$VAR[Picked.Theme.Color]</colordiffuse>
                    <posx>0</posx>
                    <posy>0</posy>
                    <width>1000</width>
                    <height>230</height>
                    <texture border="1">common/overlay_dialog.png</texture>
                </control>
                <control type="image">
                    <include>TopBarOSDVisibleFadeEffectOverlay</include>
                    <posx>0</posx>
                    <posy>-1</posy>
                    <width>1000</width>
                    <height>2</height>
                    <colordiffuse>$VAR[Picked.HighLight.Color]</colordiffuse>
                    <texture border="2,0,2,0">common/line_white_horizontal.png</texture>
                </control>
                <control type="image">
                    <include>DialogOpenCloseOverlay</include>
                    <include>OverlayTransparencyDialog</include>
                    <posx>0</posx>
                    <posy>0</posy>
                    <width>1000</width>
                    <height>230</height>
                    <colordiffuse>$VAR[Picked.Theme.Color]</colordiffuse>
                    <texture>common/overlay_dialog_gradient.png</texture>
                </control>
                <control type="panel" id="9006">
                    <posx>50</posx>
                    <posy>95</posy>
                    <width>580</width>
                    <height>60</height>
                    <onleft>9000</onleft>
                    <onup>9101</onup>
                    <ondown>9005</ondown>
                    <itemlayout width="580" height="60">
                        <control type="label">
                            <posx>20</posx>
                            <height>60</height>
                            <width>560</width>
                            <aligny>top</aligny>
                            <font>WindowTitleSubFont</font>
                            <textcolor>NoFocusedColor</textcolor>
                            <label>$INFO[ListItem.Label]: $INFO[ListItem.Label2]</label>
                        </control>
                    </itemlayout>
                    <focusedlayout width="580" height="60">
                        <control type="group">
                            <include>ButtonWideFocusAnimation</include>
                            <include content="FocusedIndicatorVertical">
                                <param name="x" value="0"/>
                                <param name="y" value="0"/>
                                <param name="height" value="45"/>
                                <param name="visible" value="true"/>
                            </include>
                            <control type="label">
                                <posx>20</posx>
                                <height>60</height>
                                <width>560</width>
                                <scroll>true</scroll>
                                <aligny>top</aligny>
                                <font>WindowTitleSubFont</font>
                                <include>TextColor_MainColor</include>
                                <label>$INFO[ListItem.Label]: $INFO[ListItem.Label2]</label>
                            </control>
                        </control>
                    </focusedlayout>
                    <content>
                        <item id="32">
                            <visible>Skin.HasSetting(OverlayTransparencyDialog00)</visible>
                            <label>$LOCALIZE[31926]</label>
                            <label2>20%</label2>
                            <include>SkinResetOverlayTransparencyDialog</include>
                            <onclick>Skin.ToggleSetting(OverlayTransparencyDialog100)</onclick>
                        </item>
                        <item id="32">
                            <visible>Skin.HasSetting(OverlayTransparencyDialog10)</visible>
                            <label>$LOCALIZE[31926]</label>
                            <label2>28%</label2>
                            <include>SkinResetOverlayTransparencyDialog</include>
                            <onclick>Skin.ToggleSetting(OverlayTransparencyDialog00)</onclick>
                        </item>
                        <item id="32">
                            <visible>Skin.HasSetting(OverlayTransparencyDialog20)</visible>
                            <label>$LOCALIZE[31926]</label>
                            <label2>36%</label2>
                            <include>SkinResetOverlayTransparencyDialog</include>
                            <onclick>Skin.ToggleSetting(OverlayTransparencyDialog10)</onclick>
                        </item>
                        <item id="32">
                            <visible>Skin.HasSetting(OverlayTransparencyDialog30)</visible>
                            <label>$LOCALIZE[31926]</label>
                            <label2>44%</label2>
                            <include>SkinResetOverlayTransparencyDialog</include>
                            <onclick>Skin.ToggleSetting(OverlayTransparencyDialog20)</onclick>
                        </item>
                        <item id="32">
                            <visible>Skin.HasSetting(OverlayTransparencyDialog40)</visible>
                            <label>$LOCALIZE[31926]</label>
                            <label2>52%</label2>
                            <include>SkinResetOverlayTransparencyDialog</include>
                            <onclick>Skin.ToggleSetting(OverlayTransparencyDialog30)</onclick>
                        </item>
                        <item id="32">
                            <visible>Skin.HasSetting(OverlayTransparencyDialog50)</visible>
                            <label>$LOCALIZE[31926]</label>
                            <label2>60%</label2>
                            <include>SkinResetOverlayTransparencyDialog</include>
                            <onclick>Skin.ToggleSetting(OverlayTransparencyDialog40)</onclick>
                        </item>
                        <item id="32">
                            <visible>Skin.HasSetting(OverlayTransparencyDialog60)</visible>
                            <label>$LOCALIZE[31926]</label>
                            <label2>68%</label2>
                            <include>SkinResetOverlayTransparencyDialog</include>
                            <onclick>Skin.ToggleSetting(OverlayTransparencyDialog50)</onclick>
                        </item>
                        <item id="32">
                            <visible>Skin.HasSetting(OverlayTransparencyDialog70)</visible>
                            <label>$LOCALIZE[31926]</label>
                            <label2>76%</label2>
                            <include>SkinResetOverlayTransparencyDialog</include>
                            <onclick>Skin.ToggleSetting(OverlayTransparencyDialog60)</onclick>
                        </item>
                        <item id="32">
                            <visible>Skin.HasSetting(OverlayTransparencyDialog80)</visible>
                            <label>$LOCALIZE[31926]</label>
                            <label2>84%</label2>
                            <include>SkinResetOverlayTransparencyDialog</include>
                            <onclick>Skin.ToggleSetting(OverlayTransparencyDialog70)</onclick>
                        </item>
                        <item id="32">
                            <visible>Skin.HasSetting(OverlayTransparencyDialog90)|
                                [
                                !Skin.HasSetting(OverlayTransparencyDialog00)+
                                !Skin.HasSetting(OverlayTransparencyDialog10)+
                                !Skin.HasSetting(OverlayTransparencyDialog20)+
                                !Skin.HasSetting(OverlayTransparencyDialog30)+
                                !Skin.HasSetting(OverlayTransparencyDialog40)+
                                !Skin.HasSetting(OverlayTransparencyDialog50)+
                                !Skin.HasSetting(OverlayTransparencyDialog60)+
                                !Skin.HasSetting(OverlayTransparencyDialog70)+
                                !Skin.HasSetting(OverlayTransparencyDialog80)+
                                !Skin.HasSetting(OverlayTransparencyDialog90)+
                                !Skin.HasSetting(OverlayTransparencyDialog100)
                                ]</visible>
                            <label>$LOCALIZE[31926]</label>
                            <label2>92%</label2>
                            <include>SkinResetOverlayTransparencyDialog</include>
                            <onclick>Skin.ToggleSetting(OverlayTransparencyDialog80)</onclick>
                        </item>
                        <item id="32">
                            <visible>Skin.HasSetting(OverlayTransparencyDialog100)</visible>
                            <label>$LOCALIZE[31926]</label>
                            <label2>100%</label2>
                            <include>SkinResetOverlayTransparencyDialog</include>
                            <onclick>Skin.ToggleSetting(OverlayTransparencyDialog90)</onclick>
                        </item>
                    </content>
                </control>
            </control>
            <include>WindowClosingButton</include>
        </control>
        <include>NowPlaying</include>
        <!--<control type="image">-->
            <!--<include>TopBarVisibleFadeEffectOverlay</include>-->
            <!--<posx>0</posx>-->
            <!--<posy>0</posy>-->
            <!--<width>1920</width>-->
            <!--<height>1080</height>-->
            <!--<colordiffuse>$VAR[Picked.Theme.Color]</colordiffuse>-->
            <!--<texture border="3">common/overlay_dialog.png</texture>-->
        <!--</control>-->
        <!--<control type="image">-->
            <!--<include>TopBarVisibleFadeEffectOverlay</include>-->
            <!--<include>OverlayTransparencyTopbar</include>-->
            <!--<posx>0</posx>-->
            <!--<posy>0</posy>-->
            <!--<width>1920</width>-->
            <!--<height>187</height>-->
            <!--<colordiffuse>$VAR[Picked.Theme.Color]</colordiffuse>-->
            <!--<texture border="3">common/overlay_topbar_gradient.png</texture>-->
        <!--</control>-->
        <!--<control type="image">-->
            <!--<include>TopBarVisibleFadeEffectOverlay</include>-->
            <!--<posx>0</posx>-->
            <!--<posy>185</posy>-->
            <!--<width>1920</width>-->
            <!--<height>2</height>-->
            <!--<colordiffuse>$VAR[Picked.HighLight.Color]</colordiffuse>-->
            <!--<texture border="2,0,2,0">common/line_white_horizontal.png</texture>-->
        <!--</control>-->
        <!--<control type="button" id="8998">-->
            <!--<include>TopBarVisibleFadeEffect</include>-->
            <!--<description>Fake button for mouse control</description>-->
            <!--<posx>-1920</posx>-->
            <!--<posy>0</posy>-->
            <!--<width>1130</width>-->
            <!--<height>210</height>-->
            <!--<label>-</label>-->
            <!--<font>-</font>-->
            <!--<texturenofocus>-</texturenofocus>-->
            <!--<texturefocus>-</texturefocus>-->
            <!--<visible>true</visible>-->
            <!--<onfocus>SetFocus(9900)</onfocus>-->
        <!--</control>-->
        <!--<control type="button" id="8997">-->
            <!--<description>Fake button for mouse control</description>-->
            <!--<posx>0</posx>-->
            <!--<posy>0</posy>-->
            <!--<width>50</width>-->
            <!--<height>186</height>-->
            <!--<label>-</label>-->
            <!--<font>-</font>-->
            <!--<texturenofocus>-</texturenofocus>-->
            <!--<texturefocus>-</texturefocus>-->
            <!--<visible>true</visible>-->
            <!--<onfocus>SetFocus(9900)</onfocus>-->
        <!--</control>-->
    </controls>
</window>
