<?xml version="1.0" encoding="utf-8"?>
<window type="window" id="1115">
    <defaultcontrol always="true">9000</defaultcontrol>
    <controls>
        <include>Fanart_Art</include>
        <include>Player_Show</include>
        <include>OverlayFull</include>
        <include>DimBG</include>
        <control type="group">
            <include>DialogOverlay</include>
            <include>WindowClosingButton</include>
            <control type="group">
                <include>DialogOpenClose</include>
                <control type="label">
                    <posx>100</posx>
                    <posy>0</posy>
                    <width>1720</width>
                    <height>177</height>
                    <aligny>center</aligny>
                    <font>InfoTitleFont</font>
                    <scroll>true</scroll>
                    <include>TextColor_MainColor</include>
                    <label>$LOCALIZE[31045]</label>
                </control>
                <!-- SIDE MENU -->
                <control type="group">
                    <control type="grouplist" id="9000">
                        <posx>80</posx>
                        <posy>180</posy>
                        <height>840</height>
                        <onup>9900</onup>
                        <onright>211</onright>
                        <ondown>9000</ondown>
                        <onback>211</onback>
                        <include>DialogMenuButtonGroup</include>
                        <control type="button" id="301">
                            <description>Enable Item</description>
                            <include>DialogMenuButton</include>
                            <label>$VAR[SkinShortcutDisabledLabelPlex]</label>
                            <onclick condition="Container(211).HasFocus(30)">Skin.ToggleSetting(hide.plexbmc.0.title)</onclick>
                            <onclick condition="Container(211).HasFocus(31)">Skin.ToggleSetting(hide.plexbmc.1.title)</onclick>
                            <onclick condition="Container(211).HasFocus(32)">Skin.ToggleSetting(hide.plexbmc.2.title)</onclick>
                            <onclick condition="Container(211).HasFocus(33)">Skin.ToggleSetting(hide.plexbmc.3.title)</onclick>
                            <onclick condition="Container(211).HasFocus(34)">Skin.ToggleSetting(hide.plexbmc.4.title)</onclick>
                            <onclick condition="Container(211).HasFocus(35)">Skin.ToggleSetting(hide.plexbmc.5.title)</onclick>
                            <onclick condition="Container(211).HasFocus(36)">Skin.ToggleSetting(hide.plexbmc.6.title)</onclick>
                            <onclick condition="Container(211).HasFocus(37)">Skin.ToggleSetting(hide.plexbmc.7.title)</onclick>
                            <onclick condition="Container(211).HasFocus(38)">Skin.ToggleSetting(hide.plexbmc.8.title)</onclick>
                            <onclick condition="Container(211).HasFocus(39)">Skin.ToggleSetting(hide.plexbmc.9.title)</onclick>
                            <onclick condition="Container(211).HasFocus(40)">Skin.ToggleSetting(hide.plexbmc.10.title)</onclick>
                            <onclick condition="Container(211).HasFocus(50)">Skin.ToggleSetting(Channels.Hide)</onclick>
                            <onclick condition="Container(211).HasFocus(51)">Skin.ToggleSetting(Queue.Hide)</onclick>
                        </control>
                        <control type="button" id="304">
                            <description>Change shortcut label</description>
                            <include>DialogMenuButton</include>
                            <label>$ADDON[script.skinshortcuts 32025]</label>
                            <onclick condition="Container(211).HasFocus(30)">Skin.SetString(Plexbmc.0.Label)</onclick>
                            <onclick condition="Container(211).HasFocus(31)">Skin.SetString(Plexbmc.1.Label)</onclick>
                            <onclick condition="Container(211).HasFocus(32)">Skin.SetString(Plexbmc.2.Label)</onclick>
                            <onclick condition="Container(211).HasFocus(33)">Skin.SetString(Plexbmc.3.Label)</onclick>
                            <onclick condition="Container(211).HasFocus(34)">Skin.SetString(Plexbmc.4.Label)</onclick>
                            <onclick condition="Container(211).HasFocus(35)">Skin.SetString(Plexbmc.5.Label)</onclick>
                            <onclick condition="Container(211).HasFocus(36)">Skin.SetString(Plexbmc.6.Label)</onclick>
                            <onclick condition="Container(211).HasFocus(37)">Skin.SetString(Plexbmc.7.Label)</onclick>
                            <onclick condition="Container(211).HasFocus(38)">Skin.SetString(Plexbmc.8.Label)</onclick>
                            <onclick condition="Container(211).HasFocus(39)">Skin.SetString(Plexbmc.9.Label)</onclick>
                            <onclick condition="Container(211).HasFocus(40)">Skin.SetString(Plexbmc.10.Label)</onclick>
                            <onclick condition="Container(211).HasFocus(50)">Skin.SetString(Plexbmc.Channels.Label)</onclick>
                            <onclick condition="Container(211).HasFocus(51)">Skin.SetString(Plexbmc.Queue.Label)</onclick>
                        </control>
                        <control type="button" id="305">
                            <visible>!Skin.HasSetting(VerticalHome)</visible>
                            <description>Change shortcut thumbnail</description>
                            <include>DialogMenuButton</include>
                            <label>$ADDON[script.skinshortcuts 32026]</label>
                            <onclick condition="Container(211).HasFocus(30)">Skin.SetImage(Plexbmc.0.Icon)</onclick>
                            <onclick condition="Container(211).HasFocus(31)">Skin.SetImage(Plexbmc.1.Icon)</onclick>
                            <onclick condition="Container(211).HasFocus(32)">Skin.SetImage(Plexbmc.2.Icon)</onclick>
                            <onclick condition="Container(211).HasFocus(33)">Skin.SetImage(Plexbmc.3.Icon)</onclick>
                            <onclick condition="Container(211).HasFocus(34)">Skin.SetImage(Plexbmc.4.Icon)</onclick>
                            <onclick condition="Container(211).HasFocus(35)">Skin.SetImage(Plexbmc.5.Icon)</onclick>
                            <onclick condition="Container(211).HasFocus(36)">Skin.SetImage(Plexbmc.6.Icon)</onclick>
                            <onclick condition="Container(211).HasFocus(37)">Skin.SetImage(Plexbmc.7.Icon)</onclick>
                            <onclick condition="Container(211).HasFocus(38)">Skin.SetImage(Plexbmc.8.Icon)</onclick>
                            <onclick condition="Container(211).HasFocus(39)">Skin.SetImage(Plexbmc.9.Icon)</onclick>
                            <onclick condition="Container(211).HasFocus(40)">Skin.SetImage(Plexbmc.10.Icon)</onclick>
                            <onclick condition="Container(211).HasFocus(50)">Skin.SetImage(Plexbmc.Channels.Icon)</onclick>
                            <onclick condition="Container(211).HasFocus(51)">Skin.SetImage(Plexbmc.Queue.Icon)</onclick>
                        </control>
                        <control type="button" id="306">
                            <visible>!Skin.HasSetting(VerticalHome)</visible>
                            <description>Reset shortcut thumbnail</description>
                            <include>DialogMenuButton</include>
                            <label>$LOCALIZE[31061]</label>
                            <onclick condition="Container(211).HasFocus(30)">Skin.Reset(Plexbmc.0.Icon)</onclick>
                            <onclick condition="Container(211).HasFocus(31)">Skin.Reset(Plexbmc.1.Icon)</onclick>
                            <onclick condition="Container(211).HasFocus(32)">Skin.Reset(Plexbmc.2.Icon)</onclick>
                            <onclick condition="Container(211).HasFocus(33)">Skin.Reset(Plexbmc.3.Icon)</onclick>
                            <onclick condition="Container(211).HasFocus(34)">Skin.Reset(Plexbmc.4.Icon)</onclick>
                            <onclick condition="Container(211).HasFocus(35)">Skin.Reset(Plexbmc.5.Icon)</onclick>
                            <onclick condition="Container(211).HasFocus(36)">Skin.Reset(Plexbmc.6.Icon)</onclick>
                            <onclick condition="Container(211).HasFocus(37)">Skin.Reset(Plexbmc.7.Icon)</onclick>
                            <onclick condition="Container(211).HasFocus(38)">Skin.Reset(Plexbmc.8.Icon)</onclick>
                            <onclick condition="Container(211).HasFocus(39)">Skin.Reset(Plexbmc.9.Icon)</onclick>
                            <onclick condition="Container(211).HasFocus(40)">Skin.Reset(Plexbmc.10.Icon)</onclick>
                            <onclick condition="Container(211).HasFocus(50)">Skin.Reset(Plexbmc.Channels.Icon)</onclick>
                            <onclick condition="Container(211).HasFocus(51)">Skin.Reset(Plexbmc.Queue.Icon)</onclick>
                        </control>
                        <control type="button" id="310">
                            <visible>!Skin.HasSetting(Home_DefaultBG)</visible>
                            <description>Change shortcut background</description>
                            <include>DialogMenuButton</include>
                            <label>$ADDON[script.skinshortcuts 32045]</label>
                            <onclick condition="Container(211).HasFocus(30)">Skin.SetImage(Plexbmc.0.Background)</onclick>
                            <onclick condition="Container(211).HasFocus(31)">Skin.SetImage(Plexbmc.1.Background)</onclick>
                            <onclick condition="Container(211).HasFocus(32)">Skin.SetImage(Plexbmc.2.Background)</onclick>
                            <onclick condition="Container(211).HasFocus(33)">Skin.SetImage(Plexbmc.3.Background)</onclick>
                            <onclick condition="Container(211).HasFocus(34)">Skin.SetImage(Plexbmc.4.Background)</onclick>
                            <onclick condition="Container(211).HasFocus(35)">Skin.SetImage(Plexbmc.5.Background)</onclick>
                            <onclick condition="Container(211).HasFocus(36)">Skin.SetImage(Plexbmc.6.Background)</onclick>
                            <onclick condition="Container(211).HasFocus(37)">Skin.SetImage(Plexbmc.7.Background)</onclick>
                            <onclick condition="Container(211).HasFocus(38)">Skin.SetImage(Plexbmc.8.Background)</onclick>
                            <onclick condition="Container(211).HasFocus(39)">Skin.SetImage(Plexbmc.9.Background)</onclick>
                            <onclick condition="Container(211).HasFocus(40)">Skin.SetImage(Plexbmc.10.Background)</onclick>
                            <onclick condition="Container(211).HasFocus(50)">Skin.SetImage(Plexbmc.Channels.Background)</onclick>
                            <onclick condition="Container(211).HasFocus(51)">Skin.SetImage(Plexbmc.Queue.Background)</onclick>
                        </control>
                        <control type="button" id="311">
                            <visible>!Skin.HasSetting(Home_DefaultBG)</visible>
                            <description>Change multi image background</description>
                            <include>DialogMenuButton</include>
                            <label>$LOCALIZE[31064]</label>
                            <onclick condition="Container(211).HasFocus(30)">Skin.SetPath(Plexbmc.0.Background)</onclick>
                            <onclick condition="Container(211).HasFocus(31)">Skin.SetPath(Plexbmc.1.Background)</onclick>
                            <onclick condition="Container(211).HasFocus(32)">Skin.SetPath(Plexbmc.2.Background)</onclick>
                            <onclick condition="Container(211).HasFocus(33)">Skin.SetPath(Plexbmc.3.Background)</onclick>
                            <onclick condition="Container(211).HasFocus(34)">Skin.SetPath(Plexbmc.4.Background)</onclick>
                            <onclick condition="Container(211).HasFocus(35)">Skin.SetPath(Plexbmc.5.Background)</onclick>
                            <onclick condition="Container(211).HasFocus(36)">Skin.SetPath(Plexbmc.6.Background)</onclick>
                            <onclick condition="Container(211).HasFocus(37)">Skin.SetPath(Plexbmc.7.Background)</onclick>
                            <onclick condition="Container(211).HasFocus(38)">Skin.SetPath(Plexbmc.8.Background)</onclick>
                            <onclick condition="Container(211).HasFocus(39)">Skin.SetPath(Plexbmc.9.Background)</onclick>
                            <onclick condition="Container(211).HasFocus(40)">Skin.SetPath(Plexbmc.10.Background)</onclick>
                            <onclick condition="Container(211).HasFocus(50)">Skin.SetPath(Plexbmc.Channels.Background)</onclick>
                            <onclick condition="Container(211).HasFocus(51)">Skin.SetPath(Plexbmc.Queue.Background)</onclick>
                        </control>
                        <control type="button" id="312">
                            <visible>!Skin.HasSetting(Home_DefaultBG)</visible>
                            <description>Reset shortcut background</description>
                            <include>DialogMenuButton</include>
                            <label>$LOCALIZE[31062]</label>
                            <onclick condition="Container(211).HasFocus(30)">Skin.Reset(Plexbmc.0.Background)</onclick>
                            <onclick condition="Container(211).HasFocus(31)">Skin.Reset(Plexbmc.1.Background)</onclick>
                            <onclick condition="Container(211).HasFocus(32)">Skin.Reset(Plexbmc.2.Background)</onclick>
                            <onclick condition="Container(211).HasFocus(33)">Skin.Reset(Plexbmc.3.Background)</onclick>
                            <onclick condition="Container(211).HasFocus(34)">Skin.Reset(Plexbmc.4.Background)</onclick>
                            <onclick condition="Container(211).HasFocus(35)">Skin.Reset(Plexbmc.5.Background)</onclick>
                            <onclick condition="Container(211).HasFocus(36)">Skin.Reset(Plexbmc.6.Background)</onclick>
                            <onclick condition="Container(211).HasFocus(37)">Skin.Reset(Plexbmc.7.Background)</onclick>
                            <onclick condition="Container(211).HasFocus(38)">Skin.Reset(Plexbmc.8.Background)</onclick>
                            <onclick condition="Container(211).HasFocus(39)">Skin.Reset(Plexbmc.9.Background)</onclick>
                            <onclick condition="Container(211).HasFocus(40)">Skin.Reset(Plexbmc.10.Background)</onclick>
                            <onclick condition="Container(211).HasFocus(50)">Skin.Reset(Plexbmc.Channels.Background)</onclick>
                            <onclick condition="Container(211).HasFocus(51)">Skin.Reset(Plexbmc.Queue.Background)</onclick>
                        </control>
                        <control type="button" id="308">
                            <description>Reset shortcuts</description>
                            <include>DialogMenuButton</include>
                            <label>$LOCALIZE[31063]</label>
                            <onclick>Skin.Reset(Plexbmc.0.Icon)</onclick>
                            <onclick>Skin.Reset(Plexbmc.1.Icon)</onclick>
                            <onclick>Skin.Reset(Plexbmc.2.Icon)</onclick>
                            <onclick>Skin.Reset(Plexbmc.3.Icon)</onclick>
                            <onclick>Skin.Reset(Plexbmc.4.Icon)</onclick>
                            <onclick>Skin.Reset(Plexbmc.5.Icon)</onclick>
                            <onclick>Skin.Reset(Plexbmc.6.Icon)</onclick>
                            <onclick>Skin.Reset(Plexbmc.7.Icon)</onclick>
                            <onclick>Skin.Reset(Plexbmc.8.Icon)</onclick>
                            <onclick>Skin.Reset(Plexbmc.9.Icon)</onclick>
                            <onclick>Skin.Reset(Plexbmc.10.Icon)</onclick>
                            <onclick>Skin.Reset(Plexbmc.Channels.Icon)</onclick>
                            <onclick>Skin.Reset(Plexbmc.Queue.Icon)</onclick>
                            <onclick>Skin.Reset(Plexbmc.0.Background)</onclick>
                            <onclick>Skin.Reset(Plexbmc.1.Background)</onclick>
                            <onclick>Skin.Reset(Plexbmc.2.Background)</onclick>
                            <onclick>Skin.Reset(Plexbmc.3.Background)</onclick>
                            <onclick>Skin.Reset(Plexbmc.4.Background)</onclick>
                            <onclick>Skin.Reset(Plexbmc.5.Background)</onclick>
                            <onclick>Skin.Reset(Plexbmc.6.Background)</onclick>
                            <onclick>Skin.Reset(Plexbmc.7.Background)</onclick>
                            <onclick>Skin.Reset(Plexbmc.8.Background)</onclick>
                            <onclick>Skin.Reset(Plexbmc.9.Background)</onclick>
                            <onclick>Skin.Reset(Plexbmc.10.Background)</onclick>
                            <onclick>Skin.Reset(Plexbmc.Channels.Background)</onclick>
                            <onclick>Skin.Reset(Plexbmc.Queue.Background)</onclick>
                            <onclick>Skin.Reset(hide.plexbmc.0.title)</onclick>
                            <onclick>Skin.Reset(hide.plexbmc.1.title)</onclick>
                            <onclick>Skin.Reset(hide.plexbmc.2.title)</onclick>
                            <onclick>Skin.Reset(hide.plexbmc.3.title)</onclick>
                            <onclick>Skin.Reset(hide.plexbmc.4.title)</onclick>
                            <onclick>Skin.Reset(hide.plexbmc.5.title)</onclick>
                            <onclick>Skin.Reset(hide.plexbmc.6.title)</onclick>
                            <onclick>Skin.Reset(hide.plexbmc.7.title)</onclick>
                            <onclick>Skin.Reset(hide.plexbmc.8.title)</onclick>
                            <onclick>Skin.Reset(hide.plexbmc.9.title)</onclick>
                            <onclick>Skin.Reset(hide.plexbmc.10.title)</onclick>
                            <onclick>Skin.Reset(Channels.Hide)</onclick>
                            <onclick>Skin.Reset(Queue.Hide)</onclick>
                            <onclick>Skin.Reset(Plexbmc.0.Label)</onclick>
                            <onclick>Skin.Reset(Plexbmc.1.Label)</onclick>
                            <onclick>Skin.Reset(Plexbmc.2.Label)</onclick>
                            <onclick>Skin.Reset(Plexbmc.3.Label)</onclick>
                            <onclick>Skin.Reset(Plexbmc.4.Label)</onclick>
                            <onclick>Skin.Reset(Plexbmc.5.Label)</onclick>
                            <onclick>Skin.Reset(Plexbmc.6.Label)</onclick>
                            <onclick>Skin.Reset(Plexbmc.7.Label)</onclick>
                            <onclick>Skin.Reset(Plexbmc.8.Label)</onclick>
                            <onclick>Skin.Reset(Plexbmc.9.Label)</onclick>
                            <onclick>Skin.Reset(Plexbmc.10.Label)</onclick>
                            <onclick>Skin.Reset(Plexbmc.Channels.Label)</onclick>
                            <onclick>Skin.Reset(Plexbmc.Queue.Label)</onclick>
                        </control>
                    </control>
                </control>
                <!--MAIN MENU-->
                <control type="group">
                    <include condition="Skin.HasSetting(VerticalHome)">SkinShortcuts_Window_Back_Level_Vertical</include>
                    <include condition="!Skin.HasSetting(VerticalHome)">SkinShortcuts_Window_Back_Level_Horizontal</include>
                    <control type="list" id="211">
                        <include condition="Skin.HasSetting(VerticalHome)">SkinShortcuts_MainMenu_Vertical</include>
                        <include condition="!Skin.HasSetting(VerticalHome)">SkinShortcuts_MainMenu_Horizontal</include>
                    </control>
                    <include condition="Skin.HasSetting(VerticalHome)">SkinShortcuts_Window_Navigation_Vertical</include>
                    <include condition="!Skin.HasSetting(VerticalHome)">SkinShortcuts_Window_Navigation_Horizontal</include>
                </control>
            </control>
        </control>
    </controls>
</window>

