<?xml version="1.0" encoding="utf-8"?>
<window type="dialog">
    <controls>
        <control type="group">
            <include>SeekBarVisibleSlideEffect</include>
            <control type="group">
                <include>NotificationVisibleFadeEffect</include>
                <control type="image">
                    <right>TextMargin</right>
                    <bottom>TextMargin</bottom>
                    <width>573</width>
                    <height>178</height>
                    <colordiffuse>$VAR[Picked.Theme.Color]</colordiffuse>
                    <texture border="2">common/overlay_player.png</texture>
                </control>
                <control type="image">
                    <posx>1277</posx>
                    <posy>832</posy>
                    <width>573</width>
                    <height>2</height>
                    <colordiffuse>$VAR[Picked.HighLight.Color]</colordiffuse>
                    <texture border="2,0,2,0">common/line_gray_horizontal.png</texture>
                </control>
                <control type="label">
                    <posx>1305</posx>
                    <posy>852</posy>
                    <height>90</height>
                    <width>517</width>
                    <align>left</align>
                    <aligny>top</aligny>
                    <scroll>true</scroll>
                    <include>TextColor_MainColor</include>
                    <font>NowPlayingSubFont</font>
                    <label>$INFO[System.Time]</label>
                </control>
                <control type="label">
                    <posx>1305</posx>
                    <posy>900</posy>
                    <height>90</height>
                    <width>517</width>
                    <align>left</align>
                    <aligny>top</aligny>
                    <scroll>true</scroll>
                    <font>NowPlayingMainFont</font>
                    <include>TextColor_MainColor</include>
                    <label>$INFO[Control.GetLabel(401)]</label>
                </control>
                <control type="label">
                    <posx>1305</posx>
                    <posy>958</posy>
                    <height>90</height>
                    <width>517</width>
                    <align>left</align>
                    <aligny>top</aligny>
                    <scroll>true</scroll>
                    <include>TextColor_MainColor</include>
                    <font>NowPlayingSubFont</font>
                    <label>$INFO[Control.GetLabel(402)]</label>
                </control>
                <control type="image" id="400">
                    <visible>false</visible>
                    <posx>12</posx>
                    <posy>312</posy>
                    <width>112</width>
                    <height>112</height>
                    <texture>-</texture>
                </control>
                <control type="label" id="401">
                    <posx>3153</posx>
                    <posy>0</posy>
                    <height>40</height>
                    <width>570</width>
                    <scroll>true</scroll>
                    <font>-</font>
                </control>
                <control type="label" id="402">
                    <posx>3153</posx>
                    <posy>40</posy>
                    <height>40</height>
                    <width>570</width>
                    <scroll>true</scroll>
                    <font>-</font>
                </control>
            </control>
        </control>
    </controls>
</window>
