<?xml version="1.0" encoding="utf-8"?>
<window type="dialog">
    <defaultcontrol>5</defaultcontrol>
    <controls>
        <control type="group">
            <visible>!Window.IsVisible(sliderdialog)</visible>
            <animation type="Visible" reversible="false">
                <effect type="slide" start="-100,0" end="0,0" time="150" delay="0" tween="cubic" easing="inout"/>
                <effect type="fade" start="0" end="100" time="150" delay="0" tween="circle" easing="inout"/>
            </animation>
            <animation type="Hidden" reversible="false">
                <effect type="slide" start="0,0" end="-100,0" time="150" delay="0" tween="cubic" easing="inout"/>
                <effect type="fade" start="100" end="0" time="150" delay="0" tween="circle" easing="inout"/>
            </animation>
            <include>DimBG</include>
            <control type="group">
                <include>DialogOverlay</include>
                <include>WindowClosingButton</include>
                <control type="group">
                    <include>DialogOpenClose</include>
                    <control type="label" id="2">
                        <posx>100</posx>
                        <posy>0</posy>
                        <width>1720</width>
                        <height>177</height>
                        <label>-</label>
                        <aligny>center</aligny>
                        <font>InfoTitleFont</font>
                        <scroll>true</scroll>
                        <include>TextColor_MainColor</include>
                    </control>
                    <control type="grouplist" id="5">
                        <posx>80</posx>
                        <posy>180</posy>
                        <width>1760</width>
                        <height>600</height>
                        <itemgap>0</itemgap>
                        <pagecontrol>60</pagecontrol>
                        <onup>5</onup>
                        <ondown>9001</ondown>
                        <onleft>9001</onleft>
                        <onright>60</onright>
                    </control>
                    <control type="scrollbar" id="60">
                        <posx>1870</posx>
                        <posy>180</posy>
                        <height>600</height>
                        <onleft>5</onleft>
                        <onright>5</onright>
                        <include>VerticalScroller</include>
                    </control>
                    <control type="button" id="7">
                        <width>1760</width>
                        <include>SettingsButton</include>
                    </control>
                    <control type="radiobutton" id="8">
                        <width>1760</width>
                        <radioposx>1696</radioposx>
                        <textwidth>1200</textwidth>
                        <include>SettingsButton</include>
                    </control>
                    <control type="spincontrolex" id="9">
                        <textwidth>535</textwidth>
                        <width>1760</width>
                        <include>SettingsButton</include>
                    </control>
                    <control type="image" id="11">
                        <description>separator image</description>
                        <width>1760</width>
                        <height>60</height>
                        <texture border="51,0,51,0">common/TransparentDot.png</texture>
                    </control>
                    <control type="edit" id="12">
                        <description>Default Edit</description>
                        <width>1760</width>
                        <textwidth>1720</textwidth>
                        <include>SettingsButton</include>
                    </control>
                    <control type="sliderex" id="13">
                        <width>1760</width>
                        <include>SettingsButton</include>
                    </control>
                    <control type="label" id="14">
                        <description>Default Label</description>
                        <label>-</label>
                        <textoffsety>65</textoffsety>
                        <aligny>top</aligny>
                        <width>1760</width>
                        <height>120</height>
                        <font>LeftMenuTitleFont</font>
                        <include>TextColor_MidColor</include>
                        <include>SettingsButton</include>
                    </control>
                    <control type="grouplist" id="9001">
                        <posx>80</posx>
                        <posy>840</posy>
                        <width>1920</width>
                        <height>180</height>
                        <itemgap>0</itemgap>
                        <align>center</align>
                        <orientation>vertical</orientation>
                        <onup>5</onup>
                        <ondown>9001</ondown>
                        <onleft>9001</onleft>
                        <onright>9001</onright>
                        <control type="button" id="28">
                            <width>1300</width>
                            <include>DialogMenuButton</include>
                            <label>-</label>
                        </control>
                        <control type="button" id="29">
                            <width>1300</width>
                            <include>DialogMenuButton</include>
                            <label>-</label>
                        </control>
                        <control type="button" id="30">
                            <width>1300</width>
                            <include>DialogMenuButton</include>
                            <label>-</label>
                        </control>
                    </control>
                </control>
            </control>
        </control>
    </controls>
</window>
