<?xml version="1.0" encoding="utf-8"?>
<window type="dialog">
    <visible>[VideoPlayer.IsFullscreen | Window.IsVisible(visualisation)]</visible>
    <controls>
        <control type="group" id="48373">
            <visible>![Skin.HasSetting(DisableOSDOnPause)+Player.Paused] | Window.IsVisible(VideoOSD.xml) | Window.IsVisible(MusicOSD.xml)</visible>
            <visible>![
                Window.IsVisible(DialogPlayerProcessInfo.xml) |
                Window.IsVisible(DialogSelect.xml) |
                Window.IsVisible(SliderDialog) |
                Window.IsVisible(OSDVideoSettings) |
                Window.IsVisible(OSDAudioSettings) |
                Window.IsVisible(osdcmssettings) |
                Window.IsVisible(VideoBookmarks) |
                Window.IsVisible(DialogSubtitles.xml) |
                Window.IsVisible(DialogAddonSettings.xml) |
                Window.IsVisible(PVROSDChannels) |
                Window.IsVisible(PVROSDGuide) |
                Window.IsVisible(script-cu-lrclyrics-main.xml)
                ]
            </visible>
            <visible>
                Window.IsVisible(DialogFullscreenInfo.xml) |
                Window.IsVisible(MusicOSD.xml) |
                Window.IsVisible(VideoOSD.xml) |
                Window.IsVisible(visualisation) |
                [
                Window.IsVisible(FullScreenVideo) +
                [Player.Caching | Player.Seeking | player.forwarding | player.rewinding | Player.DisplayAfterSeek | Player.Paused | Player.ShowInfo]
                ]
            </visible>
            <control type="image">
                <include>TopBarOSDVisibleFadeEffectOverlay</include>
                <include>OverlayTransparencyOSD</include>
                <posx>0</posx>
                <posy>995</posy>
                <width>1920</width>
                <height>290</height>
                <colordiffuse>$VAR[Picked.Theme.Color]</colordiffuse>
                <texture border="2">common/overlay_dialog_gradient.png</texture>
            </control>
            <control type="image">
                <include>TopBarOSDVisibleFadeEffectOverlay</include>
                <posx>0</posx>
                <bottom>83</bottom>
                <width>1920</width>
                <height>2</height>
                <colordiffuse>$VAR[Picked.HighLight.Color]</colordiffuse>
                <texture border="2,0,2,0">common/line_gray_horizontal.png</texture>
            </control>
            <control type="group">
                <include>TopBarOSDVisibleFadeEffect</include>
                <control type="slider" id="401">
                    <visible>Player.Seeking</visible>
                    <include>ScrollOffsetLabelVisibleFadeEffect</include>
                    <description>Seek Position</description>
                    <posx>0</posx>
                    <posy>955</posy>
                    <width>1920</width>
                    <height>50</height>
                    <texturesliderbar>common/osd_progress_dummy_50.png</texturesliderbar>
                </control>
                <include content="ProgressBar">
                    <param name="id" value="0"/>
                    <param name="visible" value="Player.Caching"/>
                    <param name="x" value="0"/>
                    <param name="y" value="995"/>
                    <param name="width" value="1920"/>
                    <param name="info" value="Player.CacheLevel"/>
                    <param name="visiblefocus" value="true"/>
                    <param name="direction" value="horizontal"/>
                    <param name="gfx" value="_chaching"/>
                </include>
                <include content="ProgressBar">
                    <param name="id" value="0"/>
                    <param name="visible" value="!Player.ChannelPreviewActive"/>
                    <param name="x" value="0"/>
                    <param name="y" value="995"/>
                    <param name="width" value="1920"/>
                    <param name="info" value="Player.ProgressCache"/>
                    <param name="visiblefocus" value="true"/>
                    <param name="direction" value="horizontal"/>
                    <param name="gfx" value="_chaching"/>
                </include>
                <include content="ProgressBar">
                    <param name="id" value="23"/>
                    <param name="visible" value="true"/>
                    <param name="x" value="0"/>
                    <param name="y" value="995"/>
                    <param name="width" value="1920"/>
                    <param name="info" value="Player.Progress"/>
                    <param name="visiblefocus" value="true"/>
                    <param name="direction" value="horizontal"/>
                </include>
                <include content="ProgressBar">
                    <param name="id" value="0"/>
                    <param name="visible" value="PVR.IsTimeShift + !Player.ChannelPreviewActive"/>
                    <param name="x" value="0"/>
                    <param name="y" value="985"/>
                    <param name="width" value="1920"/>
                    <param name="info" value="PVR.TimeshiftProgress"/>
                    <param name="visiblefocus" value="true"/>
                    <param name="direction" value="horizontal"/>
                    <param name="gfx" value="_timeshift"/>
                </include>
                <control type="grouplist">
                    <animation type="Conditional" pulse="true" reversible="false" condition="true">
                        <include>PulseBasicVisible</include>
                    </animation>
                    <posx>70</posx>
                    <posy>1013</posy>
                    <height>90</height>
                    <width>480</width>
                    <itemgap>15</itemgap>
                    <align>left</align>
                    <orientation>horizontal</orientation>
                    <usecontrolcoords>true</usecontrolcoords>
                    <control type="label">
                        <top>6</top>
                        <width>auto</width>
                        <height>90</height>
                        <font>OSDSubFontMat</font>
                        <include>TextColor_MainColor</include>
                        <label></label>
                    </control>
                    <control type="label">
                        <width>auto</width>
                        <height>90</height>
                        <font>OSDSubFont</font>
                        <include>TextColor_MainColor</include>
                        <label>$INFO[Player.Time]</label>
                    </control>
                </control>
                <control type="grouplist">
                    <animation type="Conditional" pulse="true" reversible="false" condition="true">
                        <include>PulseBasicHidden</include>
                    </animation>
                    <posx>70</posx>
                    <posy>1013</posy>
                    <height>90</height>
                    <width>480</width>
                    <itemgap>15</itemgap>
                    <align>left</align>
                    <orientation>horizontal</orientation>
                    <usecontrolcoords>true</usecontrolcoords>
                    <control type="label">
                        <top>6</top>
                        <width>auto</width>
                        <height>90</height>
                        <font>OSDSubFontMat</font>
                        <include>TextColor_MainColor</include>
                        <label></label>
                    </control>
                    <control type="label">
                        <width>auto</width>
                        <height>90</height>
                        <font>OSDSubFont</font>
                        <include>TextColor_MainColor</include>
                        <label>$INFO[System.Time]</label>
                    </control>
                </control>
                <control type="grouplist">
                    <animation type="Conditional" pulse="true" reversible="false" condition="true">
                        <include>PulseBasicVisible</include>
                    </animation>
                    <right>70</right>
                    <posy>1013</posy>
                    <height>90</height>
                    <width>480</width>
                    <itemgap>15</itemgap>
                    <align>right</align>
                    <orientation>horizontal</orientation>
                    <usecontrolcoords>true</usecontrolcoords>
                    <control type="label">
                        <width>auto</width>
                        <height>90</height>
                        <font>OSDSubFont</font>
                        <include>TextColor_MainColor</include>
                        <label>$INFO[Player.TimeRemaining]</label>
                    </control>
                    <control type="label">
                        <top>6</top>
                        <width>auto</width>
                        <height>90</height>
                        <font>OSDSubFontMat</font>
                        <include>TextColor_MainColor</include>
                        <label></label>
                    </control>
                </control>
                <control type="grouplist">
                    <animation type="Conditional" pulse="true" reversible="false" condition="true">
                        <include>PulseBasicHidden</include>
                    </animation>
                    <right>70</right>
                    <posy>1013</posy>
                    <height>90</height>
                    <width>480</width>
                    <itemgap>15</itemgap>
                    <align>right</align>
                    <orientation>horizontal</orientation>
                    <usecontrolcoords>true</usecontrolcoords>
                    <control type="label">
                        <width>auto</width>
                        <height>90</height>
                        <font>OSDSubFont</font>
                        <include>TextColor_MainColor</include>
                        <label>$INFO[Player.FinishTime]</label>
                    </control>
                    <control type="label">
                        <top>6</top>
                        <width>auto</width>
                        <height>90</height>
                        <font>OSDSubFontMat</font>
                        <include>TextColor_MainColor</include>
                        <label></label>
                    </control>
                </control>
                <!--MIDDLE-->
                <control type="label">
                    <include>Icon_Fade</include>
                    <left>350</left>
                    <posy>1013</posy>
                    <height>90</height>
                    <width>1220</width>
                    <align>center</align>
                    <include>TextColor_MainColor</include>
                    <font>OSDSubFont</font>
                    <label>$VAR[SeekLabel]</label>
                </control>
            </control>
            <control type="group">
                <visible>Window.IsVisible(DialogFullscreenInfo.xml) | [Player.Paused+Skin.HasSetting(EnableOSDInfoOnPause) | [Player.ShowInfo + VideoPlayer.Content(LiveTV) + Window.IsActive(fullscreenvideo)]]</visible>
                <visible>![
                    Window.IsVisible(DialogSelect.xml) |
                    Window.IsVisible(SliderDialog) |
                    Window.IsVisible(OSDVideoSettings) |
                    Window.IsVisible(OSDAudioSettings) |
                    Window.IsVisible(osdcmssettings) |
                    Window.IsVisible(VideoBookmarks) |
                    Window.IsVisible(DialogSubtitles.xml) |
                    Window.IsVisible(DialogAddonSettings.xml) |
                    Window.IsVisible(PVROSDChannels) |
                    Window.IsVisible(PVROSDGuide)
                    ]</visible>
                <!--<include>OSDFade</include>-->
                <include>OpenCloseOverlay</include>
                <!--<include>WindowClosingButton</include>-->
                <control type="image">
                    <include>OverlayTransparencyOSD</include>
                    <posx>0</posx>
                    <bottom>85</bottom>
                    <width>1920</width>
                    <height>395</height>
                    <colordiffuse>$VAR[Picked.Theme.Color]</colordiffuse>
                    <texture border="5">common/overlay_dialog_gradient.png</texture>
                </control>
                <control type="image">
                    <include>TopBarOSDVisibleFadeEffectOverlay</include>
                    <posx>0</posx>
                    <posy>600</posy>
                    <width>1920</width>
                    <height>2</height>
                    <colordiffuse>$VAR[Picked.HighLight.Color]</colordiffuse>
                    <texture border="2,0,2,0">common/line_gray_horizontal.png</texture>
                </control>
                <control type="group">
                    <include>OpenClose</include>
                    <posy>630</posy>
                    <!-- CDART VIDEO -->
                    <include content="DiscArt">
                        <param name="visible" value="!String.IsEmpty(VideoPlayer.Cover)+VideoPlayer.Content(movies)"/>
                        <param name="x" value="30"/>
                        <param name="y" value="20"/>
                        <param name="width" value="301"/>
                        <param name="height" value="301"/>
                        <param name="texture" value="$VAR[VideoPlayerCdArt]"/>
                    </include>
                    <control type="image">
                        <visible>String.IsEmpty(VideoPlayer.Cover)</visible>
                        <posx>70</posx>
                        <posy>10</posy>
                        <width>321</width>
                        <height>321</height>
                        <aspectratio aligny="top">keep</aspectratio>
                        <colordiffuse>$VAR[Picked.HighLight.Color]</colordiffuse>
                        <texture>defaultVideoBig.png</texture>
                        <bordertexture border="2" colordiffuse="$VAR[Picked.HighLight.Color]">common/frame_focus.png</bordertexture>
                        <bordersize>2</bordersize>
                    </control>
                    <control type="image">
                        <animation effect="slide" time="0" start="0,0" end="50,0" condition="!Skin.HasSetting(plexbmc)+Skin.HasSetting(EnableCdArt)">Conditional</animation>
                        <visible>VideoPlayer.Content(movies)|VideoPlayer.Content(musicvideos)</visible>
                        <posx>124</posx>
                        <posy>10</posy>
                        <width>212</width>
                        <height>321</height>
                        <aspectratio aligny="top">scale</aspectratio>
                        <texture background="true">$INFO[VideoPlayer.Cover]</texture>
                        <bordertexture border="2" colordiffuse="$VAR[Picked.HighLight.Color]">common/frame_focus.png</bordertexture>
                        <bordersize>2</bordersize>
                    </control>
                    <control type="image">
                        <visible>VideoPlayer.Content(episodes)</visible>
                        <posx>70</posx>
                        <posy>10</posy>
                        <width>321</width>
                        <height>180</height>
                        <aspectratio>scale</aspectratio>
                        <texture background="true">$INFO[VideoPlayer.Cover]</texture>
                        <bordertexture border="2" colordiffuse="$VAR[Picked.HighLight.Color]">common/frame_focus.png</bordertexture>
                        <bordersize>2</bordersize>
                    </control>
                    <control type="image">
                        <visible>VideoPlayer.Content(livetv)</visible>
                        <posx>70</posx>
                        <posy>10</posy>
                        <width>321</width>
                        <height>241</height>
                        <aspectratio>scale</aspectratio>
                        <texture background="true">$INFO[VideoPlayer.Cover]</texture>
                        <bordertexture border="2" colordiffuse="$VAR[Picked.HighLight.Color]">common/frame_focus.png</bordertexture>
                        <bordersize>2</bordersize>
                    </control>
                    <control type="image">
                        <visible>VideoPlayer.Content(files)</visible>
                        <posx>70</posx>
                        <posy>10</posy>
                        <width>321</width>
                        <height>321</height>
                        <aspectratio aligny="top">keep</aspectratio>
                        <texture background="true">$INFO[VideoPlayer.Cover]</texture>
                        <bordertexture border="2" colordiffuse="$VAR[Picked.HighLight.Color]">common/frame_focus.png</bordertexture>
                        <bordersize>2</bordersize>
                    </control>
                    <control type="label">
                        <posx>460</posx>
                        <posy>10</posy>
                        <height>50</height>
                        <width>1390</width>
                        <font>FacadeListTitleFont</font>
                        <include>TextColor_MainColor</include>
                        <scroll>true</scroll>
                        <label>$VAR[DetailsTitle]</label>
                    </control>
                    <control type="label">
                        <posx>460</posx>
                        <posy>60</posy>
                        <height>50</height>
                        <width>1390</width>
                        <font>FacadeListSubTitleFont</font>
                        <include>TextColor_MainColor</include>
                        <scroll>true</scroll>
                        <label>$VAR[DetailsRow1]$VAR[DetailsRow2,[COLOR=SeparatorColor] › [/COLOR]]$VAR[DetailsRow3,[COLOR=SeparatorColor] › [/COLOR]]</label>
                    </control>
                    <control type="textbox">
                        <posx>460</posx>
                        <posy>115</posy>
                        <height>210</height>
                        <width>1010</width>
                        <font>FacadeListSubTitleFont</font>
                        <include>TextColor_MainColor</include>
                        <label fallback="19055">$INFO[VideoPlayer.Plot]</label>
                        <include>myautoscroll</include>
                    </control>
                    <include content="CodecsVideoOSD">
                        <param name="x" value="1550"/>
                        <param name="y" value="115"/>
                        <param name="width" value="240"/>
                    </include>
                </control>
                <control type="group">
                    <!-- CLEAR ART / LOGO -->
                    <control type="image">
                        <visible>Skin.HasSetting(EnableClearArt)</visible>
                        <animation type="Conditional" pulse="true" reversible="false" condition="Skin.HasSetting(EnableClearLogo)+
                    [!String.IsEmpty(Player.Art(clearlogo))|!String.IsEmpty(Player.Art(tvshow.clearlogo))]+
                    [!String.IsEmpty(Player.Art(clearart))|!String.IsEmpty(Player.Art(tvshow.clearart))]">
                            <effect type="slide" start="0,0" end="0,0" time="1500" delay="3500"/>
                            <effect type="fade" start="100" end="0" time="500" delay="3000"/>
                        </animation>
                        <posx>70</posx>
                        <posy>450</posy>
                        <width>321</width>
                        <height>150</height>
                        <aspectratio aligny="bottom">keep</aspectratio>
                        <texture background="true">$VAR[VideoPlayerClearArt]</texture>
                    </control>
                    <control type="image">
                        <visible>Skin.HasSetting(EnableClearLogo)</visible>
                        <animation type="Conditional" pulse="true" reversible="false" condition="Skin.HasSetting(EnableClearArt)+
                    [!String.IsEmpty(Player.Art(clearlogo))|!String.IsEmpty(Player.Art(tvshow.clearlogo))]+
                    [!String.IsEmpty(Player.Art(clearart))|!String.IsEmpty(Player.Art(tvshow.clearart))]">
                            <effect type="slide" start="0,0" end="0,0" time="1500" delay="3500"/>
                            <effect type="fade" start="0" end="100" time="500" delay="3000"/>
                        </animation>
                        <posx>70</posx>
                        <posy>450</posy>
                        <width>321</width>
                        <height>150</height>
                        <aspectratio aligny="bottom">keep</aspectratio>
                        <texture background="true">$VAR[VideoPlayerClearLogo]</texture>
                    </control>
                </control>
                <include content="StudioArt">
                    <param name="x" value="1470"/>
                    <param name="y" value="450"/>
                    <param name="width" value="321"/>
                    <param name="height" value="150"/>
                    <param name="visible" value="true"/>
                    <param name="align" value="right"/>
                    <param name="aligny" value="bottom"/>
                </include>
            </control>
        </control>
        <control type="label">
            <animation effect="slide" start="0,0" end="0,-85" time="100" condition="control.isvisible(48373)">Conditional</animation>
            <animation effect="fade" start="65" time="3000" condition="true" pulse="true">Conditional</animation>
            <visible>Player.Muted</visible>
            <include>VisibleFadeEffect</include>
            <right>0</right>
            <bottom>0</bottom>
            <height>70</height>
            <width>70</width>
            <align>center</align>
            <aligny>center</aligny>
            <font>TopbarMatFont</font>
            <include>TextColor_MainColor</include>
            <label></label>
        </control>
    </controls>
</window>
