<?xml version="1.0" encoding="utf-8"?>
<window>
    <defaultcontrol always="true">9</defaultcontrol>
    <controls>
        <include>DimBG</include>
        <control type="group">
            <include>DialogOverlay</include>
            <include>WindowClosingButton</include>
            <control type="group">
                <include>DialogOpenClose</include>
                <control type="label" id="20">
                    <posx>100</posx>
                    <posy>0</posy>
                    <width>1720</width>
                    <height>177</height>
                    <aligny>center</aligny>
                    <font>InfoTitleFont</font>
                    <include>TextColor_MainColor</include>
                    <scroll>true</scroll>
                </control>
                <!-- SIDE MENU -->
                <control type="group">
                    <posx>80</posx>
                    <control type="grouplist" id="9">
                        <posy>180</posy>
                        <height>600</height>
                        <onright>9060</onright>
                        <ondown>9001</ondown>
                        <include>DialogMenuButtonGroup</include>
                    </control>
                    <control type="button" id="13">
                        <include>DialogMenuButton</include>
                    </control>
                    <include content="DialogMenuScroller">
                        <param name="y" value="180"/>
                        <param name="height" value="600"/>
                        <param name="onright" value="2"/>
                        <param name="onleft" value="9"/>
                    </include>
                    <control type="grouplist" id="9001">
                        <posx>0</posx>
                        <posy>840</posy>
                        <width>480</width>
                        <height>180</height>
                        <itemgap>0</itemgap>
                        <aligny>bottom</aligny>
                        <orientation>vertical</orientation>
                        <onup>9</onup>
                        <onright>2</onright>
                        <control type="button" id="10">
                            <include>ButtonFocusAnimation</include>
                            <label>$LOCALIZE[186]</label>
                            <include>DialogMenuButton</include>
                        </control>
                        <control type="button" id="11">
                            <include>ButtonFocusAnimation</include>
                            <label>$LOCALIZE[222]</label>
                            <include>DialogMenuButton</include>
                        </control>
                        <control type="button" id="12">
                            <include>ButtonFocusAnimation</include>
                            <label>$LOCALIZE[409]</label>
                            <include>DialogMenuButton</include>
                        </control>
                    </control>
                </control>
                <control type="grouplist" id="2">
                    <posx>530</posx>
                    <posy>180</posy>
                    <width>1310</width>
                    <height>840</height>
                    <itemgap>0</itemgap>
                    <pagecontrol>60</pagecontrol>
                    <onup>2</onup>
                    <ondown>2</ondown>
                    <onleft>9</onleft>
                    <onright>60</onright>
                </control>
                <control type="button" id="3">
                    <width>1290</width>
                    <include>LeftMenuButton</include>
                </control>
                <control type="radiobutton" id="4">
                    <width>1290</width>
                    <radioposx>1248</radioposx>
                    <textwidth>1200</textwidth>
                    <include>SettingsButton</include>
                </control>
                <control type="spincontrolex" id="5">
                    <textwidth>535</textwidth>
                    <width>1290</width>
                    <include>SettingsButton</include>
                </control>
                <control type="image" id="6">
                    <description>separator image</description>
                    <width>1290</width>
                    <height>60</height>
                    <texture border="51,0,51,0">common/TransparentDot.png</texture>
                </control>
                <control type="label" id="7">
                    <description>Default Label</description>
                    <label>-</label>
                    <textoffsety>25</textoffsety>
                    <aligny>top</aligny>
                    <width>1290</width>
                    <height>60</height>
                    <font>LeftMenuTitleFont</font>
                    <include>TextColor_MidColor</include>
                    <include>SettingsButton</include>
                </control>
                <control type="sliderex" id="8">
                    <description>Default Slider</description>
                    <width>1290</width>
                    <include>SettingsButton</include>
                </control>
                <control type="scrollbar" id="60">
                    <posx>1870</posx>
                    <posy>180</posy>
                    <height>840</height>
                    <onleft>2</onleft>
                    <onright>60</onright>
                    <include>VerticalScroller</include>
                </control>
            </control>
        </control>
    </controls>
</window>
