<?xml version="1.0" encoding="utf-8"?>
<window type="dialog">
    <defaultcontrol always="true">29</defaultcontrol>
    <controls>
        <include>DimBG</include>
        <control type="group">
            <include>DialogOverlay</include>
            <include>WindowClosingButton</include>
            <control type="group">
                <include>DialogOpenClose</include>
                <!-- SIDE MENU -->
                <control type="group">
                    <posy>0</posy>
                    <!--GROUPS-->
                    <control type="label">
                        <posx>100</posx>
                        <posy>42</posy>
                        <width>525</width>
                        <height>50</height>
                        <font>InfoTitleFont</font>
                        <scroll>true</scroll>
                        <include>TextColor_MainColor</include>
                        <label>$LOCALIZE[19146]</label>
                    </control>
                    <control type="label">
                        <posx>100</posx>
                        <posy>105</posy>
                        <width>525</width>
                        <height>35</height>
                        <font>InfoTitleSubFont</font>
                        <include>TextColor_MidColor</include>
                        <label>$INFO[Container(13).NumItems] $LOCALIZE[31025]</label>
                    </control>
                    <control type="list" id="13">
                        <posx>80</posx>
                        <posy>180</posy>
                        <width>545</width>
                        <height>360</height>
                        <onup>13</onup>
                        <ondown>9001</ondown>
                        <onleft>13</onleft>
                        <onright>73</onright>
                        <pagecontrol>73</pagecontrol>
                        <itemlayout width="545" height="60">
                            <control type="label">
                                <posx>20</posx>
                                <height>60</height>
                                <width>525</width>
                                <aligny>center</aligny>
                                <font>LeftMenuButtonFont</font>
                                <textcolor>NoFocusedColor</textcolor>
                                <label>$INFO[ListItem.Label]</label>
                            </control>
                        </itemlayout>
                        <focusedlayout width="545" height="60">
                            <control type="group">
                                <include>ButtonFocusAnimation</include>
                                <include content="FocusedIndicatorVertical">
                                    <param name="x" value="0"/>
                                    <param name="y" value="0"/>
                                    <param name="height" value="60"/>
                                    <param name="visible" value="true"/>
                                </include>
                                <control type="label">
                                    <posx>20</posx>
                                    <height>60</height>
                                    <width>525</width>
                                    <aligny>center</aligny>
                                    <font>LeftMenuButtonFont</font>
                                    <include>TextColor_MainColor</include>
                                    <scroll>true</scroll>
                                    <label>$INFO[ListItem.Label]</label>
                                </control>
                            </control>
                        </focusedlayout>
                    </control>
                    <control type="scrollbar" id="73">
                        <posx>575</posx>
                        <posy>180</posy>
                        <height>360</height>
                        <include>VerticalScroller</include>
                        <onleft>13</onleft>
                        <onright>11</onright>
                        <ondown>73</ondown>
                        <onup>73</onup>
                    </control>
                    <control type="grouplist" id="9001">
                        <posx>80</posx>
                        <bottom>60</bottom>
                        <width>480</width>
                        <height>360</height>
                        <itemgap>0</itemgap>
                        <aligny>bottom</aligny>
                        <align>center</align>
                        <orientation>vertical</orientation>
                        <onup>13</onup>
                        <ondown>9001</ondown>
                        <onleft>9001</onleft>
                        <onright>11</onright>
                        <control type="label" id="7965">
                            <include>LeftMenuTitleLabel</include>
                            <label>$LOCALIZE[33063]</label>
                        </control>
                        <control type="button" id="26">
                            <description>Add Group</description>
                            <include>DialogMenuButton</include>
                            <label>$LOCALIZE[31503]</label>
                        </control>
                        <control type="radiobutton" id="25">
                            <description>Hide Group</description>
                            <include>DialogMenuButton</include>
                            <label>$LOCALIZE[19289]</label>
                        </control>
                        <control type="button" id="27">
                            <description>Rename Group</description>
                            <include>DialogMenuButton</include>
                            <label>$LOCALIZE[31504]</label>
                        </control>
                        <control type="button" id="28">
                            <description>Delete Group</description>
                            <include>DialogMenuButton</include>
                            <label>$LOCALIZE[31505]</label>
                        </control>
                        <control type="button" id="29">
                            <description>OK</description>
                            <include>DialogMenuButton</include>
                            <label>$LOCALIZE[186]</label>
                        </control>
                    </control>
                </control>
                <!--CHANNELS-->
                <control type="group">
                    <posx>675</posx>
                    <posy>0</posy>
                    <control type="label" id="21">
                        <posx>20</posx>
                        <posy>42</posy>
                        <width>525</width>
                        <height>50</height>
                        <font>InfoTitleFont</font>
                        <scroll>true</scroll>
                        <include>TextColor_MainColor</include>
                    </control>
                    <control type="label">
                        <posx>20</posx>
                        <posy>105</posy>
                        <width>525</width>
                        <height>35</height>
                        <font>InfoTitleSubFont</font>
                        <include>TextColor_MidColor</include>
                        <label>$INFO[Container(11).NumItems] $LOCALIZE[31025]</label>
                    </control>
                    <control type="panel" id="11">
                        <posx>0</posx>
                        <posy>180</posy>
                        <width>545</width>
                        <height>900</height>
                        <onup>11</onup>
                        <ondown>11</ondown>
                        <onleft>73</onleft>
                        <onright>71</onright>
                        <pagecontrol>71</pagecontrol>
                        <itemlayout width="545" height="60">
                            <control type="label">
                                <posx>20</posx>
                                <height>60</height>
                                <width>525</width>
                                <aligny>center</aligny>
                                <font>LeftMenuButtonFont</font>
                                <textcolor>NoFocusedColor</textcolor>
                                <label>$INFO[ListItem.ChannelNumberLabel,,[COLOR=SeparatorColor] › [/COLOR]]$INFO[ListItem.ChannelName]</label>
                            </control>
                        </itemlayout>
                        <focusedlayout width="545" height="60">
                            <control type="group">
                                <include>ButtonFocusAnimation</include>
                                <include content="FocusedIndicatorVertical">
                                    <param name="x" value="0"/>
                                    <param name="y" value="0"/>
                                    <param name="height" value="60"/>
                                    <param name="visible" value="true"/>
                                </include>
                                <control type="label">
                                    <posx>20</posx>
                                    <height>60</height>
                                    <width>525</width>
                                    <aligny>center</aligny>
                                    <font>LeftMenuButtonFont</font>
                                    <include>TextColor_MainColor</include>
                                    <scroll>true</scroll>
                                    <label>$INFO[ListItem.ChannelNumberLabel,,[COLOR=SeparatorColor] › [/COLOR]]$INFO[ListItem.ChannelName]</label>
                                </control>
                            </control>
                        </focusedlayout>
                    </control>
                    <control type="scrollbar" id="71">
                        <posx>495</posx>
                        <posy>180</posy>
                        <height>900</height>
                        <include>VerticalScroller</include>
                        <onleft>11</onleft>
                        <onright>12</onright>
                        <ondown>71</ondown>
                        <onup>71</onup>
                    </control>
                </control>
                <!--CHANNELS-->
                <control type="group">
                    <posx>1270</posx>
                    <posy>0</posy>
                    <control type="label" id="22">
                        <posx>20</posx>
                        <posy>42</posy>
                        <width>525</width>
                        <height>50</height>
                        <font>InfoTitleFont</font>
                        <scroll>true</scroll>
                        <include>TextColor_MainColor</include>
                        <label>$LOCALIZE[19023]</label>
                    </control>
                    <control type="label">
                        <posx>20</posx>
                        <posy>105</posy>
                        <width>525</width>
                        <height>35</height>
                        <font>InfoTitleSubFont</font>
                        <include>TextColor_MidColor</include>
                        <label>$INFO[Container(12).NumItems] $LOCALIZE[31025]</label>
                    </control>
                    <control type="panel" id="12">
                        <posx>0</posx>
                        <posy>180</posy>
                        <width>545</width>
                        <height>900</height>
                        <onup>12</onup>
                        <ondown>12</ondown>
                        <onleft>71</onleft>
                        <onright>72</onright>
                        <pagecontrol>72</pagecontrol>
                        <itemlayout width="545" height="60">
                            <control type="label">
                                <posx>20</posx>
                                <height>60</height>
                                <width>525</width>
                                <aligny>center</aligny>
                                <font>LeftMenuButtonFont</font>
                                <textcolor>NoFocusedColor</textcolor>
                                <label>$INFO[ListItem.ChannelNumberLabel,,[COLOR=SeparatorColor] › [/COLOR]]$INFO[ListItem.ChannelName]</label>
                            </control>
                        </itemlayout>
                        <focusedlayout width="545" height="60">
                            <control type="group">
                                <include>ButtonFocusAnimation</include>
                                <include content="FocusedIndicatorVertical">
                                    <param name="x" value="0"/>
                                    <param name="y" value="0"/>
                                    <param name="height" value="60"/>
                                    <param name="visible" value="true"/>
                                </include>
                                <control type="label">
                                    <posx>20</posx>
                                    <height>60</height>
                                    <width>525</width>
                                    <aligny>center</aligny>
                                    <font>LeftMenuButtonFont</font>
                                    <include>TextColor_MainColor</include>
                                    <scroll>true</scroll>
                                    <label>$INFO[ListItem.ChannelNumberLabel,,[COLOR=SeparatorColor] › [/COLOR]]$INFO[ListItem.ChannelName]</label>
                                </control>
                            </control>
                        </focusedlayout>
                    </control>
                    <control type="scrollbar" id="72">
                        <posx>600</posx>
                        <posy>180</posy>
                        <height>900</height>
                        <include>VerticalScroller</include>
                        <onleft>12</onleft>
                        <onright>72</onright>
                        <ondown>72</ondown>
                        <onup>72</onup>
                    </control>
                </control>
                <control type="label" id="20">
                    <description>Fake Label used to pass on name label</description>
                    <visible>false</visible>
                </control>
            </control>
        </control>
    </controls>
</window>
