<?xml version="1.0" encoding="utf-8"?>
<window type="dialog">
    <defaultcontrol always="true">9000</defaultcontrol>
    <controls>
        <include>Fanart_Art</include>
        <include>Player_Show</include>
        <include>DimBG</include>
        <control type="group">
            <control type="image">
                <include>DialogOpenCloseOverlay</include>
                <include>OverlayTransparencyDialog</include>
                <posx>-960</posx>
                <posy>0</posy>
                <width>2880</width>
                <height>1080</height>
                <colordiffuse>$VAR[Picked.Theme.Color]</colordiffuse>
                <texture>common/overlay_dialog_gradient.png</texture>
            </control>
            <include>WindowClosingButton</include>
            <control type="group">
                <include>LeftMenuHasFocusAnimation</include>
                <include>DialogOpenClose</include>
                <include content="ThumbsImages">
                    <param name="visible" value="true"/>
                    <param name="visibleFrameHighlight" value="false"/>
                    <param name="x" value="120"/>
                    <param name="y" value="200"/>
                    <param name="width" value="460"/>
                    <param name="height" value="346"/>
                    <param name="aspectratio" value="scale"/>
                    <param name="align" value="center"/>
                    <param name="aligny" value="top"/>
                    <param name="flipy" value="false"/>
                    <param name="texture" value="$VAR[ThumbsPvr]"/>
                    <param name="fallback" value="defaultChannel.png"/>
                    <param name="texturediffuse" value="ThumbsFocusedColor"/>
                    <param name="borderdiffuse" value="$VAR[Picked.HighLight.Color]"/>
                </include>
                <control type="label">
                    <posx>660</posx>
                    <posy>40</posy>
                    <width>1180</width>
                    <height>50</height>
                    <font>InfoTitleFont</font>
                    <include>TextColor_MainColor</include>
                    <scroll>true</scroll>
                    <label>$INFO[ListItem.Title]</label>
                </control>
                <control type="label">
                    <visible>String.IsEmpty(ListItem.EpisodeName)</visible>
                    <posx>660</posx>
                    <posy>100</posy>
                    <width>1180</width>
                    <height>35</height>
                    <font>InfoTitleSubFont</font>
                    <include>TextColor_MainColor</include>
                    <label>$LOCALIZE[207]</label>
                </control>
                <control type="label">
                    <visible>!String.IsEmpty(ListItem.EpisodeName)</visible>
                    <posx>660</posx>
                    <posy>100</posy>
                    <width>1180</width>
                    <height>35</height>
                    <font>InfoTitleSubFont</font>
                    <include>TextColor_MainColor</include>
                    <label>$INFO[ListItem.EpisodeName]</label>
                </control>
                <control type="panel" id="9009">
                    <include>List_9009_Commons</include>
                    <content>
                        <item>
                            <label>$LOCALIZE[19029]:</label>
                            <label2>$INFO[ListItem.ChannelNumber,,[COLOR=SeparatorColor] › [/COLOR]]$INFO[ListItem.ChannelName]</label2>
                            <onclick>noop</onclick>
                            <visible>!String.IsEmpty(ListItem.ChannelName)</visible>
                        </item>
                        <item>
                            <label>$LOCALIZE[19126]:</label>
                            <label2>$INFO[ListItem.StartTime][COLOR=SeparatorColor] › [/COLOR]$INFO[ListItem.StartDate]</label2>
                            <onclick>noop</onclick>
                            <visible>!String.IsEmpty(ListItem.StartTime)</visible>
                        </item>
                        <item>
                            <label>$LOCALIZE[19127]:</label>
                            <label2>$INFO[ListItem.EndTime][COLOR=SeparatorColor] › [/COLOR]$INFO[ListItem.EndDate]</label2>
                            <onclick>noop</onclick>
                            <visible>!String.IsEmpty(ListItem.EndTime)</visible>
                        </item>
                        <item>
                            <label>$LOCALIZE[20373]:</label>
                            <label2>$INFO[ListItem.Season]</label2>
                            <onclick>noop</onclick>
                            <visible>!String.IsEmpty(ListItem.Season)</visible>
                        </item>
                        <item>
                            <label>$LOCALIZE[20359]:</label>
                            <label2>$INFO[ListItem.Episode]</label2>
                            <onclick>noop</onclick>
                            <visible>!String.IsEmpty(ListItem.Episode)</visible>
                        </item>
                        <item>
                            <label>$LOCALIZE[21442]:</label>
                            <label2>$INFO[ListItem.EpisodeName]</label2>
                            <onclick>noop</onclick>
                            <visible>!String.IsEmpty(ListItem.EpisodeName)</visible>
                        </item>
                        <item>
                            <label>$LOCALIZE[20339]:</label>
                            <label2>$INFO[ListItem.Director]</label2>
                            <onclick>noop</onclick>
                            <visible>!String.IsEmpty(ListItem.Director)</visible>
                        </item>
                        <item>
                            <label>$LOCALIZE[20417]:</label>
                            <label2>$INFO[ListItem.Writer]</label2>
                            <onclick>noop</onclick>
                            <visible>!String.IsEmpty(ListItem.Writer)</visible>
                        </item>
                        <item>
                            <label>$LOCALIZE[572]:</label>
                            <label2>$INFO[ListItem.Studio]</label2>
                            <onclick>noop</onclick>
                            <visible>!String.IsEmpty(ListItem.Studio)</visible>
                        </item>
                        <item>
                            <label>$LOCALIZE[515]:</label>
                            <label2>$INFO[ListItem.Genre]</label2>
                            <onclick>noop</onclick>
                            <visible>!String.IsEmpty(ListItem.Genre)</visible>
                        </item>
                        <item>
                            <label>$LOCALIZE[562]:</label>
                            <label2>$INFO[ListItem.Year]</label2>
                            <onclick>noop</onclick>
                            <visible>!String.IsEmpty(ListItem.Year)</visible>
                        </item>
                        <item>
                            <label>$LOCALIZE[20074]:</label>
                            <label2>$INFO[ListItem.mpaa]</label2>
                            <onclick>noop</onclick>
                            <visible>!String.IsEmpty(ListItem.mpaa)</visible>
                        </item>
                        <item>
                            <label>$LOCALIZE[2050]:</label>
                            <label2>$INFO[ListItem.Duration] $LOCALIZE[12391]</label2>
                            <onclick>noop</onclick>
                            <visible>!String.IsEmpty(ListItem.Duration)</visible>
                        </item>
                        <item>
                            <label>$LOCALIZE[202]:</label>
                            <label2>$INFO[ListItem.TagLine]</label2>
                            <onclick>noop</onclick>
                            <visible>!String.IsEmpty(ListItem.TagLine)</visible>
                        </item>
                        <item>
                            <label>$LOCALIZE[574]:</label>
                            <label2>$INFO[ListItem.Country]</label2>
                            <onclick>noop</onclick>
                            <visible>!String.IsEmpty(ListItem.Country)</visible>
                        </item>
                        <item>
                            <label>$LOCALIZE[21445]:</label>
                            <label2>$INFO[ListItem.VideoCodec]</label2>
                            <onclick>noop</onclick>
                            <visible>!String.IsEmpty(ListItem.VideoCodec)</visible>
                        </item>
                        <item>
                            <label>$LOCALIZE[21805]:</label>
                            <label2>$INFO[ListItem.VideoResolution]</label2>
                            <onclick>noop</onclick>
                            <visible>!String.IsEmpty(ListItem.VideoResolution)</visible>
                        </item>
                        <item>
                            <label>$LOCALIZE[21374]:</label>
                            <label2>$INFO[ListItem.VideoAspect]</label2>
                            <onclick>noop</onclick>
                            <visible>!String.IsEmpty(ListItem.VideoAspect)</visible>
                        </item>
                        <item>
                            <label>$LOCALIZE[21446]:</label>
                            <label2>$INFO[ListItem.AudioCodec]</label2>
                            <onclick>noop</onclick>
                            <visible>!String.IsEmpty(ListItem.AudioCodec)</visible>
                        </item>
                        <item>
                            <label>$LOCALIZE[21444]:</label>
                            <label2>$INFO[ListItem.AudioChannels]</label2>
                            <onclick>noop</onclick>
                            <visible>!String.IsEmpty(ListItem.AudioChannels)</visible>
                        </item>
                        <item>
                            <label>$LOCALIZE[21447]:</label>
                            <label2>$INFO[ListItem.AudioLanguage]</label2>
                            <onclick>noop</onclick>
                            <visible>!String.IsEmpty(ListItem.AudioLanguage)</visible>
                        </item>
                        <item>
                            <label>$LOCALIZE[21448]:</label>
                            <label2>$INFO[ListItem.SubtitleLanguage]</label2>
                            <onclick>noop</onclick>
                            <visible>!String.IsEmpty(ListItem.SubtitleLanguage)</visible>
                        </item>
                        <item>
                            <label>$LOCALIZE[36501]:</label>
                            <label2>$INFO[ListItem.StereoscopicMode]</label2>
                            <onclick>noop</onclick>
                            <visible>!String.IsEmpty(ListItem.StereoscopicMode)</visible>
                            <visible>!Skin.HasSetting(plexbmc)</visible>
                        </item>
                        <!--<item>-->
                        <!--<label>$LOCALIZE[573]:</label>-->
                        <!--<label2>$INFO[ListItem.Path]</label2>-->
                        <!--<onclick>Dialog.Close(movieinformation)</onclick>-->
                        <!--<onclick>ActivateWindow(Videos,$INFO[ListItem.Path],return)</onclick>-->
                        <!--<visible>!Skin.HasSetting(plexbmc)</visible>-->
                        <!--</item>-->
                        <item>
                            <label>$LOCALIZE[567]:</label>
                            <label2>$INFO[ListItem.PlayCount]</label2>
                            <onclick>noop</onclick>
                            <visible>!String.IsEmpty(ListItem.PlayCount)</visible>
                        </item>
                        <item>
                            <label fallback="-">$LOCALIZE[575]:</label>
                            <label2>$INFO[ListItem.PercentPlayed,,%]</label2>
                            <onclick>noop</onclick>
                            <visible>ListItem.IsResumable</visible>
                        </item>
                        <item>
                            <label fallback="-">$LOCALIZE[568]:</label>
                            <label2>$INFO[ListItem.LastPlayed]</label2>
                            <onclick>noop</onclick>
                            <visible>!String.IsEmpty(ListItem.LastPlayed)</visible>
                        </item>
                    </content>
                </control>
                <control type="textbox" id="400">
                    <posx>660</posx>
                    <posy>580</posy>
                    <width>1160</width>
                    <height>440</height>
                    <font>InfoPlotFont</font>
                    <include>TextColor_MainColor</include>
                    <label>$VAR[Plots]</label>
                    <include>myautoscroll</include>
                </control>
            </control>
            <!-- SIDE MENU -->
            <control type="group">
                <include>LeftMenu</include>
                <control type="grouplist" id="9000">
                    <ondown>9000</ondown>
                    <onright>9009</onright>
                    <include>LeftMenuButtonGroup</include>
                    <control type="button" id="122">
                        <label>Extended Info</label>
                        <visible>System.HasAddon(script.extendedinfo)</visible>
                        <onclick>Action(Close)</onclick>
                        <onclick>dialog.close(all,true)</onclick>
                        <onclick>RunScript(script.extendedinfo,info=extendedinfo,name=$INFO[ListItem.Title])</onclick>
                        <include>LeftMenuButton</include>
                        <onright>9009</onright>
                    </control>
                    <control type="button" id="4">
                        <description>Find similar</description>
                        <include>LeftMenuButton</include>
                        <label>19003</label>
                        <visible>Window.IsActive(PVRGuideInfo)</visible>
                        <onright>9009</onright>
                    </control>
                    <control type="button" id="5">
                        <description>Switch to Channel</description>
                        <include>LeftMenuButton</include>
                        <label>19165</label>
                        <visible>Window.IsActive(PVRGuideInfo)</visible>
                        <onright>9009</onright>
                    </control>
                    <control type="button" id="8">
                        <description>Play recording</description>
                        <include>LeftMenuButton</include>
                        <label>19687</label>
                        <visible>Window.IsActive(PVRGuideInfo) | Window.IsActive(PVRRecordingInfo)</visible>
                        <onright>9009</onright>
                    </control>
                    <control type="button" id="6">
                        <description>Record</description>
                        <include>LeftMenuButton</include>
                        <label>-</label>
                        <visible>Window.IsActive(PVRGuideInfo)</visible>
                        <onright>9009</onright>
                    </control>
                    <control type="button" id="9">
                        <description>Add Timer</description>
                        <include>LeftMenuButton</include>
                        <label>$LOCALIZE[19061]</label>
                        <visible>Window.IsActive(PVRGuideInfo)</visible>
                        <onright>9009</onright>
                    </control>
                    <control type="button" id="7">
                        <description>OK</description>
                        <include>LeftMenuButton</include>
                        <label>186</label>
                        <onright>9009</onright>
                    </control>
                </control>
            </control>
        </control>
    </controls>
</window>
