<?xml version="1.0" encoding="utf-8"?>
<window>
    <defaultcontrol always="true">996</defaultcontrol>
    <controls>
        <include>DimBG</include>
        <control type="image">
            <include>DialogOpenCloseOverlay</include>
            <include>OverlayTransparencyDialog</include>
            <posx>0</posx>
            <posy>-660</posy>
            <width>1920</width>
            <height>2360</height>
            <colordiffuse>$VAR[Picked.Theme.Color]</colordiffuse>
            <texture>common/overlay_dialog_gradient.png</texture>
        </control>
        <control type="button">
            <description>Fake button for mouse control</description>
            <posx>1620</posx>
            <posy>-660</posy>
            <width>300</width>
            <height>2360</height>
            <include>HiddenButton</include>
            <visible>true</visible>
            <onfocus>back</onfocus>
        </control>
        <control type="group">
            <include>DialogOpenClose</include>
            <control type="image" id="999">
                <posx>0</posx>
                <posy>0</posy>
                <width>1920</width>
                <height>1080</height>
                <colordiffuse>$VAR[Picked.Theme.Color]</colordiffuse>
                <texture border="5">-</texture>
            </control>
            <control type="grouplist" id="996">
                <posx>100</posx>
                <posy>0</posy>
                <width>760</width>
                <height>1080</height>
                <itemgap>0</itemgap>
                <pagecontrol>-</pagecontrol>
                <onleft>998</onleft>
                <control type="button" id="1000">
                    <posx>0</posx>
                    <posy>0</posy>
                    <width>760</width>
                    <textoffsetx>20</textoffsetx>
                    <height>60</height>
                    <!--<align>center</align>-->
                    <include>LeftMenuButton</include>
                </control>
                <control type="button" id="2001">
                    <posx>0</posx>
                    <posy>0</posy>
                    <width>760</width>
                    <textoffsetx>20</textoffsetx>
                    <height>60</height>
                    <include>LeftMenuButton</include>
                    <label>Extended Info</label>
                    <visible>System.HasAddon(script.extendedinfo)</visible>
                    <visible>Container.Content(movies)|Container.Content(tvshows)|Container.Content(Actors)|Container.Content(Directors)|Container.Content(Artists)</visible>
                    <onclick condition="Container.Content(Actors) | Container.Content(Directors) | Container.Content(Artists)">RunScript(script.extendedinfo,info=extendedactorinfo,name=$INFO[ListItem.Label])</onclick>
                    <onclick condition="Container.Content(Movies)">RunScript(script.extendedinfo,info=extendedinfo,dbid=$INFO[ListItem.DBID],name=$INFO[ListItem.Title])</onclick>
                    <onclick condition="Container.Content(tvshows)">RunScript(script.extendedinfo,info=extendedtvinfo,name=$INFO[ListItem.Title],dbid=$INFO[ListItem.DBID])</onclick>
                    <!--<onclick condition="Container.Content(Seasons) + !String.IsEmpty(ListItem.Season)">RunScript(script.extendedinfo,info=seasoninfo,tvshow=$INFO[ListItem.TVShowTitle],season=$INFO[ListItem.Season])</onclick>-->
                </control>
            </control>
        </control>
    </controls>
</window>
