<?xml version="1.0" encoding="UTF-8"?>
<window>
    <defaultcontrol>3</defaultcontrol>
    <controls>
        <include>DimBG</include>
        <control type="group">
        <include>DialogOverlay</include>
        <include>WindowClosingButton</include>
        <control type="group">
            <include>DialogOpenClose</include>
            <!-- SIDE MENU -->
            <control type="group">
                <posy>0</posy>
                <!--GROUPS-->
                <control type="label" id="2">
                    <posx>10100</posx>
                    <posy>42</posy>
                    <width>525</width>
                    <height>50</height>
                    <font>InfoTitleFont</font>
                    <scroll>true</scroll>
                    <include>TextColor_MainColor</include>
                    <label>$LOCALIZE[35058]</label>
                </control>
                <control type="label">
                    <posx>100</posx>
                    <posy>42</posy>
                    <width>525</width>
                    <height>50</height>
                    <font>InfoTitleFont</font>
                    <scroll>true</scroll>
                    <include>TextColor_MainColor</include>
                    <label>$LOCALIZE[35050]</label>
                </control>
                <control type="grouplist" id="3">
                    <description>Controller profiles grouplist</description>
                    <posx>80</posx>
                    <posy>180</posy>
                    <width>545</width>
                    <height>420</height>
                    <onright>5</onright>
                    <ondown>9001</ondown>
                    <onleft>9001</onleft>
                    <include>DialogMenuButtonGroup</include>
                </control>
                <control type="button" id="10">
                    <description>Default controller button</description>
                    <include>DialogMenuButton</include>
                </control>
                <control type="grouplist" id="9001">
                    <posx>80</posx>
                    <bottom>60</bottom>
                    <width>480</width>
                    <height>360</height>
                    <itemgap>0</itemgap>
                    <aligny>bottom</aligny>
                    <align>center</align>
                    <orientation>vertical</orientation>
                    <onup>3</onup>
                    <ondown>9001</ondown>
                    <onright>10</onright>
                    <control type="button" id="18">
                        <include>DialogMenuButton</include>
                        <label>$LOCALIZE[186]</label>
                    </control>
                    <control type="button" id="19">
                        <include>DialogMenuButton</include>
                        <label>$LOCALIZE[10035]</label>
                    </control>
                    <control type="button" id="20">
                        <include>DialogMenuButton</include>
                        <label>$LOCALIZE[21452]</label>
                    </control>
                    <control type="button" id="17">
                        <include>DialogMenuButton</include>
                        <label>$LOCALIZE[10043]</label>
                    </control>
                    <control type="button" id="21">
                        <include>DialogMenuButton</include>
                        <label>$LOCALIZE[35013]</label>
                    </control>
                </control>
            </control>
            <control type="group">
                <posx>635</posx>
                <posy>240</posy>
                <control type="gamecontroller" id="31">
                    <posx>0</posx>
                    <posy>100</posy>
                    <width>650</width>
                    <height>400</height>
                </control>
            </control>
            <control type="group">
                <posx>1370</posx>
                <posy>0</posy>
                <control type="label">
                    <posx>20</posx>
                    <posy>42</posy>
                    <width>425</width>
                    <height>50</height>
                    <font>InfoTitleFont</font>
                    <scroll>true</scroll>
                    <include>TextColor_MainColor</include>
                    <label>$LOCALIZE[35059]</label>
                </control>
                <control type="grouplist" id="5">
                    <description>Features grouplist</description>
                    <posx>0</posx>
                    <posy>180</posy>
                    <width>425</width>
                    <height>900</height>
                    <onleft>3</onleft>
                    <onright>61</onright>
                    <onup>5</onup>
                    <ondown>5</ondown>
                    <itemgap>0</itemgap>
                    <pagecontrol>61</pagecontrol>
                </control>
                <control type="scrollbar" id="61">
                    <posx>500</posx>
                    <posy>180</posy>
                    <height>900</height>
                    <onleft>5</onleft>
                    <onright>9001</onright>
                    <include>VerticalScroller</include>
                </control>
                <control type="button" id="7">
                    <description>Default feature button</description>
                    <width>425</width>
                    <include>DialogMenuButton</include>
                </control>
                <control type="label" id="8">
                    <description>Feature group title</description>
                    <width>425</width>
                    <include>LeftMenuTitleLabel</include>
                </control>
                <control type="image" id="9">
                    <description>Feature separator image</description>
                    <width>425</width>
                    <height>60</height>
                    <texture border="51,0,51,0">common/TransparentDot.png</texture>
                </control>
            </control>

        </control>

        </control>
    </controls>
</window>
