<?xml version="1.0" encoding="utf-8"?>
<window>
    <defaultcontrol always="true">9000</defaultcontrol>
    <controls>
        <include>Fanart_Art</include>
        <include>Player_Show</include>
        <include>DimBG</include>
        <control type="group">
            <control type="image">
                <include>DialogOpenCloseOverlay</include>
                <include>OverlayTransparencyDialog</include>
                <posx>-960</posx>
                <posy>0</posy>
                <width>2880</width>
                <height>1080</height>
                <colordiffuse>$VAR[Picked.Theme.Color]</colordiffuse>
                <texture>common/overlay_dialog_gradient.png</texture>
            </control>
            <include>WindowClosingButton</include>
            <control type="group">
                <include>LeftMenuHasFocusAnimation</include>
                <include>DialogOpenClose</include>
                <control type="group" id="200">
                    <!-- INFO -->
                    <visible>![Control.HasFocus(100)|
                        Control.HasFocus(705)|
                        ControlGroup(1000).HasFocus|
                        ControlGroup(7050).HasFocus]</visible>
                    <include>VisibleFadeEffect</include>
                    <include content="DummyButton">
                        <param name="x" value="0"/>
                        <param name="y" value="70"/>
                        <param name="width" value="1920"/>
                        <param name="height" value="1080"/>
                        <param name="onfocus" value="noop"/>
                        <param name="SlideTo" value="610,0"/>
                        <param name="SlideCondition" value="ControlGroup(9000).hasfocus"/>
                    </include>
                    <include content="ThumbsImages">
                        <param name="visible" value="true"/>
                        <param name="visibleFrameHighlight" value="false"/>
                        <param name="x" value="120"/>
                        <param name="y" value="200"/>
                        <param name="width" value="460"/>
                        <param name="height" value="690"/>
                        <param name="aspectratio" value="keep"/>
                        <param name="align" value="center"/>
                        <param name="aligny" value="top"/>
                        <param name="flipy" value="false"/>
                        <param name="texture" value="$VAR[Thumbs]"/>
                        <param name="fallback" value="DefaultFile.png"/>
                        <param name="texturediffuse" value="ThumbsFocusedColor"/>
                        <param name="borderdiffuse" value="$VAR[Picked.HighLight.Color]"/>
                    </include>
                    <control type="label">
                        <posx>660</posx>
                        <posy>40</posy>
                        <width>1180</width>
                        <height>50</height>
                        <font>InfoTitleFont</font>
                        <include>TextColor_MainColor</include>
                        <scroll>true</scroll>
                        <label>$INFO[ListItem.AddonName]</label>
                    </control>
                    <control type="label">
                        <posx>660</posx>
                        <posy>100</posy>
                        <width>1180</width>
                        <height>35</height>
                        <font>InfoTitleSubFont</font>
                        <include>TextColor_MainColor</include>
                        <label>$LOCALIZE[29915]$INFO[ListItem.AddonSize, - $LOCALIZE[21802]: ]</label>
                    </control>
                    <control type="panel" id="9009">
                        <height>120</height>
                        <ondown>8060</ondown>
                        <include>List_9009_Commons</include>
                        <content>
                            <item>
                                <label>$LOCALIZE[146]</label>
                                <label2>$INFO[ListItem.AddonType]</label2>
                                <onclick>noop</onclick>
                            </item>
                            <item>
                                <label>$LOCALIZE[21863]:</label>
                                <label2>$INFO[ListItem.AddonCreator]</label2>
                                <onclick>noop</onclick>
                            </item>
                            <item>
                                <label>$LOCALIZE[24051]</label>
                                <label2>$INFO[ListItem.AddonVersion]</label2>
                                <onclick>noop</onclick>
                            </item>
                        </content>
                    </control>
                    <control type="label">
                        <visible>!String.IsEmpty(ListItem.AddonDisclaimer)</visible>
                        <posx>660</posx>
                        <posy>320</posy>
                        <height>50</height>
                        <width>1160</width>
                        <scroll>true</scroll>
                        <font>FacadeListMainFont</font>
                        <include>TextColor_MainColor</include>
                        <label>[COLOR=WarningColor]$INFO[ListItem.AddonDisclaimer][/COLOR]</label>
                    </control>
                    <control type="label">
                        <visible>!String.IsEmpty(ListItem.AddonBroken)</visible>
                        <posx>660</posx>
                        <posy>370</posy>
                        <height>50</height>
                        <width>1160</width>
                        <scroll>true</scroll>
                        <font>FacadeListMainFont</font>
                        <include>TextColor_MainColor</include>
                        <label>[COLOR=WarningColor]$LOCALIZE[24096][/COLOR]</label>
                    </control>
                    <control type="textbox">
                        <posx>660</posx>
                        <posy>440</posy>
                        <width>1160</width>
                        <height>95</height>
                        <font>InfoPlotFont</font>
                        <include>TextColor_MainColor</include>
                        <label>$INFO[ListItem.AddonSummary]</label>
                        <pagecontrol>8060</pagecontrol>
                    </control>
                    <control type="scrollbar" id="8060">
                        <posx>1870</posx>
                        <posy>440</posy>
                        <height>95</height>
                        <include>VerticalScroller</include>
                        <onleft>9000</onleft>
                        <onup>9009</onup>
                        <ondown>6060</ondown>
                    </control>
                    <control type="textbox">
                        <posx>660</posx>
                        <posy>580</posy>
                        <width>1160</width>
                        <height>440</height>
                        <font>InfoPlotFont</font>
                        <include>TextColor_MainColor</include>
                        <label>$INFO[ListItem.AddonDescription]</label>
                        <pagecontrol>6060</pagecontrol>
                    </control>
                    <control type="scrollbar" id="6060">
                        <posx>1870</posx>
                        <posy>580</posy>
                        <height>440</height>
                        <include>VerticalScroller</include>
                        <onleft>9000</onleft>
                        <onup>8060</onup>
                        <ondown>6060</ondown>
                    </control>
                </control>
                <control type="group" id="1000">
                    <visible>Control.HasFocus(100)|ControlGroup(1000).HasFocus</visible>
                    <include>VisibleFadeEffect</include>
                    <!-- CHANGELOG -->
                    <include content="DummyButton">
                        <param name="x" value="0"/>
                        <param name="y" value="70"/>
                        <param name="width" value="1920"/>
                        <param name="height" value="1080"/>
                        <param name="onfocus" value="noop"/>
                        <param name="SlideTo" value="610,0"/>
                        <param name="SlideCondition" value="ControlGroup(9000).hasfocus"/>
                    </include>
                    <include content="ThumbsImages">
                        <param name="visible" value="true"/>
                        <param name="visibleFrameHighlight" value="false"/>
                        <param name="x" value="120"/>
                        <param name="y" value="200"/>
                        <param name="width" value="460"/>
                        <param name="height" value="690"/>
                        <param name="aspectratio" value="keep"/>
                        <param name="align" value="center"/>
                        <param name="aligny" value="top"/>
                        <param name="flipy" value="false"/>
                        <param name="texture" value="$VAR[Thumbs]"/>
                        <param name="fallback" value="DefaultFile.png"/>
                        <param name="texturediffuse" value="ThumbsFocusedColor"/>
                        <param name="borderdiffuse" value="$VAR[Picked.HighLight.Color]"/>
                    </include>
                    <control type="label">
                        <posx>660</posx>
                        <posy>40</posy>
                        <width>1180</width>
                        <height>50</height>
                        <font>InfoTitleFont</font>
                        <include>TextColor_MainColor</include>
                        <scroll>true</scroll>
                        <label>$INFO[ListItem.AddonName]</label>
                    </control>
                    <control type="label">
                        <posx>660</posx>
                        <posy>100</posy>
                        <width>1180</width>
                        <height>35</height>
                        <font>InfoTitleSubFont</font>
                        <include>TextColor_MainColor</include>
                        <label>$LOCALIZE[24036]</label>
                    </control>
                    <control type="textbox">
                        <posx>660</posx>
                        <posy>190</posy>
                        <width>600</width>
                        <height>890</height>
                        <label fallback="416">$INFO[ListItem.AddonNews]</label>
                        <font>InfoPlotFont</font>
                        <include>TextColor_MainColor</include>
                        <pagecontrol>8070</pagecontrol>
                    </control>
                    <control type="scrollbar" id="8070">
                        <posx>1870</posx>
                        <posy>190</posy>
                        <height>890</height>
                        <include>VerticalScroller</include>
                        <onleft>9000</onleft>
                        <onright>7060</onright>
                        <ondown>8070</ondown>
                    </control>
                </control>
                <!--SCREENSHOTS-->
                <control type="group" id="7050">
                    <visible>control.hasfocus(705)|ControlGroup(7050).HasFocus</visible>
                    <visible>Integer.IsGreater(Container(50).NumItems,0)</visible>
                    <include>VisibleFadeEffect</include>
                    <include content="DummyButton">
                        <param name="x" value="0"/>
                        <param name="y" value="70"/>
                        <param name="width" value="1920"/>
                        <param name="height" value="1080"/>
                        <param name="onfocus" value="noop"/>
                        <param name="SlideTo" value="610,0"/>
                        <param name="SlideCondition" value="ControlGroup(9000).hasfocus"/>
                    </include>
                    <include content="ThumbsImages">
                        <param name="visible" value="true"/>
                        <param name="visibleFrameHighlight" value="false"/>
                        <param name="x" value="120"/>
                        <param name="y" value="200"/>
                        <param name="width" value="460"/>
                        <param name="height" value="690"/>
                        <param name="aspectratio" value="keep"/>
                        <param name="align" value="center"/>
                        <param name="aligny" value="top"/>
                        <param name="flipy" value="false"/>
                        <param name="texture" value="$VAR[Thumbs]"/>
                        <param name="fallback" value="DefaultFile.png"/>
                        <param name="texturediffuse" value="ThumbsFocusedColor"/>
                        <param name="borderdiffuse" value="$VAR[Picked.HighLight.Color]"/>
                    </include>
                    <control type="label">
                        <posx>660</posx>
                        <posy>40</posy>
                        <width>1180</width>
                        <height>50</height>
                        <font>InfoTitleFont</font>
                        <include>TextColor_MainColor</include>
                        <scroll>true</scroll>
                        <label>$INFO[ListItem.AddonName]</label>
                    </control>
                    <control type="label">
                        <posx>660</posx>
                        <posy>100</posy>
                        <width>1180</width>
                        <height>35</height>
                        <font>InfoTitleSubFont</font>
                        <include>TextColor_MainColor</include>
                        <label>$LOCALIZE[20008] - $INFO[Container(50).NumItems] $LOCALIZE[31025]</label>
                    </control>
                    <control type="panel" id="50">
                        <posx>660</posx>
                        <posy>200</posy>
                        <width>1180</width>
                        <height>880</height>
                        <onleft>9000</onleft>
                        <onright>756</onright>
                        <onup>750</onup>
                        <ondown>750</ondown>
                        <pagecontrol>756</pagecontrol>
                        <itemlayout height="170" width="292">
                            <include content="ThumbsImages">
                                <param name="visible" value="true"/>
                                <param name="visibleFrameHighlight" value="false"/>
                                <param name="x" value="0"/>
                                <param name="y" value="0"/>
                                <param name="width" value="285"/>
                                <param name="height" value="160"/>
                                <param name="aspectratio" value="keep"/>
                                <param name="align" value="center"/>
                                <param name="aligny" value="top"/>
                                <param name="flipy" value="false"/>
                                <param name="texture" value="$VAR[Thumbs]"/>
                                <param name="fallback" value="DefaultFile.png"/>
                                <param name="texturediffuse" value="ThumbsUnfocusedColor"/>
                                <param name="borderdiffuse" value="BorderUnfocusedColor"/>
                            </include>
                        </itemlayout>
                        <focusedlayout height="170" width="292">
                            <include content="ThumbsImages">
                                <param name="visible" value="true"/>
                                <param name="visibleFrameHighlight" value="true"/>
                                <param name="x" value="0"/>
                                <param name="y" value="0"/>
                                <param name="width" value="285"/>
                                <param name="height" value="160"/>
                                <param name="aspectratio" value="keep"/>
                                <param name="align" value="center"/>
                                <param name="aligny" value="top"/>
                                <param name="flipy" value="false"/>
                                <param name="texture" value="$VAR[Thumbs]"/>
                                <param name="fallback" value="DefaultFile.png"/>
                                <param name="texturediffuse" value="ThumbsFocusedColor"/>
                                <param name="borderdiffuse" value="$VAR[Picked.HighLight.Color]"/>
                            </include>
                        </focusedlayout>
                    </control>
                    <control type="scrollbar" id="756">
                        <posx>1870</posx>
                        <posy>200</posy>
                        <height>880</height>
                        <include>VerticalScroller</include>
                        <onleft>750</onleft>
                        <onright>756</onright>
                    </control>
                </control>
            </control>
            <!-- SIDE MENU -->
            <control type="group">
                <include>LeftMenu</include>
                <control type="grouplist" id="9000">
                    <include>LeftMenuButtonGroup</include>
                    <ondown>9000</ondown>
                    <control type="button" id="7966">
                        <description>Info</description>
                        <label>$LOCALIZE[31021]</label>
                        <include>LeftMenuButton</include>
                        <onright>9009</onright>
                        <onclick>SetFocus(9009)</onclick>
                    </control>
                    <control type="button" id="9">
                        <label>$LOCALIZE[5]</label>
                        <include>LeftMenuButton</include>
                        <onright>9009</onright>
                    </control>
                    <control type="button" id="8">
                        <label>$LOCALIZE[24069]</label>
                        <include>LeftMenuButton</include>
                        <onright>9009</onright>
                    </control>
                    <control type="button" id="100">
                        <label>$LOCALIZE[24036]</label>
                        <include>LeftMenuButton</include>
                        <onright>8070</onright>
                        <onclick>SetFocus(8070)</onclick>
                    </control>
                    <control type="button" id="705">
                        <visible>Integer.IsGreater(Container(50).NumItems,0)</visible>
                        <label>$LOCALIZE[20008]</label>
                        <include>LeftMenuButton</include>
                        <onright>50</onright>
                        <onclick>SetFocus(50)</onclick>
                    </control>
                    <control type="button" id="7">
                        <label>$LOCALIZE[24021]</label>
                        <include>LeftMenuButton</include>
                        <onright>9009</onright>
                    </control>
                    <control type="button" id="6">
                        <label>$LOCALIZE[24022]</label>
                        <include>LeftMenuButton</include>
                        <onright>9009</onright>
                    </control>
                    <control type="radiobutton" id="13">
                        <visible>Control.IsEnabled(13)</visible>
                        <description>Auto-update button</description>
                        <label>$LOCALIZE[21340]</label>
                        <include>LeftMenuButton</include>
                        <onright>9009</onright>
                    </control>
                    <control type="button" id="12">
                        <label>$LOCALIZE[518]</label>
                        <include>LeftMenuButton</include>
                        <onright>9009</onright>
                    </control>
                </control>
            </control>
        </control>
    </controls>
</window>
