<?xml version="1.0" encoding="utf-8"?>
<window type="window">
    <defaultcontrol>3</defaultcontrol>
    <controls>
        <include>DimBG</include>
        <control type="group">
            <include>DialogOverlay</include>
            <include>WindowClosingButton</include>
            <control type="group">
                <include>DialogOpenClose</include>
                <control type="label" id="1">
                    <posx>100</posx>
                    <posy>42</posy>
                    <width>1720</width>
                    <height>50</height>
                    <label>$LOCALIZE[13406]</label>
                    <font>InfoTitleFont</font>
                    <scroll>true</scroll>
                    <include>TextColor_MainColor</include>
                </control>
                <control type="label" id="4">
                    <description>No Settings Label</description>
                    <posx>100</posx>
                    <posy>180</posy>
                    <width>1720</width>
                    <height>50</height>
                    <font>InfoDetailsFont</font>
                    <textcolor>AlternateColor</textcolor>
                </control>
                <control type="group">
                    <visible>control.isvisible(6)</visible>
                    <control type="label">
                        <posx>100</posx>
                        <posy>105</posy>
                        <width>920</width>
                        <height>35</height>
                        <font>InfoTitleSubFont</font>
                        <include>TextColor_MidColor</include>
                        <label>$INFO[Container(6).NumItems,, $LOCALIZE[31025]]</label>
                    </control>
                    <control type="scrollbar" id="60">
                        <posx>1870</posx>
                        <posy>180</posy>
                        <height>720</height>
                        <include>VerticalScroller</include>
                        <onleft>6</onleft>
                        <onright>6</onright>
                        <ondown>9001</ondown>
                    </control>
                </control>
                <control type="panel" id="6">
                    <posx>100</posx>
                    <posy>180</posy>
                    <width>1720</width>
                    <height>720</height>
                    <itemgap>0</itemgap>
                    <orientation>vertical</orientation>
                    <onleft>9001</onleft>
                    <onright>60</onright>
                    <onup>6</onup>
                    <ondown>9001</ondown>
                    <pagecontrol>60</pagecontrol>
                    <itemlayout width="1720" height="240">
                        <include content="ThumbsImages">
                            <param name="visible" value="true"/>
                            <param name="visibleFrameHighlight" value="false"/>
                            <param name="x" value="0"/>
                            <param name="y" value="5"/>
                            <param name="width" value="230"/>
                            <param name="height" value="230"/>
                            <param name="aspectratio" value="scale"/>
                            <param name="align" value="left"/>
                            <param name="aligny" value="top"/>
                            <param name="flipy" value="false"/>
                            <param name="texture" value="$INFO[Listitem.Icon]"/>
                            <param name="fallback" value="DefaultFile.png"/>
                            <param name="texturediffuse" value="ThumbsUnfocusedColor"/>
                            <param name="borderdiffuse" value="BorderUnfocusedColor"/>
                        </include>
                        <control type="group">
                            <visible>!String.IsEqual(ListItem.Label,..)</visible>
                            <control type="label">
                                <posx>300</posx>
                                <posy>20</posy>
                                <height>50</height>
                                <width>1420</width>
                                <font>FacadeListTitleFont</font>
                                <textcolor>NoFocusedColor</textcolor>
                                <label>$INFO[ListItem.Label]</label>
                            </control>
                            <control type="label">
                                <posx>300</posx>
                                <posy>70</posy>
                                <height>50</height>
                                <width>1420</width>
                                <font>FacadeListSubTitleFont</font>
                                <textcolor>NoFocusedColor</textcolor>
                                <label>$INFO[ListItem.Label2]</label>
                            </control>
                        </control>
                    </itemlayout>
                    <focusedlayout width="1720" height="240">
                        <control type="group">
                            <include>ButtonWideFocusAnimation</include>
                            <include content="ThumbsImages">
                                <param name="visible" value="true"/>
                                <param name="visibleFrameHighlight" value="true"/>
                                <param name="x" value="0"/>
                                <param name="y" value="5"/>
                                <param name="width" value="230"/>
                                <param name="height" value="230"/>
                                <param name="aspectratio" value="scale"/>
                                <param name="align" value="left"/>
                                <param name="aligny" value="top"/>
                                <param name="flipy" value="false"/>
                                <param name="texture" value="$INFO[Listitem.Icon]"/>
                                <param name="fallback" value="DefaultFile.png"/>
                                <param name="texturediffuse" value="ThumbsFocusedColor"/>
                                <param name="borderdiffuse" value="$VAR[Picked.HighLight.Color]"/>
                            </include>
                            <include content="FocusedIndicatorVertical">
                                <param name="x" value="280"/>
                                <param name="y" value="20"/>
                                <param name="height" value="55"/>
                                <param name="visible" value="control.hasfocus(6)"/>
                            </include>
                            <control type="group">
                                <visible>!String.IsEqual(ListItem.Label,..)</visible>
                                <control type="label">
                                    <posx>300</posx>
                                    <posy>20</posy>
                                    <height>50</height>
                                    <width>1420</width>
                                    <font>FacadeListTitleFont</font>
                                    <include>TextColor_MainColor</include>
                                    <scroll>true</scroll>
                                    <label>$INFO[ListItem.Label]</label>
                                </control>
                                <control type="label">
                                    <posx>300</posx>
                                    <posy>70</posy>
                                    <height>50</height>
                                    <width>1420</width>
                                    <font>FacadeListSubTitleFont</font>
                                    <include>TextColor_MainColor</include>
                                    <scroll>true</scroll>
                                    <label>$INFO[ListItem.Label2]</label>
                                </control>
                                <control type="label">
                                    <posx>300</posx>
                                    <posy>130</posy>
                                    <height>50</height>
                                    <width>1420</width>
                                    <font>FacadeListSubTitleFont</font>
                                    <include>TextColor_MainColor</include>
                                    <label>$INFO[ListItem.AddonVersion,$LOCALIZE[24051] ]</label>
                                </control>
                                <control type="label">
                                    <posx>300</posx>
                                    <posy>170</posy>
                                    <height>50</height>
                                    <width>1420</width>
                                    <font>FacadeListSubTitleFont</font>
                                    <include>TextColor_MainColor</include>
                                    <label>$INFO[ListItem.AddonCreator,$LOCALIZE[21863]: ]</label>
                                </control>
                            </control>
                        </control>
                    </focusedlayout>
                </control>
                <control type="group">
                    <visible>control.isvisible(3)</visible>
                    <control type="label">
                        <posx>100</posx>
                        <posy>105</posy>
                        <width>920</width>
                        <height>35</height>
                        <font>InfoTitleSubFont</font>
                        <include>TextColor_MidColor</include>
                        <label>$INFO[Container(3).NumItems,, $LOCALIZE[31025]]</label>
                    </control>
                    <control type="scrollbar" id="61">
                        <posx>1870</posx>
                        <posy>180</posy>
                        <height>720</height>
                        <include>VerticalScroller</include>
                        <onleft>3</onleft>
                        <onright>3</onright>
                        <ondown>9001</ondown>
                    </control>
                </control>
                <control type="panel" id="3">
                    <posx>80</posx>
                    <posy>180</posy>
                    <width>1740</width>
                    <height>720</height>
                    <itemgap>0</itemgap>
                    <orientation>vertical</orientation>
                    <onleft>9001</onleft>
                    <onright>61</onright>
                    <onup>3</onup>
                    <ondown>9001</ondown>
                    <pagecontrol>61</pagecontrol>
                    <itemlayout width="1740" height="60">
                        <control type="label">
                            <posx>20</posx>
                            <height>60</height>
                            <width>1740</width>
                            <aligny>center</aligny>
                            <font>DialogFont</font>
                            <textcolor>NoFocusedColor</textcolor>
                            <label>$INFO[ListItem.Label]$INFO[ListItem.Label2,[COLOR=SeparatorColor] › [/COLOR]]</label>
                        </control>
                    </itemlayout>
                    <focusedlayout width="1740" height="60">
                        <control type="group">
                            <include>ButtonWideFocusAnimation</include>
                            <control type="group">
                                <visible>control.hasfocus(3)</visible>
                                <include content="FocusedIndicatorVertical">
                                    <param name="x" value="0"/>
                                    <param name="y" value="0"/>
                                    <param name="height" value="60"/>
                                    <param name="visible" value="control.hasfocus(3)"/>
                                </include>
                                <control type="label">
                                    <posx>20</posx>
                                    <height>60</height>
                                    <width>1740</width>
                                    <aligny>center</aligny>
                                    <font>DialogFont</font>
                                    <include>TextColor_MainColor</include>
                                    <scroll>true</scroll>
                                    <label>$INFO[ListItem.Label]$INFO[ListItem.Label2,[COLOR=SeparatorColor] › [/COLOR]]</label>
                                </control>
                            </control>
                            <control type="group">
                                <visible>!control.hasfocus(3)</visible>
                                <control type="label">
                                    <posx>20</posx>
                                    <height>60</height>
                                    <width>1740</width>
                                    <aligny>center</aligny>
                                    <font>DialogFont</font>
                                    <include>TextColor_AlternateColor</include>
                                    <scroll>true</scroll>
                                    <label>$INFO[ListItem.Label]$INFO[ListItem.Label2,[COLOR=SeparatorColor] › [/COLOR]]</label>
                                </control>
                            </control>
                        </control>
                    </focusedlayout>
                </control>
                <control type="grouplist" id="9001">
                    <posx>80</posx>
                    <posy>900</posy>
                    <width>1920</width>
                    <height>180</height>
                    <itemgap>0</itemgap>
                    <align>center</align>
                    <orientation>vertical</orientation>
                    <onup>6</onup>
                    <ondown>9001</ondown>
                    <onleft>9001</onleft>
                    <onright>9001</onright>
                    <control type="button" id="5">
                        <description>Manual button</description>
                        <width>1020</width>
                        <include>LeftMenuButton</include>
                    </control>
                    <control type="button" id="7">
                        <description>Cancel button</description>
                        <width>1020</width>
                        <include>LeftMenuButton</include>
                    </control>
                </control>
            </control>
        </control>
    </controls>
</window>
