<?xml version="1.0" encoding="utf-8"?>
<window type="dialog">
    <defaultcontrol always="true">10</defaultcontrol>
    <controls>
        <include>DimBG</include>
        <control type="group">
            <include>DialogOverlay</include>
            <include>WindowClosingButton</include>
            <control type="group">
                <include>DialogOpenClose</include>
                <control type="label">
                    <posx>100</posx>
                    <posy>0</posy>
                    <width>1720</width>
                    <height>177</height>
                    <label>-</label>
                    <aligny>center</aligny>
                    <font>InfoTitleFont</font>
                    <scroll>true</scroll>
                    <include>TextColor_MainColor</include>
                    <label>$ADDON[pvr.mediaportal.tvserver 30100]</label>
                </control>
                <!-- Dialog specific controls //-->
                <!--Program title-->
                <control type="label" id="20">
                    <posx>TextMargin</posx>
                    <posy>180</posy>
                    <width>1780</width>
                    <height>60</height>
                    <font>FacadeListMainFont</font>
                    <include>TextColor_MainColor</include>
                    <!--<label>filled in by code</label>-->
                </control>
                <!--Program start time-->
                <control type="label" id="21">
                    <posx>TextMargin</posx>
                    <posy>240</posy>
                    <width>1780</width>
                    <height>60</height>
                    <font>FacadeListMainFont</font>
                    <include>TextColor_MainColor</include>
                    <!--<label>filled in by code</label>-->
                </control>
                <!--Program channel-->
                <control type="label" id="22">
                    <posx>TextMargin</posx>
                    <posy>300</posy>
                    <width>1780</width>
                    <height>60</height>
                    <font>FacadeListMainFont</font>
                    <include>TextColor_MainColor</include>
                    <!--<label>filled in by code</label>-->
                </control>
                <!--spincontrols-->
                <control type="grouplist" id="23">
                    <posx>0</posx>
                    <posy>360</posy>
                    <width>1300</width>
                    <height>540</height>
                    <itemgap>0</itemgap>
                    <onup>23</onup>
                    <pagecontrol>60</pagecontrol>
                    <ondown>9001</ondown>
                    <onleft>23</onleft>
                    <onright>60</onright>
                    <control type="spincontrolex" id="10">
                        <description>Frequency</description>
                        <textwidth>535</textwidth>
                        <width>1760</width>
                        <include>SettingsButton</include>
                        <label>$ADDON[pvr.mediaportal.tvserver 30101]</label>
                    </control>
                    <control type="spincontrolex" id="11">
                        <description>Airtime</description>
                        <textwidth>535</textwidth>
                        <width>1760</width>
                        <include>SettingsButton</include>
                        <label>$ADDON[pvr.mediaportal.tvserver 30102]</label>
                    </control>
                    <control type="spincontrolex" id="12">
                        <description>Channels</description>
                        <textwidth>535</textwidth>
                        <width>1760</width>
                        <include>SettingsButton</include>
                        <label>$ADDON[pvr.mediaportal.tvserver 30103]</label>
                    </control>
                    <control type="spincontrolex" id="13">
                        <description>Keep</description>
                        <textwidth>535</textwidth>
                        <width>1760</width>
                        <include>SettingsButton</include>
                        <label>$ADDON[pvr.mediaportal.tvserver 30104]</label>
                    </control>
                    <control type="spincontrolex" id="14">
                        <description>Record minutes before start</description>
                        <textwidth>535</textwidth>
                        <width>1760</width>
                        <include>SettingsButton</include>
                        <label>$ADDON[pvr.mediaportal.tvserver 30105]</label>
                    </control>
                    <control type="spincontrolex" id="15">
                        <description>Record minutes after end</description>
                        <textwidth>535</textwidth>
                        <width>1760</width>
                        <include>SettingsButton</include>
                        <label>$ADDON[pvr.mediaportal.tvserver 30106]</label>
                    </control>
                </control>
                <control type="scrollbar" id="60">
                    <posx>1870</posx>
                    <posy>360</posy>
                    <height>540</height>
                    <onleft>23</onleft>
                    <onright>23</onright>
                    <include>VerticalScroller</include>
                </control>
                <control type="grouplist" id="9001">
                    <posx>80</posx>
                    <posy>900</posy>
                    <width>1920</width>
                    <height>180</height>
                    <itemgap>0</itemgap>
                    <align>center</align>
                    <orientation>vertical</orientation>
                    <onup>23</onup>
                    <control type="button" id="1">
                        <width>1300</width>
                        <include>DialogMenuButton</include>
                        <label>$LOCALIZE[186]</label>
                    </control>
                    <control type="button" id="2">
                        <width>1300</width>
                        <include>DialogMenuButton</include>
                        <label>$LOCALIZE[222]</label>
                    </control>
                </control>
            </control>
        </control>
    </controls>
</window>
