<?xml version="1.0" encoding="utf-8"?>
<window type="dialog">
    <defaultcontrol always="true">9001</defaultcontrol>
    <controls>
        <include>DimBG</include>
        <control type="group">
            <include>DialogOverlay</include>
            <include>WindowClosingButton</include>
            <control type="group">
                <include>DialogOpenClose</include>
                <include content="ProgressBar">
                    <param name="id" value="20"/>
                    <param name="visible" value="true"/>
                    <param name="x" value="0"/>
                    <param name="y" value="0"/>
                    <param name="width" value="1920"/>
                    <param name="info" value="System.Progressbar"/>
                    <param name="endRotation" value="0"/>
                    <param name="centerRotation" value="auto"/>
                    <param name="visiblefocus" value="true"/>
                    <param name="direction" value="horizontal"/>
                </include>
                <control type="label" id="1">
                    <posx>100</posx>
                    <posy>230</posy>
                    <width>1720</width>
                    <height>50</height>
                    <font>InfoTitleFont</font>
                    <include>TextColor_MainColor</include>
                    <scroll>true</scroll>
                </control>
                <control type="textbox" id="9">
                    <posx>100</posx>
                    <posy>330</posy>
                    <width>760</width>
                    <label>-</label>
                    <height>295</height>
                    <font>InfoDetailsFont</font>
                    <include>TextColor_AlternateColor</include>
                    <include>myautoscroll</include>
                </control>
                <control type="grouplist" id="9001">
                    <posx>80</posx>
                    <posy>680</posy>
                    <width>800</width>
                    <height>180</height>
                    <itemgap>0</itemgap>
                    <aligny>top</aligny>
                    <align>center</align>
                    <orientation>vertical</orientation>
                    <onup>6060</onup>
                    <ondown>6060</ondown>
                    <onleft>6060</onleft>
                    <onright>6060</onright>
                    <control type="button" id="11">
                        <include>ButtonFocusAnimation</include>
                        <width>800</width>
                        <include>LeftMenuButton</include>
                    </control>
                    <control type="button" id="10">
                        <include>ButtonFocusAnimation</include>
                        <width>800</width>
                        <include>LeftMenuButton</include>
                    </control>
                    <control type="button" id="12">
                        <include>ButtonFocusAnimation</include>
                        <width>800</width>
                        <include>LeftMenuButton</include>
                    </control>
                </control>
            </control>
        </control>
    </controls>
</window>
