<?xml version="1.0" encoding="utf-8"?>
<window>
	<animation effect="fade" time="150">WindowClose</animation>
	<onunload>Dialog.close(all,true)</onunload>
	<controls>
        <include>DimBG</include>
        <control type="group" id="0">
			<posx>0</posx>
			<posy>0</posy>
            <include>OSDOpenClose</include>
            <control type="group">
                <include>DialogOverlay</include>
                <control type="label">
                    <posx>100</posx>
                    <posy>80</posy>
                    <width>1720</width>
                    <height>100</height>
                    <align>left</align>
                    <aligny>top</aligny>
                    <font>SmallButtonFont</font>
                    <label>-</label>
                    <include>TextColor_MainColor</include>
                    <wrapmultiline>false</wrapmultiline>
					<label>$INFO[Player.Process(videodecoder),$LOCALIZE[31083]: ]$VAR[VideoHWDecoder, (,)]</label>
				</control>
				<control type="label">
                    <posx>100</posx>
                    <posy>125</posy>
                    <width>1720</width>
                    <height>100</height>
                    <align>left</align>
                    <aligny>top</aligny>
                    <font>SmallButtonFont</font>
                    <label>-</label>
                    <include>TextColor_MainColor</include>
                    <wrapmultiline>false</wrapmultiline>
					<label>$INFO[Player.Process(pixformat),$LOCALIZE[31084]: ]</label>
				</control>
				<control type="label">
                    <posx>100</posx>
                    <posy>170</posy>
                    <width>1720</width>
                    <height>100</height>
                    <align>left</align>
                    <aligny>top</aligny>
                    <font>SmallButtonFont</font>
                    <label>-</label>
                    <include>TextColor_MainColor</include>
                    <wrapmultiline>false</wrapmultiline>
					<label>$INFO[Player.Process(deintmethod),$LOCALIZE[16038]: ]</label>
				</control>
				<control type="label">
                    <posx>100</posx>
                    <posy>215</posy>
                    <width>1720</width>
                    <height>100</height>
                    <align>left</align>
                    <aligny>top</aligny>
                    <font>SmallButtonFont</font>
                    <label>-</label>
                    <include>TextColor_MainColor</include>
                    <wrapmultiline>false</wrapmultiline>
					<label>$INFO[Player.Process(videowidth),$LOCALIZE[38031]: ,x]$INFO[Player.Process(videoheight),, px]$INFO[Player.Process(videodar),$COMMA , AR]$INFO[Player.Process(videofps),$COMMA , FPS]</label>
				</control>
				<control type="label">
                    <posx>100</posx>
                    <posy>260</posy>
                    <width>1720</width>
                    <height>100</height>
                    <align>left</align>
                    <aligny>top</aligny>
                    <font>SmallButtonFont</font>
                    <label>-</label>
                    <include>TextColor_MainColor</include>
                    <wrapmultiline>false</wrapmultiline>
					<label>$LOCALIZE[460]: $INFO[Player.Process(audiochannels),,$COMMA ]$INFO[Player.Process(audiodecoder)]$INFO[Player.Process(audiobitspersample),$COMMA , bits]$INFO[Player.Process(audiosamplerate),$COMMA , Hz]</label>
				</control>
				<control type="label">
                    <posx>100</posx>
                    <posy>305</posy>
                    <width>1720</width>
                    <height>100</height>
                    <align>left</align>
                    <aligny>top</aligny>
                    <font>SmallButtonFont</font>
                    <label>-</label>
                    <include>TextColor_MainColor</include>
                    <wrapmultiline>false</wrapmultiline>
					<label>$INFO[System.Memory(used.percent),$LOCALIZE[31085]: ,       ]$INFO[System.CpuUsage,$LOCALIZE[13271] ]</label>
				</control>
			</control>
			<control type="group">
				<posy>425</posy>
				<visible>VideoPlayer.Content(LiveTV) + system.getbool(pvrplayback.signalquality)</visible>
                <control type="label">
                    <posx>100</posx>
                    <posy>80</posy>
                    <width>1720</width>
                    <height>36</height>
                    <label>$LOCALIZE[19012]: $INFO[PVR.ActStreamClient]</label>
                    <align>left</align>
                    <aligny>center</aligny>
                    <include>TextColor_MainColor</include>
                    <font>SmallButtonFont</font>
                </control>
                <control type="label">
                    <posx>100</posx>
                    <posy>125</posy>
                    <width>1720</width>
                    <height>36</height>
                    <label>$LOCALIZE[19015]: $INFO[PVR.ActStreamEncryptionName]</label>
                    <align>left</align>
                    <aligny>center</aligny>
                    <include>TextColor_MainColor</include>
                    <font>SmallButtonFont</font>
                </control>
                <control type="label">
                    <posx>100</posx>
                    <posy>170</posy>
                    <width>1720</width>
                    <height>36</height>
                    <label>$LOCALIZE[19006]: $INFO[PVR.ActStreamDevice]</label>
                    <align>left</align>
                    <aligny>center</aligny>
                    <include>TextColor_MainColor</include>
                    <font>SmallButtonFont</font>
                </control>
                <control type="label">
                    <posx>100</posx>
                    <posy>215</posy>
                    <width>1720</width>
                    <height>36</height>
                    <label>$LOCALIZE[19007]: $INFO[PVR.ActStreamStatus]</label>
                    <align>left</align>
                    <aligny>center</aligny>
                    <include>TextColor_MainColor</include>
                    <font>SmallButtonFont</font>
                </control>
                <control type="label">
                    <posx>100</posx>
                    <posy>260</posy>
                    <width>1720</width>
                    <height>36</height>
                    <label>$LOCALIZE[19008]: $INFO[PVR.ActStreamSignal]</label>
                    <align>left</align>
                    <aligny>center</aligny>
                    <include>TextColor_MainColor</include>
                    <font>SmallButtonFont</font>
                </control>
                <control type="label">
                    <posx>100</posx>
                    <posy>305</posy>
                    <width>1720</width>
                    <height>36</height>
                    <label>$LOCALIZE[19009]: $INFO[PVR.ActStreamSNR]</label>
                    <align>left</align>
                    <aligny>center</aligny>
                    <include>TextColor_MainColor</include>
                    <font>SmallButtonFont</font>
                </control>
                <control type="label">
                    <posx>100</posx>
                    <posy>350</posy>
                    <width>1720</width>
                    <height>36</height>
                    <label>$LOCALIZE[19099]: $INFO[PVR.ActStreamServiceName]</label>
                    <align>left</align>
                    <aligny>center</aligny>
                    <include>TextColor_MainColor</include>
                    <font>SmallButtonFont</font>
                </control>
                <control type="label">
                    <posx>100</posx>
                    <posy>395</posy>
                    <width>1720</width>
                    <height>36</height>
                    <label>$LOCALIZE[19100]: $INFO[PVR.ActStreamMux]</label>
                    <align>left</align>
                    <aligny>center</aligny>
                    <include>TextColor_MainColor</include>
                    <font>SmallButtonFont</font>
                </control>
                <control type="label">
                    <posx>100</posx>
                    <posy>440</posy>
                    <width>1720</width>
                    <height>36</height>
                    <label>$LOCALIZE[19010]: $INFO[PVR.ActStreamBER]</label>
                    <align>left</align>
                    <aligny>center</aligny>
                    <include>TextColor_MainColor</include>
                    <font>SmallButtonFont</font>
                </control>
                <control type="label">
                    <posx>100</posx>
                    <posy>485</posy>
                    <width>1720</width>
                    <height>36</height>
                    <label>$LOCALIZE[19011]: $INFO[PVR.ActStreamUNC]</label>
                    <align>left</align>
                    <aligny>center</aligny>
                    <include>TextColor_MainColor</include>
                    <font>SmallButtonFont</font>
                </control>
                <control type="label">
                    <posx>100</posx>
                    <posy>530</posy>
                    <width>1720</width>
                    <height>36</height>
                    <label>$LOCALIZE[19101]: $INFO[PVR.ActStreamProviderName]</label>
                    <align>left</align>
                    <aligny>center</aligny>
                    <include>TextColor_MainColor</include>
                    <font>SmallButtonFont</font>
                </control>
			</control>
		</control>
	</controls>
</window>
