<?xml version="1.0" encoding="utf-8"?>
<window>
    <defaultcontrol>11</defaultcontrol>
    <controls>
        <include>DimBG</include>
        <control type="group">
            <include>DialogOverlay</include>
            <include>WindowClosingButton</include>
            <control type="group">
                <include>DialogOpenClose</include>
                <control type="label">
                    <posx>100</posx>
                    <posy>0</posy>
                    <width>1720</width>
                    <aligny>center</aligny>
                    <height>180</height>
                    <font>InfoTitleFont</font>
                    <scroll>true</scroll>
                    <include>TextColor_MainColor</include>
                    <label>$LOCALIZE[1021]</label>
                </control>
                <control type="panel" id="10">
                    <posx>80</posx>
                    <posy>179</posy>
                    <width>1760</width>
                    <height>300</height>
                    <ondown>9001</ondown>
                    <onright>60</onright>
                    <onleft>9001</onleft>
                    <pagecontrol>60</pagecontrol>
                    <itemlayout height="60" width="1760">
                        <control type="label">
                            <posx>20</posx>
                            <posy>0</posy>
                            <height>60</height>
                            <width>1760</width>
                            <aligny>center</aligny>
                            <font>LeftMenuButtonFont</font>
                            <textcolor>NoFocusedColor</textcolor>
                            <label>$INFO[ListItem.Label]</label>
                        </control>
                    </itemlayout>
                    <focusedlayout height="60" width="1760">
                        <control type="group">
                            <include>ButtonFocusAnimation</include>
                            <include content="FocusedIndicatorVertical">
                                <param name="x" value="0"/>
                                <param name="y" value="0"/>
                                <param name="height" value="60"/>
                                <param name="visible" value="control.hasfocus(10)"/>
                            </include>
                            <control type="label">
                                <posx>20</posx>
                                <posy>0</posy>
                                <height>60</height>
                                <width>1760</width>
                                <aligny>center</aligny>
                                <font>LeftMenuButtonFont</font>
                                <include>TextColor_MainColor</include>
                                <label>$INFO[ListItem.Label]</label>
                            </control>
                        </control>
                    </focusedlayout>
                </control>
                <control type="scrollbar" id="60">
                    <posx>1870</posx>
                    <posy>179</posy>
                    <height>300</height>
                    <onleft>10</onleft>
                    <onright>60</onright>
                    <include>VerticalScroller</include>
                </control>
                <control type="grouplist" id="9001">
                    <onup>10</onup>
                    <ondown>12</ondown>
                    <posx>80</posx>
                    <posy>510</posy>
                    <height>700</height>
                    <include>DialogMenuButtonGroup</include>
                    <control type="button" id="11">
                        <description>Button: Browse</description>
                        <include>LeftMenuButton</include>
                        <label>$LOCALIZE[1024]</label>
                    </control>
                    <control type="button" id="13">
                        <description>Button: Add</description>
                        <include>LeftMenuButton</include>
                        <label>$LOCALIZE[15019]</label>
                    </control>
                    <control type="button" id="14">
                        <description>Button: Remove</description>
                        <include>LeftMenuButton</include>
                        <label>$LOCALIZE[1210]</label>
                    </control>
                </control>
                <control type="label">
                    <posx>100</posx>
                    <posy>750</posy>
                    <width>1720</width>
                    <height>60</height>
                    <aligny>center</aligny>
                    <font>FacadeListSubFont</font>
                    <textcolor>AlternateColor</textcolor>
                    <label>$LOCALIZE[1022]</label>
                </control>
                <control type="edit" id="12">
                    <include>ButtonWideFocusAnimation</include>
                    <posx>80</posx>
                    <posy>810</posy>
                    <width>860</width>
                    <height>60</height>
                    <include>TextColor_MainColor</include>
                    <font>InfoDetailsFont</font>
                    <label>-</label>
                    <onup>9001</onup>
                    <ondown>19</ondown>
                </control>
                <control type="grouplist">
                    <posx>80</posx>
                    <posy>900</posy>
                    <width>1920</width>
                    <height>180</height>
                    <itemgap>0</itemgap>
                    <align>center</align>
                    <orientation>vertical</orientation>
                    <onup>12</onup>
                    <onright>10</onright>
                    <orientation>vertical</orientation>
                    <control type="button" id="19">
                        <include>ButtonFocusAnimation</include>
                        <label>$LOCALIZE[222]</label>
                        <width>1020</width>
                        <include>LeftMenuButton</include>
                    </control>
                    <control type="button" id="18">
                        <include>ButtonFocusAnimation</include>
                        <label>$LOCALIZE[186]</label>
                        <width>1020</width>
                        <include>LeftMenuButton</include>
                    </control>
                </control>
            </control>
        </control>
    </controls>
</window>
