<?xml version="1.0" encoding="UTF-8"?>
<window type="dialog">
    <zorder>1</zorder>
    <defaultcontrol>9000</defaultcontrol>
    <controls>
        <include>DimBG</include>
        <control type="group">
            <include>DialogOverlay</include>
            <include>WindowClosingButton</include>
            <control type="group">
                <include>DialogOpenClose</include>
                <!-- SIDE MENU -->
                <control type="group">
                    <posy>0</posy>
                    <!--GROUPS-->
                    <control type="label">
                        <posx>100</posx>
                        <posy>42</posy>
                        <width>525</width>
                        <height>50</height>
                        <font>InfoTitleFont</font>
                        <scroll>true</scroll>
                        <include>TextColor_MainColor</include>
                        <label>$LOCALIZE[15020]</label>
                    </control>
                    <control type="label">
                        <posx>100</posx>
                        <posy>105</posy>
                        <width>525</width>
                        <height>35</height>
                        <font>InfoTitleSubFont</font>
                        <include>TextColor_MidColor</include>
                        <label>$INFO[Container(9000).NumItems] $LOCALIZE[31025]</label>
                    </control>
                    <control type="list" id="9000">
                        <posx>80</posx>
                        <posy>180</posy>
                        <width>545</width>
                        <height>360</height>
                        <onup>9000</onup>
                        <ondown>9001</ondown>
                        <onleft>9000</onleft>
                        <onright>9060</onright>
                        <pagecontrol>9060</pagecontrol>
                        <itemlayout width="545" height="60">
                            <control type="label">
                                <posx>20</posx>
                                <height>60</height>
                                <width>525</width>
                                <aligny>center</aligny>
                                <font>LeftMenuButtonFont</font>
                                <textcolor>NoFocusedColor</textcolor>
                                <label>$INFO[ListItem.Label]</label>
                            </control>
                        </itemlayout>
                        <focusedlayout width="545" height="60">
                            <control type="group">
                                <include>ButtonFocusAnimation</include>
                                <include content="FocusedIndicatorVertical">
                                    <param name="x" value="0"/>
                                    <param name="y" value="0"/>
                                    <param name="height" value="60"/>
                                    <param name="visible" value="true"/>
                                </include>
                                <control type="label">
                                    <posx>20</posx>
                                    <height>60</height>
                                    <width>525</width>
                                    <aligny>center</aligny>
                                    <font>LeftMenuButtonFont</font>
                                    <include>TextColor_MainColor</include>
                                    <scroll>true</scroll>
                                    <label>$INFO[ListItem.Label]</label>
                                </control>
                            </control>
                        </focusedlayout>
                    </control>
                    <control type="scrollbar" id="9060">
                        <posx>575</posx>
                        <posy>180</posy>
                        <height>360</height>
                        <include>VerticalScroller</include>
                        <onleft>9000</onleft>
                        <onright>20</onright>
                        <ondown>9060</ondown>
                        <onup>9060</onup>
                    </control>
                    <control type="textbox">
                        <posx>100</posx>
                        <posy>600</posy>
                        <width>380</width>
                        <height>115</height>
                        <font>InfoPlotFont</font>
                        <textcolor>AlternateColor</textcolor>
                        <label>$INFO[Container(9000).ListItem.Label2]</label>
                        <include>myautoscroll</include>
                    </control>
                    <control type="grouplist" id="9001">
                        <posx>80</posx>
                        <posy>840</posy>
                        <width>480</width>
                        <height>180</height>
                        <itemgap>0</itemgap>
                        <orientation>vertical</orientation>
                        <onup>9000</onup>
                        <ondown>9001</ondown>
                        <onleft>9001</onleft>
                        <onright>20</onright>
                        <control type="radiobutton" id="22">
                            <description>Default RadioButton</description>
                            <label>15064</label>
                            <include>DialogMenuButton</include>
                        </control>
                        <control type="button" id="23">
                            <description>Apply changes button</description>
                            <label>14070</label>
                            <include>DialogMenuButton</include>
                        </control>
                        <control type="button" id="24">
                            <description>Clear active modes button</description>
                            <label>15066</label>
                            <include>DialogMenuButton</include>
                        </control>
                    </control>
                </control>
                <!--AVAILABLE MODES-->
                <control type="group">
                    <posx>675</posx>
                    <posy>0</posy>
                    <control type="label">
                        <posx>20</posx>
                        <posy>42</posy>
                        <width>525</width>
                        <height>50</height>
                        <font>InfoTitleFont</font>
                        <scroll>true</scroll>
                        <include>TextColor_MainColor</include>
                        <label>$LOCALIZE[15050]</label>
                    </control>
                    <control type="label">
                        <posx>20</posx>
                        <posy>105</posy>
                        <width>525</width>
                        <height>35</height>
                        <font>InfoTitleSubFont</font>
                        <include>TextColor_MidColor</include>
                        <label>$INFO[Container(20).NumItems] $LOCALIZE[31025]</label>
                    </control>
                    <control type="list" id="20">
                        <posx>0</posx>
                        <posy>180</posy>
                        <width>545</width>
                        <height>900</height>
                        <onup>20</onup>
                        <ondown>20</ondown>
                        <onleft>9000</onleft>
                        <onright>60</onright>
                        <pagecontrol>60</pagecontrol>
                        <itemlayout width="545" height="100">
                            <control type="label">
                                <posx>20</posx>
                                <posy>6</posy>
                                <height>50</height>
                                <width>525</width>
                                <font>FacadeListMainFont</font>
                                <textcolor>NoFocusedColor</textcolor>
                                <label>$INFO[ListItem.Label2]: $INFO[ListItem.Label]</label>
                            </control>
                            <control type="label">
                                <posx>20</posx>
                                <posy>44</posy>
                                <height>50</height>
                                <width>525</width>
                                <font>FacadeListSubFont</font>
                                <textcolor>NoFocusedColor</textcolor>
                                <label>$INFO[ListItem.Property(Description)]</label>
                            </control>
                        </itemlayout>
                        <focusedlayout width="545" height="100">
                            <control type="group">
                                <include>ButtonWideFocusAnimation</include>
                                <include content="FocusedIndicatorVertical">
                                    <param name="x" value="0"/>
                                    <param name="y" value="0"/>
                                    <param name="height" value="100"/>
                                    <param name="visible" value="control.hasfocus(20)"/>
                                </include>
                                <control type="label">
                                    <posx>20</posx>
                                    <posy>6</posy>
                                    <height>50</height>
                                    <width>525</width>
                                    <font>FacadeListMainFont</font>
                                    <scroll>true</scroll>
                                    <include>TextColor_MainColor</include>
                                    <label>$INFO[ListItem.Label2]: $INFO[ListItem.Label]</label>
                                </control>
                                <control type="label">
                                    <posx>20</posx>
                                    <posy>44</posy>
                                    <height>50</height>
                                    <width>525</width>
                                    <font>FacadeListSubFont</font>
                                    <scroll>true</scroll>
                                    <include>TextColor_MainColor</include>
                                    <label>$INFO[ListItem.Property(Description)]</label>
                                </control>
                            </control>
                        </focusedlayout>
                    </control>
                    <control type="scrollbar" id="60">
                        <posx>495</posx>
                        <posy>180</posy>
                        <height>900</height>
                        <include>VerticalScroller</include>
                        <onleft>20</onleft>
                        <onright>21</onright>
                    </control>
                </control>
                <!--ACTIVE MODES-->
                <control type="group">
                    <posx>1270</posx>
                    <posy>0</posy>
                    <control type="label">
                        <posx>20</posx>
                        <posy>42</posy>
                        <width>525</width>
                        <height>50</height>
                        <font>InfoTitleFont</font>
                        <scroll>true</scroll>
                        <include>TextColor_MainColor</include>
                        <label>$LOCALIZE[15051]</label>
                    </control>
                    <control type="label">
                        <posx>20</posx>
                        <posy>105</posy>
                        <width>525</width>
                        <height>35</height>
                        <font>InfoTitleSubFont</font>
                        <include>TextColor_MidColor</include>
                        <label>$INFO[Container(21).NumItems] $LOCALIZE[31025]</label>
                    </control>
                    <control type="list" id="21">
                        <posx>0</posx>
                        <posy>180</posy>
                        <width>545</width>
                        <height>900</height>
                        <onup>21</onup>
                        <ondown>21</ondown>
                        <onleft>20</onleft>
                        <onright>61</onright>
                        <pagecontrol>61</pagecontrol>
                        <itemlayout width="545" height="100">
                            <control type="label">
                                <posx>20</posx>
                                <posy>6</posy>
                                <height>50</height>
                                <width>525</width>
                                <font>FacadeListMainFont</font>
                                <textcolor>NoFocusedColor</textcolor>
                                <label>$INFO[ListItem.Property(Number)][COLOR=SeparatorColor] › [/COLOR]$INFO[ListItem.Label2]: $INFO[ListItem.Label]</label>
                            </control>
                            <control type="label">
                                <posx>20</posx>
                                <posy>44</posy>
                                <height>50</height>
                                <width>525</width>
                                <font>FacadeListSubFont</font>
                                <textcolor>NoFocusedColor</textcolor>
                                <label>$INFO[ListItem.Property(Description)]</label>
                            </control>
                        </itemlayout>
                        <focusedlayout width="545" height="100">
                            <control type="group">
                                <include>ButtonWideFocusAnimation</include>
                                <include content="FocusedIndicatorVertical">
                                    <param name="x" value="0"/>
                                    <param name="y" value="0"/>
                                    <param name="height" value="100"/>
                                    <param name="visible" value="control.hasfocus(21)"/>
                                </include>
                                <control type="label">
                                    <posx>20</posx>
                                    <posy>6</posy>
                                    <height>50</height>
                                    <width>525</width>
                                    <font>FacadeListMainFont</font>
                                    <scroll>true</scroll>
                                    <include>TextColor_MainColor</include>
                                    <label>$INFO[ListItem.Property(Number)][COLOR=SeparatorColor] › [/COLOR]$INFO[ListItem.Label2]: $INFO[ListItem.Label]</label>
                                </control>
                                <control type="label">
                                    <posx>20</posx>
                                    <posy>44</posy>
                                    <height>50</height>
                                    <width>525</width>
                                    <font>FacadeListSubFont</font>
                                    <scroll>true</scroll>
                                    <include>TextColor_MainColor</include>
                                    <label>$INFO[ListItem.Property(Description)]</label>
                                </control>
                            </control>
                        </focusedlayout>
                    </control>
                    <control type="scrollbar" id="61">
                        <posx>600</posx>
                        <posy>180</posy>
                        <height>900</height>
                        <include>VerticalScroller</include>
                        <onleft>21</onleft>
                        <onright>61</onright>
                    </control>
                </control>
            </control>
        </control>
    </controls>
</window>
