<?xml version="1.0" encoding="utf-8"?>
<window type="dialog">
    <onload condition="System.HasAddon(script.videoextras)">RunScript(script.videoextras,check,"$INFO[ListItem.FilenameAndPath]")</onload>
    <defaultcontrol always="true">9000</defaultcontrol>
    <controls>
        <include>Fanart_Art</include>
        <include>Player_Show</include>
        <include>DimBG</include>
        <control type="group">
            <control type="image">
                <include>DialogOpenCloseOverlay</include>
                <include>OverlayTransparencyDialog</include>
                <posx>-960</posx>
                <posy>0</posy>
                <width>2880</width>
                <height>1080</height>
                <colordiffuse>$VAR[Picked.Theme.Color]</colordiffuse>
                <texture>common/overlay_dialog_gradient.png</texture>
            </control>
            <include>WindowClosingButton</include>
            <control type="group">
                <include>LeftMenuHasFocusAnimation</include>
                <include>DialogOpenClose</include>
                <control type="label">
                    <posx>660</posx>
                    <posy>40</posy>
                    <width>1180</width>
                    <height>50</height>
                    <font>InfoTitleFont</font>
                    <include>TextColor_MainColor</include>
                    <scroll>true</scroll>
                    <label>$INFO[ListItem.Label]</label>
                </control>
                <control type="group" id="20">
                    <!-- INFO -->
                    <visible>![Control.HasFocus(9013)|
                        Control.HasFocus(9012)|
                        ControlGroup(90120).HasFocus|
                        ControlGroup(90130).HasFocus]</visible>
                    <include>VisibleFadeEffect</include>
                    <include content="DummyButton">
                        <param name="x" value="0"/>
                        <param name="y" value="70"/>
                        <param name="width" value="1920"/>
                        <param name="height" value="1080"/>
                        <param name="onfocus" value="noop"/>
                        <param name="SlideTo" value="610,0"/>
                        <param name="SlideCondition" value="ControlGroup(9000).hasfocus"/>
                    </include>
                    <include content="DiscArt">
                        <param name="visible" value="!ListItem.IsParentFolder+!String.IsEmpty(ListItem.Thumb)+[String.IsEqual(ListItem.DBType,movie)|String.IsEqual(ListItem.DBType,musicvideo)]"/>
                        <param name="x" value="170"/>
                        <param name="y" value="20"/>
                        <param name="width" value="360"/>
                        <param name="height" value="360"/>
                        <param name="texture" value="$VAR[VideoCdArt]"/>
                    </include>
                    <include content="ThumbsImages">
                        <param name="visible" value="true"/>
                        <param name="visibleFrameHighlight" value="false"/>
                        <param name="x" value="120"/>
                        <param name="y" value="200"/>
                        <param name="width" value="460"/>
                        <param name="height" value="690"/>
                        <param name="aspectratio" value="keep"/>
                        <param name="align" value="center"/>
                        <param name="aligny" value="top"/>
                        <param name="flipy" value="false"/>
                        <param name="texture" value="$VAR[Thumbs]"/>
                        <param name="fallback" value="DefaultVideoCover.png"/>
                        <param name="texturediffuse" value="ThumbsFocusedColor"/>
                        <param name="borderdiffuse" value="$VAR[Picked.HighLight.Color]"/>
                    </include>
                    <include content="StudioArt">
                        <param name="x" value="120"/>
                        <param name="y" value="900"/>
                        <param name="width" value="210"/>
                        <param name="height" value="130"/>
                        <param name="visible" value="true"/>
                        <param name="align" value="left"/>
                        <param name="aligny" value="center"/>
                    </include>
                    <include content="ClearArtLogo">
                        <param name="x" value="370"/>
                        <param name="y" value="900"/>
                        <param name="width" value="210"/>
                        <param name="height" value="130"/>
                        <param name="visible" value="true"/>
                        <param name="align" value="left"/>
                        <param name="aligny" value="center"/>
                    </include>
                    <control type="label">
                        <posx>660</posx>
                        <posy>100</posy>
                        <width>1180</width>
                        <height>35</height>
                        <font>InfoTitleSubFont</font>
                        <include>TextColor_MainColor</include>
                        <label>$LOCALIZE[19033]</label>
                    </control>
                    <control type="panel" id="9009">
                        <visible>![String.IsEqual(ListItem.DBType,tvshow) | String.IsEqual(ListItem.DBType,episode) | String.StartsWith(Container.FolderPath,videodb://musicvideos)]</visible>
                        <include>List_9009_Commons</include>
                        <content>
                            <item>
                                <label>$LOCALIZE[20376]:</label>
                                <label2>$INFO[ListItem.OriginalTitle]</label2>
                                <onclick>noop</onclick>
                                <visible>!String.IsEmpty(ListItem.OriginalTitle) + !String.IsEqual(ListItem.OriginalTitle,Listitem.Title)</visible>
                            </item>
                            <item>
                                <visible>!System.HasAddon(script.extendedinfo)</visible>
                                <label>$LOCALIZE[20339]:</label>
                                <label2>$INFO[ListItem.Director]</label2>
                                <onclick>SendClick(2003,13)</onclick>
                                <visible>!String.IsEmpty(ListItem.Director)</visible>
                            </item>
                            <item>
                                <visible>!System.HasAddon(script.extendedinfo)</visible>
                                <label>$LOCALIZE[20417]:</label>
                                <label2>$INFO[ListItem.Writer]</label2>
                                <onclick>noop</onclick>
                                <visible>!String.IsEmpty(ListItem.Writer)</visible>
                            </item>
                            <item>
                                <visible>System.HasAddon(script.extendedinfo)</visible>
                                <label>$LOCALIZE[20339]:</label>
                                <label2>$INFO[ListItem.Director]</label2>
                                <!-- <onclick>dialog.close(all,true)</onclick> -->
                                <onclick>RunScript(script.extendedinfo,info=extendedactorinfo,name=$INFO[ListItem.Director])</onclick>
                                <visible>!String.IsEmpty(ListItem.Director)</visible>
                            </item>
                            <item>
                                <visible>System.HasAddon(script.extendedinfo)</visible>
                                <label>$LOCALIZE[20417]:</label>
                                <label2>$INFO[ListItem.Writer]</label2>
                                <!-- <onclick>dialog.close(all,true)</onclick> -->
                                <onclick>RunScript(script.extendedinfo,info=extendedactorinfo,name=$INFO[ListItem.Writer])</onclick>
                                <visible>!String.IsEmpty(ListItem.Writer)</visible>
                            </item>
                            <item>
                                <label>$LOCALIZE[572]:</label>
                                <label2>$INFO[ListItem.Studio]</label2>
                                <onclick>noop</onclick>
                                <visible>!String.IsEmpty(ListItem.Studio)</visible>
                            </item>
                            <item>
                                <label>$LOCALIZE[515]:</label>
                                <label2>$INFO[ListItem.Genre]</label2>
                                <onclick>noop</onclick>
                                <visible>!String.IsEmpty(ListItem.Genre)</visible>
                            </item>
                            <item>
                                <label>$LOCALIZE[562]:</label>
                                <label2>$INFO[ListItem.Year]</label2>
                                <onclick>noop</onclick>
                                <visible>!String.IsEmpty(ListItem.Year)</visible>
                            </item>
                            <item>
                                <label>$LOCALIZE[20074]:</label>
                                <label2>$INFO[ListItem.mpaa]</label2>
                                <onclick>noop</onclick>
                                <visible>!String.IsEmpty(ListItem.mpaa)</visible>
                            </item>
                            <item>
                                <label>$LOCALIZE[2050]:</label>
                                <label2>$INFO[ListItem.Duration] $LOCALIZE[12391]</label2>
                                <onclick>noop</onclick>
                                <visible>!String.IsEmpty(ListItem.Duration)</visible>
                            </item>
                            <item>
                                <label>$LOCALIZE[38018]:</label>
                                <label2>$INFO[ListItem.Userrating,,.0]</label2>
                                <onclick>noop</onclick>
                                <visible>!String.IsEmpty(ListItem.Userrating)</visible>
                            </item>
                            <item>
                                <label>$LOCALIZE[563]:</label>
                                <label2>$INFO[ListItem.RatingAndVotes]</label2>
                                <onclick>noop</onclick>
                                <visible>!String.IsEmpty(ListItem.RatingAndVotes)</visible>
                            </item>
                            <item>
                                <label>$LOCALIZE[202]:</label>
                                <label2>$INFO[ListItem.TagLine]</label2>
                                <onclick>noop</onclick>
                                <visible>!String.IsEmpty(ListItem.TagLine)</visible>
                            </item>
                            <item>
                                <label>$LOCALIZE[20416]:</label>
                                <label2>$INFO[ListItem.Premiered]</label2>
                                <onclick>noop</onclick>
                                <visible>!String.IsEmpty(ListItem.Premiered)</visible>
                            </item>
                            <item>
                                <label>$LOCALIZE[574]:</label>
                                <label2>$INFO[ListItem.Country]</label2>
                                <onclick>noop</onclick>
                                <visible>!String.IsEmpty(ListItem.Country)</visible>
                            </item>
                            <item>
                                <label>$LOCALIZE[570]:</label>
                                <label2>$INFO[ListItem.DateAdded]</label2>
                                <onclick>noop</onclick>
                                <visible>!String.IsEmpty(ListItem.DateAdded)</visible>
                            </item>
                            <item>
                                <label>$LOCALIZE[21445]:</label>
                                <label2>$INFO[ListItem.VideoCodec]</label2>
                                <onclick>noop</onclick>
                                <visible>!String.IsEmpty(ListItem.VideoCodec)</visible>
                            </item>
                            <item>
                                <label>$LOCALIZE[21805]:</label>
                                <label2>$INFO[ListItem.VideoResolution]</label2>
                                <onclick>noop</onclick>
                                <visible>!String.IsEmpty(ListItem.VideoResolution)</visible>
                            </item>
                            <item>
                                <label>$LOCALIZE[21374]:</label>
                                <label2>$INFO[ListItem.VideoAspect]</label2>
                                <onclick>noop</onclick>
                                <visible>!String.IsEmpty(ListItem.VideoAspect)</visible>
                            </item>
                            <item>
                                <label>$LOCALIZE[21446]:</label>
                                <label2>$INFO[ListItem.AudioCodec]</label2>
                                <onclick>noop</onclick>
                                <visible>!String.IsEmpty(ListItem.AudioCodec)</visible>
                            </item>
                            <item>
                                <label>$LOCALIZE[21444]:</label>
                                <label2>$INFO[ListItem.AudioChannels]</label2>
                                <onclick>noop</onclick>
                                <visible>!String.IsEmpty(ListItem.AudioChannels)</visible>
                            </item>
                            <item>
                                <label>$LOCALIZE[21447]:</label>
                                <label2>$INFO[ListItem.AudioLanguage]</label2>
                                <onclick>noop</onclick>
                                <visible>!String.IsEmpty(ListItem.AudioLanguage)</visible>
                            </item>
                            <item>
                                <label>$LOCALIZE[21448]:</label>
                                <label2>$INFO[ListItem.SubtitleLanguage]</label2>
                                <onclick>noop</onclick>
                                <visible>!String.IsEmpty(ListItem.SubtitleLanguage)</visible>
                            </item>
                            <item>
                                <label>IMDB Top 250 #: </label>
                                <label2>$INFO[ListItem.Top250]</label2>
                                <onclick>noop</onclick>
                                <visible>!String.IsEmpty(ListItem.Top250)</visible>
                            </item>
                            <item>
                                <label>$LOCALIZE[36501]:</label>
                                <label2>$INFO[ListItem.StereoscopicMode]</label2>
                                <onclick>noop</onclick>
                                <visible>!String.IsEmpty(ListItem.StereoscopicMode)</visible>
                                <visible>!Skin.HasSetting(plexbmc)</visible>
                            </item>
                            <item>
                                <label>$LOCALIZE[573]:</label>
                                <label2>$INFO[ListItem.Path]</label2>
                                <onclick>Dialog.Close(movieinformation)</onclick>
                                <onclick>ActivateWindow(Videos,$INFO[ListItem.Path],return)</onclick>
                                <visible>!Skin.HasSetting(plexbmc)</visible>
                            </item>
                            <item>
                                <label>$LOCALIZE[21800]:</label>
                                <label2>$INFO[ListItem.Filename]</label2>
                                <onclick>noop</onclick>
                                <visible>!String.IsEmpty(ListItem.Filename)</visible>
                            </item>
                            <item>
                                <label>$LOCALIZE[567]:</label>
                                <label2>$INFO[ListItem.PlayCount]</label2>
                                <onclick>noop</onclick>
                                <visible>!String.IsEmpty(ListItem.PlayCount)</visible>
                            </item>
                            <item>
                                <label fallback="-">$LOCALIZE[575]:</label>
                                <label2>$INFO[ListItem.PercentPlayed,,%]</label2>
                                <onclick>noop</onclick>
                                <visible>ListItem.IsResumable</visible>
                            </item>
                            <item>
                                <label fallback="-">$LOCALIZE[568]:</label>
                                <label2>$INFO[ListItem.LastPlayed]</label2>
                                <onclick>noop</onclick>
                                <visible>!String.IsEmpty(ListItem.LastPlayed)</visible>
                            </item>
                        </content>
                    </control>
                    <control type="group">
                        <visible>String.IsEqual(ListItem.DBType,tvshow)</visible>
                        <control type="panel" id="9009">
                            <include>List_9009_Commons</include>
                            <content>
                                <item>
                                    <label>$LOCALIZE[20360]:</label>
                                    <label2>$INFO[listitem.episode]     ($INFO[ListItem.Property(WatchedEpisodes),, $LOCALIZE[16102]][COLOR=SeparatorColor] › [/COLOR]$INFO[ListItem.Property(UnWatchedEpisodes), , $LOCALIZE[16101]])</label2>
                                    <onclick>noop</onclick>
                                    <visible>!String.IsEmpty(ListItem.Episode)</visible>
                                </item>
                                <item>
                                    <label>$LOCALIZE[515]:</label>
                                    <label2>$INFO[ListItem.Genre]</label2>
                                    <onclick>noop</onclick>
                                    <visible>!String.IsEmpty(ListItem.Genre)</visible>
                                </item>
                                <item>
                                    <label>$LOCALIZE[562]:</label>
                                    <label2>$INFO[ListItem.Year]</label2>
                                    <onclick>noop</onclick>
                                    <visible>!String.IsEmpty(ListItem.Year)</visible>
                                </item>
                                <item>
                                    <label>$LOCALIZE[20074]:</label>
                                    <label2>$INFO[ListItem.mpaa]</label2>
                                    <onclick>noop</onclick>
                                    <visible>!String.IsEmpty(ListItem.mpaa)</visible>
                                </item>
                                <item>
                                    <label>$LOCALIZE[38018]:</label>
                                    <label2>$INFO[ListItem.Userrating,,.0]</label2>
                                    <onclick>noop</onclick>
                                    <visible>!String.IsEmpty(ListItem.Userrating)</visible>
                                </item>
                                <item>
                                    <label>$LOCALIZE[563]:</label>
                                    <label2>$INFO[ListItem.RatingAndVotes]</label2>
                                    <onclick>noop</onclick>
                                    <visible>!String.IsEmpty(ListItem.RatingAndVotes)</visible>
                                </item>
                                <item>
                                    <label>$LOCALIZE[20416]:</label>
                                    <label2>$INFO[ListItem.Premiered]</label2>
                                    <onclick>noop</onclick>
                                    <visible>!String.IsEmpty(ListItem.Premiered)</visible>
                                </item>
                                <item>
                                    <label>$LOCALIZE[126]:</label>
                                    <label2>$INFO[ListItem.Status]</label2>
                                    <onclick>noop</onclick>
                                    <visible>!String.IsEmpty(ListItem.Status)</visible>
                                </item>
                                <item>
                                    <label>$LOCALIZE[574]:</label>
                                    <label2>$INFO[ListItem.Country]</label2>
                                    <onclick>noop</onclick>
                                    <visible>!String.IsEmpty(ListItem.Country)</visible>
                                </item>
                                <item>
                                    <label>$LOCALIZE[570]:</label>
                                    <label2>$INFO[ListItem.DateAdded]</label2>
                                    <onclick>noop</onclick>
                                    <visible>!String.IsEmpty(ListItem.DateAdded)</visible>
                                </item>
                                <item>
                                    <label>$LOCALIZE[573]:</label>
                                    <label2>$INFO[ListItem.Path]</label2>
                                    <onclick>Dialog.Close(movieinformation)</onclick>
                                    <onclick>ActivateWindow(Videos,$INFO[ListItem.Path],return)</onclick>
                                </item>
                                <item>
                                    <label>$LOCALIZE[21800]:</label>
                                    <label2>$INFO[ListItem.Filename]</label2>
                                    <onclick>noop</onclick>
                                    <visible>!String.IsEmpty(ListItem.Filename)</visible>
                                </item>
                            </content>
                        </control>
                    </control>
                    <control type="group">
                        <visible>String.IsEqual(ListItem.DBType,episode)</visible>
                        <control type="panel" id="9009">
                            <include>List_9009_Commons</include>
                            <content>
                                <item>
                                    <label>$LOCALIZE[20364]:</label>
                                    <label2>$INFO[ListItem.TVShowTitle]</label2>
                                    <onclick>noop</onclick>
                                    <visible>!String.IsEmpty(ListItem.TVShowTitle)</visible>
                                </item>
                                <item>
                                    <label>$LOCALIZE[20373]:</label>
                                    <label2>$INFO[ListItem.Season]</label2>
                                    <onclick>noop</onclick>
                                    <visible>!String.IsEmpty(ListItem.Season)</visible>
                                    <visible>!Skin.HasSetting(plexbmc)</visible>
                                </item>
                                <item>
                                    <label>$LOCALIZE[20359]:</label>
                                    <label2>$INFO[ListItem.Episode]</label2>
                                    <onclick>noop</onclick>
                                    <visible>!String.IsEmpty(ListItem.Episode)</visible>
                                    <visible>!Skin.HasSetting(plexbmc)</visible>
                                </item>
                                <item>
                                    <label>$LOCALIZE[515]:</label>
                                    <label2>$INFO[ListItem.Genre]</label2>
                                    <onclick>noop</onclick>
                                    <visible>!String.IsEmpty(ListItem.Genre)</visible>
                                </item>
                                <item>
                                    <visible>!System.HasAddon(script.extendedinfo)</visible>
                                    <label>$LOCALIZE[20339]:</label>
                                    <label2>$INFO[ListItem.Director]</label2>
                                    <onclick>SendClick(2003,13)</onclick>
                                    <visible>!String.IsEmpty(ListItem.Director)</visible>
                                </item>
                                <item>
                                    <visible>!System.HasAddon(script.extendedinfo)</visible>
                                    <label>$LOCALIZE[20417]:</label>
                                    <label2>$INFO[ListItem.Writer]</label2>
                                    <onclick>noop</onclick>
                                    <visible>!String.IsEmpty(ListItem.Writer)</visible>
                                </item>
                                <item>
                                    <visible>System.HasAddon(script.extendedinfo)</visible>
                                    <label>$LOCALIZE[20339]:</label>
                                    <label2>$INFO[ListItem.Director]</label2>
                                    <!-- <onclick>dialog.close(all,true)</onclick> -->
                                    <onclick>RunScript(script.extendedinfo,info=extendedactorinfo,name=$INFO[ListItem.Director])</onclick>
                                    <visible>!String.IsEmpty(ListItem.Director)</visible>
                                </item>
                                <item>
                                    <visible>System.HasAddon(script.extendedinfo)</visible>
                                    <label>$LOCALIZE[20417]:</label>
                                    <label2>$INFO[ListItem.Writer]</label2>
                                    <!-- <onclick>dialog.close(all,true)</onclick> -->
                                    <onclick>RunScript(script.extendedinfo,info=extendedactorinfo,name=$INFO[ListItem.Writer])</onclick>
                                    <visible>!String.IsEmpty(ListItem.Writer)</visible>
                                </item>
                                <item>
                                    <label>$LOCALIZE[562]:</label>
                                    <label2>$INFO[ListItem.Year]</label2>
                                    <onclick>noop</onclick>
                                    <visible>!String.IsEmpty(ListItem.Year)</visible>
                                </item>
                                <item>
                                    <label>$LOCALIZE[20074]:</label>
                                    <label2>$INFO[ListItem.mpaa]</label2>
                                    <onclick>noop</onclick>
                                    <visible>!String.IsEmpty(ListItem.mpaa)</visible>
                                </item>
                                <item>
                                    <label>$LOCALIZE[2050]:</label>
                                    <label2>$INFO[ListItem.Duration] $LOCALIZE[12391]</label2>
                                    <onclick>noop</onclick>
                                    <visible>!String.IsEmpty(ListItem.Duration)</visible>
                                </item>
                                <item>
                                    <label>$LOCALIZE[38018]:</label>
                                    <label2>$INFO[ListItem.Userrating,,.0]</label2>
                                    <onclick>noop</onclick>
                                    <visible>!String.IsEmpty(ListItem.Userrating)</visible>
                                </item>
                                <item>
                                    <label>$LOCALIZE[563]:</label>
                                    <label2>$INFO[ListItem.RatingAndVotes]</label2>
                                    <onclick>noop</onclick>
                                    <visible>!String.IsEmpty(ListItem.RatingAndVotes)</visible>
                                </item>
                                <item>
                                    <label>$LOCALIZE[20416]:</label>
                                    <label2>$INFO[ListItem.Premiered]</label2>
                                    <onclick>noop</onclick>
                                    <visible>!String.IsEmpty(ListItem.Premiered)</visible>
                                </item>
                                <item>
                                    <label>$LOCALIZE[574]:</label>
                                    <label2>$INFO[ListItem.Country]</label2>
                                    <onclick>noop</onclick>
                                    <visible>!String.IsEmpty(ListItem.Country)</visible>
                                </item>
                                <item>
                                    <label>$LOCALIZE[570]:</label>
                                    <label2>$INFO[ListItem.DateAdded]</label2>
                                    <onclick>noop</onclick>
                                    <visible>!String.IsEmpty(ListItem.DateAdded)</visible>
                                </item>
                                <item>
                                    <label>$LOCALIZE[21445]:</label>
                                    <label2>$INFO[ListItem.VideoCodec]</label2>
                                    <onclick>noop</onclick>
                                    <visible>!String.IsEmpty(ListItem.VideoCodec)</visible>
                                </item>
                                <item>
                                    <label>$LOCALIZE[21805]:</label>
                                    <label2>$INFO[ListItem.VideoResolution]</label2>
                                    <onclick>noop</onclick>
                                    <visible>!String.IsEmpty(ListItem.VideoResolution)</visible>
                                </item>
                                <item>
                                    <label>$LOCALIZE[21374]:</label>
                                    <label2>$INFO[ListItem.VideoAspect]</label2>
                                    <onclick>noop</onclick>
                                    <visible>!String.IsEmpty(ListItem.VideoAspect)</visible>
                                </item>
                                <item>
                                    <label>$LOCALIZE[21446]:</label>
                                    <label2>$INFO[ListItem.AudioCodec]</label2>
                                    <onclick>noop</onclick>
                                    <visible>!String.IsEmpty(ListItem.AudioCodec)</visible>
                                </item>
                                <item>
                                    <label>$LOCALIZE[21444]:</label>
                                    <label2>$INFO[ListItem.AudioChannels]</label2>
                                    <onclick>noop</onclick>
                                    <visible>!String.IsEmpty(ListItem.AudioChannels)</visible>
                                </item>
                                <item>
                                    <label>$LOCALIZE[21447]:</label>
                                    <label2>$INFO[ListItem.AudioLanguage]</label2>
                                    <onclick>noop</onclick>
                                    <visible>!String.IsEmpty(ListItem.AudioLanguage)</visible>
                                </item>
                                <item>
                                    <label>$LOCALIZE[21448]:</label>
                                    <label2>$INFO[ListItem.SubtitleLanguage]</label2>
                                    <onclick>noop</onclick>
                                    <visible>!String.IsEmpty(ListItem.SubtitleLanguage)</visible>
                                </item>
                                <item>
                                    <label>$LOCALIZE[21448]</label>
                                    <label2>$INFO[ListItem.SubtitleLanguage]</label2>
                                    <onclick>noop</onclick>
                                    <visible>!String.IsEmpty(ListItem.SubtitleLanguage)</visible>
                                </item>
                                <item>
                                    <label>IMDB Top 250 #:</label>
                                    <label2>$INFO[ListItem.Top250]</label2>
                                    <onclick>noop</onclick>
                                    <visible>!String.IsEmpty(ListItem.Top250)</visible>
                                </item>
                                <item>
                                    <label>$LOCALIZE[36501]:</label>
                                    <label2>$INFO[ListItem.StereoscopicMode]</label2>
                                    <onclick>noop</onclick>
                                    <visible>!String.IsEmpty(ListItem.StereoscopicMode)</visible>
                                    <visible>!Skin.HasSetting(plexbmc)</visible>
                                </item>
                                <item>
                                    <label>$LOCALIZE[573]:</label>
                                    <label2>$INFO[ListItem.Path]</label2>
                                    <onclick>Dialog.Close(movieinformation)</onclick>
                                    <onclick>ActivateWindow(Videos,$INFO[ListItem.Path],return)</onclick>
                                    <visible>!Skin.HasSetting(plexbmc)</visible>
                                </item>
                                <item>
                                    <label>$LOCALIZE[21800]:</label>
                                    <label2>$INFO[ListItem.Filename]</label2>
                                    <onclick>noop</onclick>
                                    <visible>!String.IsEmpty(ListItem.Filename)</visible>
                                </item>
                                <item>
                                    <label>$LOCALIZE[567]:</label>
                                    <label2>$INFO[ListItem.PlayCount]</label2>
                                    <onclick>noop</onclick>
                                    <visible>!String.IsEmpty(ListItem.PlayCount)</visible>
                                </item>
                                <item>
                                    <label fallback="-">$LOCALIZE[575]:</label>
                                    <label2>$INFO[ListItem.PercentPlayed,,%]</label2>
                                    <onclick>noop</onclick>
                                    <visible>ListItem.IsResumable</visible>
                                </item>
                                <item>
                                    <label fallback="-">$LOCALIZE[568]:</label>
                                    <label2>$INFO[ListItem.LastPlayed]</label2>
                                    <onclick>noop</onclick>
                                    <visible>!String.IsEmpty(ListItem.LastPlayed)</visible>
                                </item>
                            </content>
                        </control>
                    </control>
                    <control type="group">
                        <visible>String.IsEqual(ListItem.DBType,musicvideo)</visible>
                        <control type="panel" id="9009">
                            <include>List_9009_Commons</include>
                            <content>
                                <item>
                                    <label>$LOCALIZE[557]:</label>
                                    <label2>$INFO[ListItem.Artist]</label2>
                                    <onclick>noop</onclick>
                                    <visible>!String.IsEmpty(ListItem.Artist)</visible>
                                </item>
                                <item>
                                    <label>$LOCALIZE[558]:</label>
                                    <label2>$INFO[ListItem.Album]</label2>
                                    <onclick>noop</onclick>
                                    <visible>!String.IsEmpty(ListItem.Album)</visible>
                                </item>
                                <item>
                                    <label>$LOCALIZE[515]:</label>
                                    <label2>$INFO[ListItem.Genre]</label2>
                                    <onclick>noop</onclick>
                                    <visible>!String.IsEmpty(ListItem.Genre)</visible>
                                </item>
                                <item>
                                    <label>$LOCALIZE[572]:</label>
                                    <label2>$INFO[ListItem.Studio]</label2>
                                    <onclick>noop</onclick>
                                    <visible>!String.IsEmpty(ListItem.Studio)</visible>
                                </item>
                                <item>
                                    <visible>!System.HasAddon(script.extendedinfo)</visible>
                                    <label>$LOCALIZE[20339]:</label>
                                    <label2>$INFO[ListItem.Director]</label2>
                                    <onclick>SendClick(2003,13)</onclick>
                                    <visible>!String.IsEmpty(ListItem.Director)</visible>
                                </item>
                                <item>
                                    <visible>!System.HasAddon(script.extendedinfo)</visible>
                                    <label>$LOCALIZE[20417]:</label>
                                    <label2>$INFO[ListItem.Writer]</label2>
                                    <onclick>noop</onclick>
                                    <visible>!String.IsEmpty(ListItem.Writer)</visible>
                                </item>
                                <item>
                                    <visible>System.HasAddon(script.extendedinfo)</visible>
                                    <label>$LOCALIZE[20339]:</label>
                                    <label2>$INFO[ListItem.Director]</label2>
                                    <!-- <onclick>dialog.close(all,true)</onclick> -->
                                    <onclick>RunScript(script.extendedinfo,info=extendedactorinfo,name=$INFO[ListItem.Director])</onclick>
                                    <visible>!String.IsEmpty(ListItem.Director)</visible>
                                </item>
                                <item>
                                    <visible>System.HasAddon(script.extendedinfo)</visible>
                                    <label>$LOCALIZE[20417]:</label>
                                    <label2>$INFO[ListItem.Writer]</label2>
                                    <!-- <onclick>dialog.close(all,true)</onclick> -->
                                    <onclick>RunScript(script.extendedinfo,info=extendedactorinfo,name=$INFO[ListItem.Writer])</onclick>
                                    <visible>!String.IsEmpty(ListItem.Writer)</visible>
                                </item>
                                <item>
                                    <label>$LOCALIZE[562]:</label>
                                    <label2>$INFO[ListItem.Year]</label2>
                                    <onclick>noop</onclick>
                                    <visible>!String.IsEmpty(ListItem.Year)</visible>
                                </item>
                                <item>
                                    <label>$LOCALIZE[2050]:</label>
                                    <label2>$INFO[ListItem.Duration] $LOCALIZE[12391]</label2>
                                    <onclick>noop</onclick>
                                    <visible>!String.IsEmpty(ListItem.Duration)</visible>
                                </item>
                                <item>
                                    <label>$LOCALIZE[38018]:</label>
                                    <label2>$INFO[ListItem.Userrating,,.0]</label2>
                                    <onclick>noop</onclick>
                                    <visible>!String.IsEmpty(ListItem.Userrating)</visible>
                                </item>
                                <item>
                                    <label>$LOCALIZE[20416]:</label>
                                    <label2>$INFO[ListItem.Premiered]</label2>
                                    <onclick>noop</onclick>
                                    <visible>!String.IsEmpty(ListItem.Premiered)</visible>
                                </item>
                                <item>
                                    <label>$LOCALIZE[574]:</label>
                                    <label2>$INFO[ListItem.Country]</label2>
                                    <onclick>noop</onclick>
                                    <visible>!String.IsEmpty(ListItem.Country)</visible>
                                </item>
                                <item>
                                    <label>$LOCALIZE[570]:</label>
                                    <label2>$INFO[ListItem.DateAdded]</label2>
                                    <onclick>noop</onclick>
                                    <visible>!String.IsEmpty(ListItem.DateAdded)</visible>
                                </item>
                                <item>
                                    <label>$LOCALIZE[21445]:</label>
                                    <label2>$INFO[ListItem.VideoCodec]</label2>
                                    <onclick>noop</onclick>
                                    <visible>!String.IsEmpty(ListItem.VideoCodec)</visible>
                                </item>
                                <item>
                                    <label>$LOCALIZE[21805]:</label>
                                    <label2>$INFO[ListItem.VideoResolution]</label2>
                                    <onclick>noop</onclick>
                                    <visible>!String.IsEmpty(ListItem.VideoResolution)</visible>
                                </item>
                                <item>
                                    <label>$LOCALIZE[21374]:</label>
                                    <label2>$INFO[ListItem.VideoAspect]</label2>
                                    <onclick>noop</onclick>
                                    <visible>!String.IsEmpty(ListItem.VideoAspect)</visible>
                                </item>
                                <item>
                                    <label>$LOCALIZE[21446]:</label>
                                    <label2>$INFO[ListItem.AudioCodec]</label2>
                                    <onclick>noop</onclick>
                                    <visible>!String.IsEmpty(ListItem.AudioCodec)</visible>
                                </item>
                                <item>
                                    <label>$LOCALIZE[21444]:</label>
                                    <label2>$INFO[ListItem.AudioChannels]</label2>
                                    <onclick>noop</onclick>
                                    <visible>!String.IsEmpty(ListItem.AudioChannels)</visible>
                                </item>
                                <item>
                                    <label>$LOCALIZE[21447]:</label>
                                    <label2>$INFO[ListItem.AudioLanguage]</label2>
                                    <onclick>noop</onclick>
                                    <visible>!String.IsEmpty(ListItem.AudioLanguage)</visible>
                                </item>
                                <item>
                                    <label>$LOCALIZE[21448]:</label>
                                    <label2>$INFO[ListItem.SubtitleLanguage]</label2>
                                    <onclick>noop</onclick>
                                    <visible>!String.IsEmpty(ListItem.SubtitleLanguage)</visible>
                                </item>
                                <item>
                                    <label>$LOCALIZE[21448]:</label>
                                    <label2>$INFO[ListItem.SubtitleLanguage]</label2>
                                    <onclick>noop</onclick>
                                    <visible>!String.IsEmpty(ListItem.SubtitleLanguage)</visible>
                                </item>
                                <item>
                                    <label>$LOCALIZE[36501]:</label>
                                    <label2>$INFO[ListItem.StereoscopicMode]</label2>
                                    <onclick>noop</onclick>
                                    <visible>!String.IsEmpty(ListItem.StereoscopicMode)</visible>
                                </item>
                                <item>
                                    <label>$LOCALIZE[573]:</label>
                                    <label2>$INFO[ListItem.Path]</label2>
                                    <onclick>Dialog.Close(movieinformation)</onclick>
                                    <onclick>ActivateWindow(Videos,$INFO[ListItem.Path],return)</onclick>
                                </item>
                                <item>
                                    <label>$LOCALIZE[21800]:</label>
                                    <label2>$INFO[ListItem.Filename]</label2>
                                    <onclick>noop</onclick>
                                    <visible>!String.IsEmpty(ListItem.Filename)</visible>
                                </item>
                                <item>
                                    <label>$LOCALIZE[567]:</label>
                                    <label2>$INFO[ListItem.PlayCount]</label2>
                                    <onclick>noop</onclick>
                                    <visible>!String.IsEmpty(ListItem.PlayCount)</visible>
                                </item>
                                <item>
                                    <label fallback="-">$LOCALIZE[575]:</label>
                                    <label2>$INFO[ListItem.PercentPlayed,,%]</label2>
                                    <onclick>noop</onclick>
                                    <visible>ListItem.IsResumable</visible>
                                </item>
                                <item>
                                    <label fallback="-">$LOCALIZE[568]:</label>
                                    <label2>$INFO[ListItem.LastPlayed]</label2>
                                    <onclick>noop</onclick>
                                    <visible>!String.IsEmpty(ListItem.LastPlayed)</visible>
                                </item>
                            </content>
                        </control>
                    </control>
                    <control type="scrollbar" id="60">
                        <posx>1870</posx>
                        <posy>195</posy>
                        <height>360</height>
                        <include>VerticalScroller</include>
                        <onleft>9009</onleft>
                        <onright>60</onright>
                    </control>
                    <control type="textbox">
                        <posx>660</posx>
                        <posy>580</posy>
                        <width>1160</width>
                        <height>440</height>
                        <font>InfoPlotFont</font>
                        <include>TextColor_MainColor</include>
                        <label>$VAR[Plots]</label>
                        <include>myautoscroll</include>
                    </control>
                </control>
                <!-- ACTOR LIST -->
                <control type="group" id="90120">
                    <visible>control.hasfocus(9012)|ControlGroup(90120).HasFocus</visible>
                    <include>VisibleFadeEffect</include>
                    <include content="DummyButton">
                        <param name="x" value="0"/>
                        <param name="y" value="60"/>
                        <param name="width" value="1920"/>
                        <param name="height" value="1080"/>
                        <param name="onfocus" value="noop"/>
                        <param name="SlideTo" value="610,0"/>
                        <param name="SlideCondition" value="ControlGroup(9000).hasfocus"/>
                    </include>
                    <control type="image">
                        <visible>String.IsEmpty(Container(50).Listitem.Thumb)</visible>
                        <posx>120</posx>
                        <posy>200</posy>
                        <width>460</width>
                        <height>690</height>
                        <colordiffuse>$VAR[Picked.HighLight.Color]</colordiffuse>
                        <texture>defaultArtistBig.png</texture>
                        <aspectratio aligny="top">keep</aspectratio>
                        <include>ThumbBorder</include>
                    </control>
                    <control type="image">
                        <visible>!String.IsEmpty(Container(50).Listitem.Thumb)</visible>
                        <posx>120</posx>
                        <posy>200</posy>
                        <width>460</width>
                        <height>690</height>
                        <texture background="true">$INFO[Container(50).ListItem.Thumb]</texture>
                        <aspectratio>scale</aspectratio>
                        <include>ThumbBorder</include>
                    </control>
                    <control type="label">
                        <posx>660</posx>
                        <posy>100</posy>
                        <width>760</width>
                        <height>35</height>
                        <font>InfoTitleSubFont</font>
                        <include>TextColor_MainColor</include>
                        <label>$LOCALIZE[344][COLOR=SeparatorColor] › [/COLOR]$INFO[Container(50).NumItems] $LOCALIZE[31025]</label>
                    </control>
                    <control type="panel" id="50">
                        <posx>660</posx>
                        <posy>195</posy>
                        <width>1280</width>
                        <height>840</height>
                        <pagecontrol>61</pagecontrol>
                        <onleft>9000</onleft>
                        <onright>61</onright>
                        <onup>50</onup>
                        <ondown>50</ondown>
                        <orientation>vertical</orientation>
                        <itemlayout height="120" width="640">
                            <include content="ThumbsImages">
                                <param name="visible" value="true"/>
                                <param name="visibleFrameHighlight" value="false"/>
                                <param name="x" value="0"/>
                                <param name="y" value="5"/>
                                <param name="width" value="73"/>
                                <param name="height" value="110"/>
                                <param name="aspectratio" value="scale"/>
                                <param name="align" value="center"/>
                                <param name="aligny" value="center"/>
                                <param name="flipy" value="false"/>
                                <param name="texture" value="$VAR[Thumbs]"/>
                                <param name="fallback" value="DefaultVideoCover.png"/>
                                <param name="texturediffuse" value="ThumbsUnfocusedColor"/>
                                <param name="borderdiffuse" value="BorderUnfocusedColor"/>
                            </include>
                            <control type="label">
                                <posx>113</posx>
                                <posy>4</posy>
                                <height>50</height>
                                <width>460</width>
                                <font>FacadeListMainFont</font>
                                <textcolor>NoFocusedColor</textcolor>
                                <label>$INFO[ListItem.Label]</label>
                            </control>
                            <control type="label">
                                <posx>113</posx>
                                <posy>42</posy>
                                <height>50</height>
                                <width>460</width>
                                <font>FacadeListSubFont</font>
                                <textcolor>NoFocusedColor</textcolor>
                                <label>$INFO[ListItem.Label2,$LOCALIZE[20347] ]</label>
                            </control>
                        </itemlayout>
                        <focusedlayout height="120" width="640">
                            <control type="group">
                                <include>ButtonWideFocusAnimation</include>
                                <include content="ThumbsImages">
                                    <param name="visible" value="true"/>
                                    <param name="visibleFrameHighlight" value="true"/>
                                    <param name="x" value="0"/>
                                    <param name="y" value="5"/>
                                    <param name="width" value="73"/>
                                    <param name="height" value="110"/>
                                    <param name="aspectratio" value="scale"/>
                                    <param name="align" value="center"/>
                                    <param name="aligny" value="center"/>
                                    <param name="flipy" value="false"/>
                                    <param name="texture" value="$VAR[Thumbs]"/>
                                    <param name="fallback" value="DefaultVideoCover.png"/>
                                    <param name="texturediffuse" value="ThumbsFocusedColor"/>
                                    <param name="borderdiffuse" value="$VAR[Picked.HighLight.Color]"/>
                                </include>
                                <include content="FocusedIndicatorVertical">
                                    <param name="x" value="93"/>
                                    <param name="y" value="7"/>
                                    <param name="height" value="42"/>
                                    <param name="visible" value="control.hasfocus(50)"/>
                                </include>
                                <control type="label">
                                    <posx>113</posx>
                                    <posy>4</posy>
                                    <height>50</height>
                                    <width>460</width>
                                    <font>FacadeListMainFont</font>
                                    <include>TextColor_MainColor</include>
                                    <label>$INFO[ListItem.Label]</label>
                                </control>
                                <control type="label">
                                    <posx>113</posx>
                                    <posy>42</posy>
                                    <height>50</height>
                                    <width>460</width>
                                    <scroll>true</scroll>
                                    <font>FacadeListSubFont</font>
                                    <include>TextColor_MainColor</include>
                                    <label>$INFO[ListItem.Label2,$LOCALIZE[20347] ]</label>
                                </control>
                            </control>
                        </focusedlayout>
                    </control>
                    <control type="scrollbar" id="61">
                        <posx>1870</posx>
                        <posy>195</posy>
                        <height>840</height>
                        <include>VerticalScroller</include>
                        <onleft>50</onleft>
                        <onright>9014</onright>
                    </control>
                </control>
            </control>
            <!-- SIDE MENU -->
            <control type="group">
                <include>LeftMenu</include>
                <control type="grouplist" id="9000">
                    <ondown>9000</ondown>
                    <include>LeftMenuButtonGroup</include>
                    <control type="togglebutton" id="8">
                        <description>play</description>
                        <include>LeftMenuButton</include>
                        <label>$LOCALIZE[208]</label>
                        <altlabel>$LOCALIZE[502]</altlabel>
                        <usealttexture>String.IsEqual(ListItem.DBType,tvshow) | String.IsEqual(ListItem.DBType,season)</usealttexture>
                        <onright>9009</onright>
                    </control>
                    <control type="button" id="299">
                        <visible>String.IsEqual(ListItem.DBType,movie) + system.hasaddon(script.cinema.experience)</visible>
                        <description>Cinema Experience</description>
                        <include>LeftMenuButton</include>
                        <label>$LOCALIZE[31005]</label>
                        <onclick>Dialog.Close(all,true)</onclick>
                        <onclick>Playlist.Clear</onclick>
                        <onclick>XBMC.RunScript(script.cinema.experience,movieid=$INFO[ListItem.DBID])</onclick>
                        <onright>9009</onright>
                    </control>
                    <control type="button" id="298">
                        <visible>System.HasAddon(script.cinemavision) + [String.IsEqual(ListItem.DBType,movie) | String.IsEqual(ListItem.DBType,tvshow) | String.IsEqual(ListItem.DBType,season) | String.IsEqual(ListItem.DBType,episode)]</visible>
                        <description>Cinema Vision</description>
                        <include>LeftMenuButton</include>
                        <label>CinemaVision</label>
                        <onclick>Dialog.Close(MovieInformation)</onclick>
                        <onclick>RunScript(script.cinemavision,experience)</onclick>
                        <onright>9009</onright>
                    </control>
                    <control type="button" id="11">
                        <visible>!String.IsEmpty(ListItem.Trailer)</visible>
                        <description>Trailers</description>
                        <include>LeftMenuButton</include>
                        <label>$LOCALIZE[20410]</label>
                        <onright>9009</onright>
                    </control>
                    <control type="label" id="7965">
                        <include>LeftMenuTitleLabel</include>
                        <label>$LOCALIZE[582]</label>
                    </control>
                    <control type="button" id="2">
                        <description>Info</description>
                        <label>$LOCALIZE[31021]</label>
                        <include>LeftMenuButton</include>
                        <onright>9009</onright>
                        <onclick>SetFocus(9009)</onclick>
                    </control>
                    <control type="togglebutton" id="9012">
                        <visible>Integer.IsGreater(Container(50).NumItems,0)</visible>
                        <description>Actors</description>
                        <include>LeftMenuButton</include>
                        <label>$LOCALIZE[344]</label>
                        <onright>50</onright>
                        <onclick>SetFocus(50)</onclick>
                    </control>
                    <control type="label" id="9183">
                        <include>LeftMenuTitleLabel</include>
                        <label>$LOCALIZE[31509]</label>
                    </control>
                    <control type="togglebutton" id="9010">
                        <visible>System.HasAddon(script.extendedinfo)</visible>
                        <visible>String.IsEqual(ListItem.DBType,movie)|String.IsEqual(ListItem.DBType,tvshow)|[String.IsEqual(ListItem.DBType,episode)+Skin.HasSetting(plexbmc)+!String.StartsWith(ListItem.Title,Season)+String.IsEmpty(ListItem.VideoCodec)]</visible>
                        <visible>![!String.IsEqual(Container.FolderPath,videodb://tvshows/titles/) + String.StartsWith(Container.FolderPath,videodb://tvshows/titles/) + !String.IsEqual(ListItem.DBType,episode)]</visible>
                        <description>Extended Info</description>
                        <include>LeftMenuButton</include>
                        <label>$LOCALIZE[31022]</label>
                        <onclick>dialog.close(all,true)</onclick>
                        <onclick condition="String.IsEqual(ListItem.DBType,movie)">RunScript(script.extendedinfo,info=extendedinfo,dbid=$INFO[ListItem.DBID],name=$INFO[ListItem.Title])</onclick>
                        <onclick condition="String.IsEqual(ListItem.DBType,tvshow)">RunScript(script.extendedinfo,info=extendedtvinfo,dbid=$INFO[ListItem.DBID],name=$INFO[ListItem.Title])</onclick>
                        <onclick condition="String.IsEqual(ListItem.DBType,episode)">RunScript(script.extendedinfo,info=extendedtvinfo,name=$INFO[ListItem.Title])</onclick>
                        <onright>9009</onright>
                    </control>
                    <control type="togglebutton" id="10">
                        <description>Fanart</description>
                        <include>LeftMenuButton</include>
                        <label>$LOCALIZE[13511]</label>
                        <onright>9009</onright>
                    </control>
                    <control type="button" id="7">
                        <description>Set my rating</description>
                        <include>LeftMenuButton</include>
                        <label>$LOCALIZE[38023]</label>
                        <visible>Control.IsEnabled(7)</visible>
                        <onright>9009</onright>
                    </control>
                    <control type="togglebutton" id="9018">
                        <visible>System.HasAddon(script.artwork.downloader) + [String.IsEqual(ListItem.DBType,tvshow) | String.IsEqual(ListItem.DBType,movie) | String.IsEqual(ListItem.DBType,musicvideo)]</visible>
                        <description>Artwork Downloader</description>
                        <include>LeftMenuButton</include>
                        <label>Artwork Downloader</label>
                        <onclick condition="String.IsEqual(ListItem.DBType,movie)">XBMC.RunScript(script.artwork.downloader, mode=gui, mediatype=movie, dbid=$INFO[ListItem.DBID])</onclick>
                        <onclick condition="String.IsEqual(ListItem.DBType,tvshow)">XBMC.RunScript(script.artwork.downloader, mode=gui, mediatype=tvshow, dbid=$INFO[ListItem.DBID])</onclick>
                        <onclick condition="String.IsEqual(ListItem.DBType,musicvideo)">XBMC.RunScript(script.artwork.downloader, mode=gui, mediatype=musicvideos, dbid=$INFO[ListItem.DBID])</onclick>
                        <onright>9009</onright>
                    </control>
                    <control type="button" id="105">
                        <visible>System.HasAddon(script.videoextras) + [String.IsEqual(ListItem.DBType,movie) | String.IsEqual(ListItem.DBType,episode) | String.IsEqual(ListItem.DBType,tvshow) | String.IsEqual(ListItem.DBType,musicvideo)] + String.IsEmpty(Window(movieinformation).Property("HideVideoExtrasButton"))</visible>
                        <description>Videos Extras</description>
                        <include>LeftMenuButton</include>
                        <label>$LOCALIZE[31509]</label>
                        <onclick>RunScript(script.videoextras,display,"$INFO[ListItem.FilenameAndPath]")</onclick>
                        <onright>9009</onright>
                    </control>
                    <control type="togglebutton" id="100">
                        <visible>System.HasAddon(script.tvtunes) + [String.IsEqual(ListItem.DBType,tvshow) | String.IsEqual(ListItem.DBType,movie) | String.IsEqual(ListItem.DBType,musicvideo)]</visible>
                        <description>Tv Tunes</description>
                        <include>LeftMenuButton</include>
                        <label>$LOCALIZE[31956]</label>
                        <onclick>XBMC.RunScript(script.tvtunes,mode=solo)</onclick>
                        <onright>9009</onright>
                    </control>
                    <control type="button" id="6">
                        <description>Refresh</description>
                        <include>LeftMenuButton</include>
                        <label>$LOCALIZE[184]</label>
                        <onright>9009</onright>
                    </control>
                </control>
                <!--<include>LeftMenuScroller</include>-->
            </control>
        </control>
    </controls>
</window>
