<?xml version="1.0" encoding="UTF-8"?>
<window>
    <defaultcontrol always="true">50</defaultcontrol>
    <menucontrol>9000</menucontrol>
    <views>50</views>
    <controls>
        <include>Fanart_Art</include>
        <include>Player_Show</include>
        <include>OverlayFull</include>
        <control type="group" id="505052">
            <include>FacadeFocusAnimation</include>
            <include condition="Skin.HasSetting(plexbmc)">PlexbmcFixTrick</include>
            <include>Header</include>
            <include>FacadeOverlay</include>
            <control type="group">
                <include>LeftMenuHasFocusAnimation</include>
                <include>OpenClose</include>
                <control type="list" id="50">
                    <posx>0</posx>
                    <posy>0</posy>
                    <width>1920</width>
                    <height>1080</height>
                    <onleft>9000</onleft>
                    <onright>60</onright>
                    <onup condition="!Skin.HasSetting(EnableUpNavListViews)">50</onup>
                    <onup>505051</onup>
                    <ondown>50</ondown>
                    <viewtype label="535">list</viewtype>
                    <pagecontrol>60</pagecontrol>
                    <itemlayout height="100" width="910">
                        <include content="ThumbsImages">
                            <param name="visible" value="true"/>
                            <param name="visibleFrameHighlight" value="false"/>
                            <param name="x" value="70"/>
                            <param name="y" value="10"/>
                            <param name="width" value="90"/>
                            <param name="height" value="90"/>
                            <param name="aspectratio" value="scale"/>
                            <param name="align" value="center"/>
                            <param name="aligny" value="center"/>
                            <param name="flipy" value="false"/>
                            <param name="texture" value="$VAR[Thumbs]"/>
                            <param name="fallback" value="DefaultFile.png"/>
                            <param name="texturediffuse" value="ThumbsUnfocusedColor"/>
                            <param name="borderdiffuse" value="BorderUnfocusedColor"/>
                        </include>
                        <control type="label">
                            <posx>230</posx>
                            <posy>10</posy>
                            <height>50</height>
                            <width>1620</width>
                            <font>FacadeListMainFont</font>
                            <textcolor>NoFocusedColor</textcolor>
                            <label>$INFO[ListItem.Label]</label>
                        </control>
                        <control type="label">
                            <posx>230</posx>
                            <posy>55</posy>
                            <height>50</height>
                            <width>1620</width>
                            <font>FacadeListSubFont</font>
                            <textcolor>NoFocusedColor</textcolor>
                            <label>$INFO[ListItem.Label2,,[COLOR=SeparatorColor] › [/COLOR]]$INFO[ListItem.Property(Event.Description)]</label>
                        </control>
                    </itemlayout>
                    <focusedlayout height="100" width="910">
                        <control type="group">
                            <include>ButtonWideFocusAnimation</include>
                            <include content="ThumbsImages">
                                <param name="visible" value="true"/>
                                <param name="visibleFrameHighlight" value="true"/>
                                <param name="x" value="70"/>
                                <param name="y" value="10"/>
                                <param name="width" value="90"/>
                                <param name="height" value="90"/>
                                <param name="aspectratio" value="scale"/>
                                <param name="align" value="center"/>
                                <param name="aligny" value="center"/>
                                <param name="flipy" value="false"/>
                                <param name="texture" value="$VAR[Thumbs]"/>
                                <param name="fallback" value="DefaultFile.png"/>
                                <param name="texturediffuse" value="ThumbsFocusedColor"/>
                                <param name="borderdiffuse" value="$VAR[Picked.HighLight.Color]"/>
                            </include>
                            <include content="FocusedIndicatorVertical">
                                <param name="x" value="210"/>
                                <param name="y" value="10"/>
                                <param name="height" value="90"/>
                                <param name="visible" value="true"/>
                            </include>
                            <control type="label">
                                <posx>230</posx>
                                <posy>10</posy>
                                <height>50</height>
                                <width>1620</width>
                                <font>FacadeListMainFont</font>
                                <scroll>true</scroll>
                                <include>TextColor_MainColor</include>
                                <label>$INFO[ListItem.Label]</label>
                            </control>
                            <control type="textbox">
                                <posx>230</posx>
                                <posy>55</posy>
                                <height>50</height>
                                <width>1620</width>
                                <font>FacadeListSubFont</font>
                                <scroll>true</scroll>
                                <include>TextColor_MainColor</include>
                                <label>$INFO[ListItem.Label2,,[COLOR=SeparatorColor] › [/COLOR]]$INFO[ListItem.Property(Event.Description)]</label>
                            </control>
                        </control>
                    </focusedlayout>
                </control>
                <control type="scrollbar" id="60">
                    <posx>1870</posx>
                    <posy>0</posy>
                    <height>1080</height>
                    <include>VerticalScroller</include>
                    <onleft>50</onleft>
                    <onright>505051</onright>
                </control>
            </control>
        </control>
        <!-- SIDE MENU -->
        <control type="group">
            <visible>!Skin.HasSetting(EnableKioskMode)</visible>
            <include>LeftMenu</include>
            <include>Icon_Fade</include>
            <control type="grouplist" id="9000">
                <include>LeftMenuButtonGroup</include>
                <onleft>50</onleft>
                <ondown>9000</ondown>
                <onback>50</onback>
                <control type="label" id="200">
                    <include>LeftMenuTitleLabel</include>
                    <label>$LOCALIZE[582]</label>
                </control>
                <control type="togglebutton" id="4">
                    <description>Sort asc</description>
                    <label>$LOCALIZE[21429]:  $LOCALIZE[21430]</label>
                    <altlabel>$LOCALIZE[21429]:  $LOCALIZE[21431]</altlabel>
                    <include>LeftMenuButton</include>
                </control>
                <control type="label" id="201">
                    <include>LeftMenuTitleLabel</include>
                    <include>LeftMenuButton</include>
                    <label>$LOCALIZE[31509]</label>
                </control>
                <control type="button" id="21">
                    <description>Level button</description>
                    <include>LeftMenuButton</include>
                    <label>-</label>
                </control>
                <control type="radiobutton" id="22">
                    <description>Only show current level</description>
                    <include>LeftMenuButton</include>
                    <label>-</label>
                </control>
                <control type="button" id="20">
                    <description>Clear button</description>
                    <include>LeftMenuButton</include>
                    <label>192</label>
                </control>
            </control>
            <include>LeftMenuScroller</include>
        </control>
        <include>NowPlaying</include>
        <include>TopBar</include>
    </controls>
</window>
