<?xml version="1.0" encoding="utf-8"?>
<includes>
    <include name="Horizontal_Home_Layout">
        <control type="grouplist" id="700">
            <pagecontrol>60</pagecontrol>
            <itemgap>0</itemgap>
            <control type="group">
                <include>OpenCloseOverlay</include>
                <height>0</height>
                <control type="image">
                    <include>OverlayTransparencyHeader</include>
                    <posx>0</posx>
                    <posy>0</posy>
                    <width>1920</width>
                    <height>332</height>
                    <colordiffuse>$VAR[Picked.Theme.Color]</colordiffuse>
                    <texture border="3">common/overlay_topbar_gradient.png</texture>
                </control>
                <control type="image">
                    <include>OverlayTransparency</include>
                    <posx>0</posx>
                    <posy>330</posy>
                    <width>1920</width>
                    <height>3500</height>
                    <colordiffuse>$VAR[Picked.Theme.Color]</colordiffuse>
                    <texture border="5">common/overlay_dialog_gradient.png</texture>
                </control>
                <control type="image">
                    <visible>!$EXP[HomeWidgetCollectionHasFocus]</visible>
                    <posx>0</posx>
                    <posy>330</posy>
                    <width>1920</width>
                    <height>2</height>
                    <colordiffuse>$VAR[Picked.Theme.Color]</colordiffuse>
                    <texture border="2,0,2,0">common/line_gray_horizontal.png</texture>
                </control>
                <control type="image">
                    <visible>$EXP[HomeWidgetCollectionHasFocus]</visible>
                    <posx>0</posx>
                    <posy>330</posy>
                    <width>1920</width>
                    <height>2</height>
                    <colordiffuse>$VAR[Picked.HighLight.Color]</colordiffuse>
                    <texture border="2,0,2,0">common/line_white_horizontal.png</texture>
                </control>
            </control>
            <control type="group">
                <include>OpenClose</include>
                <height>200</height>
                <control type="group">
                    <posy>15</posy>
                    <control type="label">
                        <include>WindowTitle</include>
                        <label>KODI</label>
                    </control>
                    <control type="label">
                        <include>WindowTitleSub</include>
                        <label>$VAR[HomeSubTitles]</label>
                    </control>
                    <include>Time</include>
                </control>
            </control>
            <control type="group">
                <include>OpenClose</include>
                <posy>0</posy>
                <control type="list" id="9001">
                    <posx>0</posx>
                    <posy>0</posy>
                    <height>50</height>
                    <width>1920</width>
                    <onleft>9001</onleft>
                    <onright>9001</onright>
                    <onup>9900</onup>
                    <viewtype>list</viewtype>
                    <onback>SetFocus(300)</onback>
                    <ondown>300</ondown>
                    <orientation>horizontal</orientation>
                    <pagecontrol>-</pagecontrol>
                    <itemlayout height="50" width="384">
                        <control type="label">
                            <posx>TextMargin</posx>
                            <posy>0</posy>
                            <width>334</width>
                            <height>50</height>
                            <font>FacadeListMainFont</font>
                            <include>TextColor_AlternateColor</include>
                            <scroll>false</scroll>
                            <label>$INFO[ListItem.Label]</label>
                        </control>
                    </itemlayout>
                    <focusedlayout height="50" width="384">
                        <control type="group">
                            <include>ButtonFocusAnimation</include>
                            <control type="group">
                                <visible>control.hasfocus(9001)</visible>
                                <include content="FocusedIndicatorVertical">
                                    <param name="x" value="50"/>
                                    <param name="y" value="0"/>
                                    <param name="height" value="45"/>
                                    <param name="visible" value="control.hasfocus(9001)"/>
                                </include>
                                <control type="label">
                                    <posx>TextMargin</posx>
                                    <posy>0</posy>
                                    <width>334</width>
                                    <height>50</height>
                                    <font>FacadeListMainFont</font>
                                    <include>TextColor_MainColor</include>
                                    <scroll>true</scroll>
                                    <label>$INFO[ListItem.Label]</label>
                                </control>
                            </control>
                            <control type="group">
                                <visible>!control.hasfocus(9001)</visible>
                                <control type="label">
                                    <posx>TextMargin</posx>
                                    <posy>0</posy>
                                    <width>334</width>
                                    <height>50</height>
                                    <font>FacadeListMainFont</font>
                                    <include>TextColor_AlternateColor</include>
                                    <scroll>false</scroll>
                                    <label>$INFO[ListItem.Label]</label>
                                </control>
                            </control>
                        </control>
                    </focusedlayout>
                    <content>
                        <include condition="Skin.HasSetting(plexbmc)+System.HasAddon(plugin.video.plexbmc)">Plexbmc.Submenu.Items</include>
                        <include>skinshortcuts-submenu</include>
                    </content>
                </control>
                <control type="button">
                    <visible>Integer.IsGreater(Container(9001).NumItems,0)</visible>
                    <posx>0</posx>
                    <posy>0</posy>
                    <width>70</width>
                    <height>50</height>
                    <include>HiddenButton</include>
                    <include>TextColor_AlternateColor</include>
                    <font>FacadeListMainFontMat</font>
                    <textoffsetx>10</textoffsetx>
                    <textoffsety>8</textoffsety>
                    <align>left</align>
                    <aligny>top</aligny>
                    <!--<label></label>-->
                    <onclick>Control.Move(9001,-1)</onclick>
                </control>
                <control type="button">
                    <visible>Integer.IsGreater(Container(9001).NumItems,0)</visible>
                    <right>0</right>
                    <posy>0</posy>
                    <width>150</width>
                    <height>50</height>
                    <include>HiddenButton</include>
                    <include>TextColor_AlternateColor</include>
                    <font>FacadeListMainFontMat</font>
                    <textoffsetx>10</textoffsetx>
                    <textoffsety>8</textoffsety>
                    <align>right</align>
                    <aligny>top</aligny>
                    <!--<label></label>-->
                    <onclick>Control.Move(9001,1)</onclick>
                </control>
            </control>
            <control type="group">
                <include>OpenClose</include>
                <height>131</height>
                <control type="group">
                    <posy>50</posy>
                    <include>Icon_Fade</include>
                    <control type="list" id="300">
                        <posx>0</posx>
                        <posy>0</posy>
                        <width>1920</width>
                        <height>60</height>
                        <onleft>300</onleft>
                        <onright>300</onright>
                        <ondown condition="Skin.HasSetting(plexbmc)+!String.IsEmpty(Container(300).ListItem.Property(uuid))">900</ondown>
                        <ondown condition="String.IsEqual(Container(300).ListItem.Property(id),1)">700011</ondown>
                        <ondown condition="String.IsEqual(Container(300).ListItem.Property(id),2)">700012</ondown>
                        <ondown condition="String.IsEqual(Container(300).ListItem.Property(id),3)">700013</ondown>
                        <ondown condition="String.IsEqual(Container(300).ListItem.Property(id),4)">700014</ondown>
                        <ondown condition="String.IsEqual(Container(300).ListItem.Property(id),5)">700015</ondown>
                        <ondown condition="String.IsEqual(Container(300).ListItem.Property(id),6)">700016</ondown>
                        <ondown condition="String.IsEqual(Container(300).ListItem.Property(id),7)">700017</ondown>
                        <ondown condition="String.IsEqual(Container(300).ListItem.Property(id),8)">700018</ondown>
                        <ondown condition="String.IsEqual(Container(300).ListItem.Property(id),9)">700019</ondown>
                        <ondown condition="String.IsEqual(Container(300).ListItem.Property(id),10)">7000110</ondown>
                        <ondown condition="String.IsEqual(Container(300).ListItem.Property(id),11)">7000111</ondown>
                        <ondown condition="String.IsEqual(Container(300).ListItem.Property(id),12)">7000112</ondown>
                        <ondown condition="String.IsEqual(Container(300).ListItem.Property(id),13)">7000113</ondown>
                        <ondown condition="String.IsEqual(Container(300).ListItem.Property(id),14)">7000114</ondown>
                        <ondown condition="String.IsEqual(Container(300).ListItem.Property(id),15)">7000115</ondown>
                        <ondown condition="String.IsEqual(Container(300).ListItem.Property(id),16)">7000116</ondown>
                        <ondown condition="String.IsEqual(Container(300).ListItem.Property(id),17)">7000117</ondown>
                        <ondown condition="String.IsEqual(Container(300).ListItem.Property(id),18)">7000118</ondown>
                        <ondown condition="String.IsEqual(Container(300).ListItem.Property(id),19)">7000119</ondown>
                        <ondown condition="String.IsEqual(Container(300).ListItem.Property(id),20)">7000120</ondown>
                        <ondown condition="String.IsEqual(Container(300).ListItem.Property(id),21)">7000121</ondown>
                        <ondown condition="String.IsEqual(Container(300).ListItem.Property(id),22)">7000122</ondown>
                        <ondown condition="String.IsEqual(Container(300).ListItem.Property(id),23)">7000123</ondown>
                        <ondown condition="String.IsEqual(Container(300).ListItem.Property(id),24)">7000124</ondown>
                        <ondown condition="String.IsEqual(Container(300).ListItem.Property(id),25)">7000125</ondown>
                        <ondown condition="String.IsEqual(Container(300).ListItem.Property(id),26)">7000126</ondown>
                        <ondown condition="String.IsEqual(Container(300).ListItem.Property(id),27)">7000127</ondown>
                        <ondown condition="String.IsEqual(Container(300).ListItem.Property(id),28)">7000128</ondown>
                        <ondown condition="String.IsEqual(Container(300).ListItem.Property(id),29)">7000129</ondown>
                        <ondown condition="String.IsEqual(Container(300).ListItem.Property(id),30)">7000130</ondown>
                        <ondown condition="String.IsEqual(Container(300).ListItem.Property(id),31)">7000131</ondown>
                        <ondown condition="String.IsEqual(Container(300).ListItem.Property(id),32)">7000132</ondown>
                        <ondown condition="String.IsEqual(Container(300).ListItem.Property(id),33)">7000133</ondown>
                        <ondown condition="String.IsEqual(Container(300).ListItem.Property(id),34)">7000134</ondown>
                        <ondown condition="String.IsEqual(Container(300).ListItem.Property(id),35)">7000135</ondown>
                        <ondown condition="String.IsEqual(Container(300).ListItem.Property(id),36)">7000136</ondown>
                        <ondown condition="String.IsEqual(Container(300).ListItem.Property(id),37)">7000137</ondown>
                        <ondown condition="String.IsEqual(Container(300).ListItem.Property(id),38)">7000138</ondown>
                        <ondown condition="String.IsEqual(Container(300).ListItem.Property(id),39)">7000139</ondown>
                        <ondown condition="String.IsEqual(Container(300).ListItem.Property(id),40)">7000140</ondown>
                        <ondown condition="String.IsEqual(Container(300).ListItem.Property(id),41)">7000141</ondown>
                        <ondown condition="String.IsEqual(Container(300).ListItem.Property(id),42)">7000142</ondown>
                        <ondown condition="String.IsEqual(Container(300).ListItem.Property(id),43)">7000143</ondown>
                        <ondown condition="String.IsEqual(Container(300).ListItem.Property(id),44)">7000144</ondown>
                        <ondown condition="String.IsEqual(Container(300).ListItem.Property(id),45)">7000145</ondown>
                        <ondown condition="String.IsEqual(Container(300).ListItem.Property(id),46)">7000146</ondown>
                        <ondown condition="String.IsEqual(Container(300).ListItem.Property(id),47)">7000147</ondown>
                        <ondown condition="String.IsEqual(Container(300).ListItem.Property(id),48)">7000148</ondown>
                        <ondown condition="String.IsEqual(Container(300).ListItem.Property(id),49)">7000149</ondown>
                        <ondown condition="String.IsEqual(Container(300).ListItem.Property(id),50)">7000150</ondown>
                        <onup>9001</onup>
                        <pagecontrol>-</pagecontrol>
                        <!--<preloaditems>4</preloaditems>-->
                        <orientation>horizontal</orientation>
                        <itemlayout height="60" width="384">
                            <control type="label">
                                <posx>TextMargin</posx>
                                <posy>0</posy>
                                <width>334</width>
                                <height>60</height>
                                <font>MainMenuFont</font>
                                <scroll>false</scroll>
                                <include>TextColor_AlternateColor</include>
                                <label>$INFO[ListItem.Label]</label>
                            </control>
                        </itemlayout>
                        <focusedlayout height="60" width="384">
                            <control type="group">
                                <include>ButtonFocusAnimation</include>
                                <include content="FocusedIndicatorVertical">
                                    <param name="x" value="50"/>
                                    <param name="y" value="5"/>
                                    <param name="height" value="60"/>
                                    <param name="visible" value="control.hasfocus(300)"/>
                                </include>
                                <control type="label">
                                    <visible>control.hasfocus(300)</visible>
                                    <posx>TextMargin</posx>
                                    <posy>0</posy>
                                    <width>334</width>
                                    <height>60</height>
                                    <font>MainMenuFont</font>
                                    <scroll>true</scroll>
                                    <include>TextColor_MainColor</include>
                                    <label>$INFO[ListItem.Label]</label>
                                </control>
                                <control type="label">
                                    <animation effect="fade" start="85" end="85" time="0" reversible="false" condition="true">Conditional</animation>
                                    <visible>!control.hasfocus(300)</visible>
                                    <posx>TextMargin</posx>
                                    <posy>0</posy>
                                    <width>334</width>
                                    <height>60</height>
                                    <font>MainMenuFont</font>
                                    <scroll>false</scroll>
                                    <include>TextColor_MainColor</include>
                                    <label>$INFO[ListItem.Label]</label>
                                </control>
                            </control>
                        </focusedlayout>
                        <content>
                            <include condition="Skin.HasSetting(plexbmc)+System.HasAddon(plugin.video.plexbmc)">Plexbmc.Items</include>
                            <include>skinshortcuts-mainmenu</include>
                        </content>
                    </control>
                    <control type="button">
                        <visible>Integer.IsGreater(Container(300).NumItems,0)</visible>
                        <posx>0</posx>
                        <posy>0</posy>
                        <width>70</width>
                        <height>60</height>
                        <include>HiddenButton</include>
                        <include>TextColor_AlternateColor</include>
                        <font>FacadeListMainFontMat</font>
                        <textoffsetx>10</textoffsetx>
                        <textoffsety>19</textoffsety>
                        <align>left</align>
                        <aligny>top</aligny>
                        <!--<label></label>-->
                        <onclick>Control.Move(300,-1)</onclick>
                    </control>
                    <control type="button">
                        <visible>Integer.IsGreater(Container(300).NumItems,0)</visible>
                        <right>0</right>
                        <posy>0</posy>
                        <width>150</width>
                        <height>70</height>
                        <include>HiddenButton</include>
                        <include>TextColor_AlternateColor</include>
                        <font>FacadeListMainFontMat</font>
                        <textoffsetx>10</textoffsetx>
                        <textoffsety>19</textoffsety>
                        <align>right</align>
                        <aligny>top</aligny>
                        <!--<label></label>-->
                        <onclick>Control.Move(300,1)</onclick>
                    </control>
                </control>
            </control>
            <include>WidgetsCollection</include>
        </control>
        <control type="scrollbar" id="60">
            <include>OpenClose</include>
            <posx>1870</posx>
            <posy>330</posy>
            <height>750</height>
            <include>VerticalScroller</include>
            <onleft>700</onleft>
            <onright>60</onright>
        </control>
    </include>
</includes>
