<?xml version="1.0" encoding="utf-8"?>
<includes>
    <include name="PVRLeftMenu">
        <control type="group">
            <include>LeftMenu</include>
            <include>Icon_Fade</include>
            <control type="grouplist" id="9000">
                <include>LeftMenuButtonGroup</include>
                <onleft>50</onleft>
                <ondown>9000</ondown>
                <onback>50</onback>
                <control type="label" id="7965">
                    <include>LeftMenuTitleLabel</include>
                    <label>$LOCALIZE[33063]</label>
                </control>
                <control type="button" id="100">
                    <description>Channels</description>
                    <label>19019</label>
                    <onclick condition="Window.IsActive(TVChannels) | Window.IsActive(RadioChannels)">NextChannelGroup</onclick>
                    <onclick condition="String.IsEmpty(Window.Property(IsRadio))">ActivateWindow(TVChannels)</onclick>
                    <onclick condition="!String.IsEmpty(Window.Property(IsRadio))">ActivateWindow(RadioChannels)</onclick>
                    <include>LeftMenuButton</include>
                </control>
                <control type="button" id="101">
                    <description>TV Guide</description>
                    <label>22020</label>
                    <onclick condition="Window.IsActive(TVGuide) | Window.IsActive(RadioGuide)">NextChannelGroup</onclick>
                    <onclick condition="String.IsEmpty(Window.Property(IsRadio))">ActivateWindow(TVGuide)</onclick>
                    <onclick condition="!String.IsEmpty(Window.Property(IsRadio))">ActivateWindow(RadioGuide)</onclick>
                    <include>LeftMenuButton</include>
                </control>
                <control type="button" id="102">
                    <description>Recordings</description>
                    <label>19163</label>
                    <onclick condition="String.IsEmpty(Window.Property(IsRadio))">ActivateWindow(TVRecordings)</onclick>
                    <onclick condition="!String.IsEmpty(Window.Property(IsRadio))">ActivateWindow(RadioRecordings)</onclick>
                    <include>LeftMenuButton</include>
                </control>
                <control type="button" id="103">
                    <description>Timers</description>
                    <label>19040</label>
                    <onclick condition="String.IsEmpty(Window.Property(IsRadio))">ActivateWindow(TVTimers)</onclick>
                    <onclick condition="!String.IsEmpty(Window.Property(IsRadio))">ActivateWindow(RadioTimers)</onclick>
                    <include>LeftMenuButton</include>
                </control>
                <control type="button" id="104">
                    <description>Timers Rules</description>
                    <label>19138</label>
                    <onclick condition="String.IsEmpty(Window.Property(IsRadio))">ActivateWindow(TVTimerRules)</onclick>
                    <onclick condition="!String.IsEmpty(Window.Property(IsRadio))">ActivateWindow(RadioTimerRules)</onclick>
                    <include>LeftMenuButton</include>
                </control>
                <control type="button" id="105">
                    <description>Search</description>
                    <label>137</label>
                    <onclick condition="String.IsEmpty(Window.Property(IsRadio))">ActivateWindow(TVSearch)</onclick>
                    <onclick condition="!String.IsEmpty(Window.Property(IsRadio))">ActivateWindow(RadioSearch)</onclick>
                    <include>LeftMenuButton</include>
                </control>
                <control type="label" id="9183">
                    <include>LeftMenuTitleLabel</include>
                    <include>LeftMenuButton</include>
                    <label>$LOCALIZE[582]</label>
                </control>
                <control type="button" id="28">
                    <description>Channel Groups</description>
                    <include>LeftMenuButton</include>
                    <label>-</label>
                </control>
                <control type="radiobutton" id="5">
                    <description>Group recording items by folder structure</description>
                    <label>19270</label>
                    <visible>Window.IsActive(TVRecordings) | Window.IsActive(RadioRecordings)</visible>
                    <include>LeftMenuButton</include>
                </control>
                <control type="radiobutton" id="7">
                    <description>Show deleted recordings</description>
                    <label>19184</label>
                    <visible>Window.IsActive(TVRecordings) | Window.IsActive(RadioRecordings)</visible>
                    <include>LeftMenuButton</include>
                </control>
                <control type="button" id="2">
                    <!--<visible>Window.IsActive(MyPVRGuide.xml)</visible>-->
                    <visible>!Skin.HasSetting(EnableKioskMode)</visible>
                    <description>View As button</description>
                    <label>-</label>
                    <include>LeftMenuButton</include>
                </control>
                <control type="button" id="3">
                    <visible>!Skin.HasSetting(EnableKioskMode)</visible>
                    <description>Sort by button</description>
                    <label>103</label>
                    <include>LeftMenuButton</include>
                </control>
                <control type="togglebutton" id="4">
                    <visible>!Skin.HasSetting(EnableKioskMode)</visible>
                    <description>Sort asc</description>
                    <label>31051</label>
                    <altlabel>31050</altlabel>
                    <usealttexture>Container.SortDirection(Ascending)</usealttexture>
                    <include>LeftMenuButton</include>
                </control>
                <control type="radiobutton" id="31">
                    <visible>Window.IsActive(TVChannels) | Window.IsActive(RadioChannels)</visible>
                    <description>Filter</description>
                    <label>587</label>
                    <selected>Container.Filtered</selected>
                    <include>LeftMenuButton</include>
                </control>
                <control type="radiobutton" id="6">
                    <visible>Window.IsActive(TVChannels) | Window.IsActive(RadioChannels)</visible>
                    <description>Show hidden channels</description>
                    <label>19051</label>
                    <include>LeftMenuButton</include>
                </control>
                <control type="radiobutton" id="8">
                    <visible>Window.IsActive(MyPVRTimers.xml)</visible>
                    <description>Hide disabled timers</description>
                    <label>$LOCALIZE[19077]</label>
                    <include>LeftMenuButton</include>
                </control>
            </control>
            <include>LeftMenuScroller</include>
        </control>
    </include>
    <include name="OSD_Channels_BottomScreen">
        <include>WindowClosingButton</include>
        <control type="group">
            <posy>550</posy>
            <control type="image">
                <include>OverlayTransparencyOSD</include>
                <posx>0</posx>
                <posy>0</posy>
                <width>1920</width>
                <height>530</height>
                <colordiffuse>$VAR[Picked.Theme.Color]</colordiffuse>
                <texture border="5">common/overlay_dialog_gradient.png</texture>
            </control>
            <control type="image">
                <include>TopBarOSDVisibleFadeEffectOverlay</include>
                <posx>0</posx>
                <posy>-1</posy>
                <width>1920</width>
                <height>2</height>
                <colordiffuse>$VAR[Picked.HighLight.Color]</colordiffuse>
                <texture border="2,0,2,0">common/line_white_horizontal.png</texture>
            </control>
            <control type="label">
                <posx>TextMargin</posx>
                <posy>-70</posy>
                <width>1780</width>
                <height>50</height>
                <font>InfoTitleFont</font>
                <include>TextColor_MainColor</include>
                <scroll>true</scroll>
                <label>$INFO[VideoPlayer.ChannelGroup]</label>
            </control>
            <control type="label">
                <right>TextMargin</right>
                <posy>-70</posy>
                <width>1780</width>
                <height>50</height>
                <font>InfoTitleFont</font>
                <include>TextColor_MainColor</include>
                <align>right</align>
                <scroll>true</scroll>
                <label>$INFO[System.Time]</label>
            </control>
            <control type="list" id="11">
                <posx>0</posx>
                <posy>0</posy>
                <width>1920</width>
                <height>530</height>
                <!-- <onleft>61</onleft> -->
                <onleft>PreviousChannelGroup</onleft>
                <onright>6061</onright>
                <onup>11</onup>
                <ondown>11</ondown>
                <pagecontrol>6061</pagecontrol>
                <itemlayout height="120" width="1920">
                    <include content="ThumbsImages">
                        <param name="visible" value="true"/>
                        <param name="visibleFrameHighlight" value="false"/>
                        <param name="x" value="70"/>
                        <param name="y" value="10"/>
                        <param name="width" value="146"/>
                        <param name="height" value="110"/>
                        <param name="aspectratio" value="scale"/>
                        <param name="align" value="center"/>
                        <param name="aligny" value="center"/>
                        <param name="flipy" value="false"/>
                        <param name="texture" value="$VAR[ThumbsPvr]"/>
                        <param name="fallback" value="defaultChannel.png"/>
                        <param name="texturediffuse" value="ThumbsUnfocusedColor"/>
                        <param name="borderdiffuse" value="BorderUnfocusedColor"/>
                    </include>
                    <include content="WatchedRecOverlay">
                        <param name="x" value="161"/>
                        <param name="y" value="10"/>
                        <param name="width" value="50"/>
                        <param name="height" value="50"/>
                        <param name="color" value="Alternate"/>
                    </include>
                    <include content="ProgressBar">
                        <param name="id" value="0"/>
                        <param name="visible" value="Integer.IsGreater(ListItem.Progress,0)"/>
                        <param name="x" value="222"/>
                        <param name="y" value="11"/>
                        <param name="width" value="104"/>
                        <param name="info" value="ListItem.Progress"/>
                        <param name="endRotation" value="-90"/>
                        <param name="centerRotation" value="222,11"/>
                        <param name="visiblefocus" value="false"/>
                        <param name="direction" value="vertical"/>
                    </include>
                    <control type="label">
                        <posx>285</posx>
                        <posy>18</posy>
                        <width>1565</width>
                        <font>FacadeListTitleFont</font>
                        <textcolor>NoFocusedColor</textcolor>
                        <label>$VAR[DetailsTitle]</label>
                    </control>
                    <control type="label">
                        <posx>285</posx>
                        <posy>68</posy>
                        <width>1565</width>
                        <font>FacadeListSubTitleFont</font>
                        <textcolor>NoFocusedColor</textcolor>
                        <label>$VAR[DetailsRow1]$VAR[DetailsRow2,[COLOR=SeparatorColor] › [/COLOR]]$VAR[DetailsRow3,[COLOR=SeparatorColor] › [/COLOR]]</label>
                    </control>
                </itemlayout>
                <focusedlayout height="120" width="1920">
                    <control type="group">
                        <include>ListFocusAnimation</include>
                        <include content="ThumbsImages">
                            <param name="visible" value="true"/>
                            <param name="visibleFrameHighlight" value="true"/>
                            <param name="x" value="70"/>
                            <param name="y" value="10"/>
                            <param name="width" value="146"/>
                            <param name="height" value="110"/>
                            <param name="aspectratio" value="scale"/>
                            <param name="align" value="center"/>
                            <param name="aligny" value="center"/>
                            <param name="flipy" value="false"/>
                            <param name="texture" value="$VAR[ThumbsPvr]"/>
                            <param name="fallback" value="defaultChannel.png"/>
                            <param name="texturediffuse" value="ThumbsFocusedColor"/>
                            <param name="borderdiffuse" value="$VAR[Picked.HighLight.Color]"/>
                        </include>
                        <include content="WatchedRecOverlay">
                            <param name="x" value="161"/>
                            <param name="y" value="10"/>
                            <param name="width" value="50"/>
                            <param name="height" value="50"/>
                            <param name="color" value="Main"/>
                        </include>
                        <include content="ProgressBar">
                            <param name="id" value="0"/>
                            <param name="visible" value="Integer.IsGreater(ListItem.Progress,0)"/>
                            <param name="x" value="222"/>
                            <param name="y" value="11"/>
                            <param name="width" value="104"/>
                            <param name="info" value="ListItem.Progress"/>
                            <param name="endRotation" value="-90"/>
                            <param name="centerRotation" value="222,11"/>
                            <param name="visiblefocus" value="true"/>
                            <param name="direction" value="vertical"/>
                        </include>
                        <include content="FocusedIndicatorVertical">
                            <param name="x" value="265"/>
                            <param name="y" value="18"/>
                            <param name="height" value="57"/>
                            <param name="visible" value="true"/>
                        </include>
                        <control type="label">
                            <posx>285</posx>
                            <posy>18</posy>
                            <width>1565</width>
                            <font>FacadeListTitleFont</font>
                            <include>TextColor_MainColor</include>
                            <label>$VAR[DetailsTitle]</label>
                        </control>
                        <control type="label">
                            <posx>285</posx>
                            <posy>68</posy>
                            <width>1565</width>
                            <font>FacadeListSubTitleFont</font>
                            <include>TextColor_MainColor</include>
                            <label>$VAR[DetailsRow1]$VAR[DetailsRow2,[COLOR=SeparatorColor] › [/COLOR]]$VAR[DetailsRow3,[COLOR=SeparatorColor] › [/COLOR]]</label>
                        </control>
                    </control>
                </focusedlayout>
            </control>
            <control type="scrollbar" id="6061">
                <posx>1870</posx>
                <posy>0</posy>
                <height>530</height>
                <include>VerticalScroller</include>
                <ondown>6061</ondown>
                <onup>6061</onup>
                <onleft>11</onleft>
                <onright>NextChannelGroup</onright>
            </control>
        </control>
    </include>
    <include name="OSD_Guide_BottomScreen">
        <include>WindowClosingButton</include>
        <control type="group">
            <posy>550</posy>
            <control type="image">
                <include>OverlayTransparencyOSD</include>
                <posx>0</posx>
                <posy>0</posy>
                <width>1920</width>
                <height>530</height>
                <colordiffuse>$VAR[Picked.Theme.Color]</colordiffuse>
                <texture border="5">common/overlay_dialog_gradient.png</texture>
            </control>
            <control type="image">
                <include>TopBarOSDVisibleFadeEffectOverlay</include>
                <posx>0</posx>
                <posy>-1</posy>
                <width>1920</width>
                <height>2</height>
                <colordiffuse>$VAR[Picked.HighLight.Color]</colordiffuse>
                <texture border="2,0,2,0">common/line_white_horizontal.png</texture>
            </control>
            <control type="label">
                <posx>TextMargin</posx>
                <posy>-70</posy>
                <width>1780</width>
                <height>50</height>
                <font>InfoTitleFont</font>
                <include>TextColor_MainColor</include>
                <scroll>true</scroll>
                <label>$INFO[Container(11).ListItem.ChannelNumberLabel,,[COLOR=SeparatorColor] › [/COLOR]]$INFO[VideoPlayer.ChannelName]$INFO[Container(11).ListItem.StartDate,[COLOR=SeparatorColor] › [/COLOR]]</label>
            </control>
            <control type="label">
                <right>TextMargin</right>
                <posy>-70</posy>
                <width>1780</width>
                <height>50</height>
                <font>InfoTitleFont</font>
                <include>TextColor_MainColor</include>
                <align>right</align>
                <scroll>true</scroll>
                <label>$INFO[System.Time]</label>
            </control>
            <control type="list" id="11">
                <posx>0</posx>
                <posy>0</posy>
                <width>1920</width>
                <height>530</height>
                <!-- <onleft>61</onleft> -->
                <onleft>PreviousChannelGroup</onleft>
                <onright>6061</onright>
                <onup>11</onup>
                <ondown>11</ondown>
                <pagecontrol>6061</pagecontrol>
                <itemlayout height="120" width="1920">
                    <include content="ThumbsImages">
                        <param name="visible" value="true"/>
                        <param name="visibleFrameHighlight" value="false"/>
                        <param name="x" value="70"/>
                        <param name="y" value="10"/>
                        <param name="width" value="146"/>
                        <param name="height" value="110"/>
                        <param name="aspectratio" value="scale"/>
                        <param name="align" value="center"/>
                        <param name="aligny" value="center"/>
                        <param name="flipy" value="false"/>
                        <param name="texture" value="$VAR[ThumbsPvr]"/>
                        <param name="fallback" value="defaultChannel.png"/>
                        <param name="texturediffuse" value="ThumbsUnfocusedColor"/>
                        <param name="borderdiffuse" value="BorderUnfocusedColor"/>
                    </include>
                    <include content="WatchedRecOverlay">
                        <param name="x" value="161"/>
                        <param name="y" value="10"/>
                        <param name="width" value="50"/>
                        <param name="height" value="50"/>
                        <param name="color" value="Alternate"/>
                    </include>
                    <include content="ProgressBar">
                        <param name="id" value="0"/>
                        <param name="visible" value="Integer.IsGreater(ListItem.Progress,0)"/>
                        <param name="x" value="222"/>
                        <param name="y" value="11"/>
                        <param name="width" value="104"/>
                        <param name="info" value="ListItem.Progress"/>
                        <param name="endRotation" value="-90"/>
                        <param name="centerRotation" value="222,11"/>
                        <param name="visiblefocus" value="false"/>
                        <param name="direction" value="vertical"/>
                    </include>
                    <control type="label">
                        <posx>285</posx>
                        <posy>18</posy>
                        <width>1565</width>
                        <font>FacadeListTitleFont</font>
                        <textcolor>NoFocusedColor</textcolor>
                        <label>$VAR[DetailsTitle]</label>
                    </control>
                    <control type="label">
                        <posx>285</posx>
                        <posy>68</posy>
                        <width>1565</width>
                        <font>FacadeListSubTitleFont</font>
                        <textcolor>NoFocusedColor</textcolor>
                        <label>$VAR[DetailsRow3]</label>
                    </control>
                </itemlayout>
                <focusedlayout height="120" width="1920">
                    <control type="group">
                        <include>ListFocusAnimation</include>
                        <include content="ThumbsImages">
                            <param name="visible" value="true"/>
                            <param name="visibleFrameHighlight" value="true"/>
                            <param name="x" value="70"/>
                            <param name="y" value="10"/>
                            <param name="width" value="146"/>
                            <param name="height" value="110"/>
                            <param name="aspectratio" value="scale"/>
                            <param name="align" value="center"/>
                            <param name="aligny" value="center"/>
                            <param name="flipy" value="false"/>
                            <param name="texture" value="$VAR[ThumbsPvr]"/>
                            <param name="fallback" value="defaultChannel.png"/>
                            <param name="texturediffuse" value="ThumbsFocusedColor"/>
                            <param name="borderdiffuse" value="$VAR[Picked.HighLight.Color]"/>
                        </include>
                        <include content="WatchedRecOverlay">
                            <param name="x" value="161"/>
                            <param name="y" value="10"/>
                            <param name="width" value="50"/>
                            <param name="height" value="50"/>
                            <param name="color" value="Main"/>
                        </include>
                        <include content="ProgressBar">
                            <param name="id" value="0"/>
                            <param name="visible" value="Integer.IsGreater(ListItem.Progress,0)"/>
                            <param name="x" value="222"/>
                            <param name="y" value="11"/>
                            <param name="width" value="104"/>
                            <param name="info" value="ListItem.Progress"/>
                            <param name="endRotation" value="-90"/>
                            <param name="centerRotation" value="222,11"/>
                            <param name="visiblefocus" value="true"/>
                            <param name="direction" value="vertical"/>
                        </include>
                        <include content="FocusedIndicatorVertical">
                            <param name="x" value="265"/>
                            <param name="y" value="18"/>
                            <param name="height" value="57"/>
                            <param name="visible" value="true"/>
                        </include>
                        <control type="label">
                            <posx>285</posx>
                            <posy>18</posy>
                            <width>1565</width>
                            <font>FacadeListTitleFont</font>
                            <include>TextColor_MainColor</include>
                            <label>$VAR[DetailsTitle]</label>
                        </control>
                        <control type="label">
                            <posx>285</posx>
                            <posy>68</posy>
                            <width>1565</width>
                            <font>FacadeListSubTitleFont</font>
                            <include>TextColor_MainColor</include>
                            <label>$VAR[DetailsRow3]</label>
                        </control>
                    </control>
                </focusedlayout>
            </control>
            <control type="scrollbar" id="6061">
                <posx>1870</posx>
                <posy>0</posy>
                <height>530</height>
                <include>VerticalScroller</include>
                <ondown>6061</ondown>
                <onup>6061</onup>
                <onleft>11</onleft>
                <onright>NextChannelGroup</onright>
            </control>
        </control>
    </include>
</includes>
