<?xml version="1.0" encoding="utf-8"?>
<includes>
    <!--

    CUSTOM WINDOWS LIST
    _1115 CustomPlexHomeSettings.xml * Plex Items Settings
    _1118 Custom_FullscreenMusic * start fullscreen audio playback
    _1119 CustomAddons * browse addons united under the same roof
    _1120 CustomStartupWindow.xml * define startup window
    _1121 CustomTransparencyOverlay.xml * manage transparency levels

   -->
    <include file="Includes_Variables.xml"/>
    <include file="Includes_Animations.xml"/>
    <include file="Includes_Expressions.xml"/>
    <include file="Includes_Codec.xml"/>
    <include file="Includes_CustomColors.xml"/>
    <include file="defaults.xml"/>
    <include file="Includes_Home_Common.xml"/>
    <include file="Includes_Home_Common_Plexbmc.xml"/>
    <include file="Includes_Horizontal_Home.xml"/>
    <include file="Includes_Vertical_Home.xml"/>
    <include file="Includes_Shelf_Plexbmc_Contents.xml"/>
    <include file="Includes_PVR.xml"/>
    <include file="Includes_Weather.xml"/>
    <include file="Includes_SkinShortcuts.xml"/>
    <include file="View_50_BigList.xml"/>
    <include file="View_51_Fullscreen.xml"/>
    <include file="View_52_FixedList.xml"/>
    <include file="View_54_Fanart.xml"/>
    <include file="View_53_Grid.xml"/>
    <include file="View_55_SlimList.xml"/>
    <include file="View_56_BannerList.xml"/>
    <include file="View_57_58_59_Showcase.xml"/>
    <include file="View_5050_CardList.xml"/>
    <include file="script-skinshortcuts-includes.xml"/>
    <include name="Player_Show">
        <control type="group">
            <include>VisibleFadeEffect</include>
            <control type="image">
                <visible>Player.HasVideo + !Skin.HasSetting(Show_Player)</visible>
                <posx>0</posx>
                <posy>0</posy>
                <width>1920</width>
                <height>1080</height>
                <texture>common/BlackDot.png</texture>
            </control>
            <control type="multiimage">
                <visible>[Player.HasAudio + String.IsEmpty(Window(Videos).Property(PlayingBackgroundMedia))] + [!Skin.HasSetting(Show_Player)|window.isactive(visualisation)] + Skin.HasSetting(MusicPlayingFanart) + !String.IsEmpty(Window(Visualisation).Property(ArtistSlideshow))</visible>
                <include>KenBurns</include>
                <include>Dimensions_Fullscreen</include>
                <imagepath background="true">$INFO[Window(Visualisation).Property(ArtistSlideshow)]</imagepath>
                <aspectratio aligny="top">scale</aspectratio>
                <timeperimage>14000</timeperimage>
                <fadetime>400</fadetime>
                <randomize>true</randomize>
                <animation effect="fade" start="0" end="100" time="150">Visible</animation>
                <animation effect="fade" start="100" end="0" time="150">Hidden</animation>
            </control>
            <control type="image">
                <visible>[Player.HasAudio + String.IsEmpty(Window(Videos).Property(PlayingBackgroundMedia))] + [!Skin.HasSetting(Show_Player)|window.isactive(visualisation)] + Skin.HasSetting(MusicPlayingFanart) + String.IsEmpty(Window(Visualisation).Property(ArtistSlideshow))</visible>
                <include>Dimensions_Fullscreen</include>
                <include>KenBurns</include>
                <fadetime>400</fadetime>
                <aspectratio>scale</aspectratio>
                <texture background="true">$INFO[MusicPlayer.Property(Fanart_Image)]</texture>
                <animation effect="fade" start="0" end="100" time="150">Visible</animation>
                <animation effect="fade" start="100" end="0" time="150">Hidden</animation>
            </control>
            <control type="visualisation">
                <visible>!SlideShow.IsActive</visible>
                <visible>[Player.HasAudio + String.IsEmpty(Window(Videos).Property(PlayingBackgroundMedia))] + [!Skin.HasSetting(Show_Player)|window.isactive(visualisation)]</visible>
                <posx>0</posx>
                <posy>0</posy>
                <width>1920</width>
                <height>1080</height>
            </control>
            <control type="videowindow">
                <visible>!SlideShow.IsActive</visible>
                <visible>Player.HasVideo + !Skin.HasSetting(Show_Player)</visible>
                <posx>0</posx>
                <posy>0</posy>
                <width>1920</width>
                <height>1080</height>
            </control>
        </control>
    </include>
    <include name="DimBG">
        <control type="image">
            <animation effect="fade" time="150" start="0" end="100" reversible="false">WindowOpen</animation>
            <animation effect="fade" time="150" start="100" end="0" reversible="false">WindowClose</animation>
            <!--<animation effect="fade" start="19" end="19" time="0" reversible="false" condition="true">Conditional</animation>-->
            <colordiffuse>$VAR[Picked.Theme.Color]</colordiffuse>
            <posx>-1920</posx>
            <posy>-1080</posy>
            <width>5760</width>
            <height>3240</height>
            <texture border="1">common/overlay_dialog.png</texture>
        </control>
    </include>
    <include name="Dimensions_Fullscreen">
        <posx>0</posx>
        <posy>0</posy>
        <width>1920</width>
        <height>1080</height>
    </include>
    <include name="TopBarButton">
        <include>ButtonFocusAnimation</include>
        <width>65</width>
        <height>60</height>
        <font>TopbarMatFont</font>
        <textoffsetx>0</textoffsetx>
        <align>center</align>
        <include>HiddenButton</include>
        <alttexturefocus>-</alttexturefocus>
        <colordiffuse>$VAR[Picked.Theme.Color]</colordiffuse>
    </include>
    <include name="TopBar">
        <control type="image">
            <animation effect="fade" start="65" end="65" time="0" reversible="false" condition="true">Conditional</animation>
            <include>TopBarVisibleFadeEffectOverlay</include>
            <posx>0</posx>
            <posy>0</posy>
            <width>1920</width>
            <height>1080</height>
            <colordiffuse>$VAR[Picked.Theme.Color]</colordiffuse>
            <texture border="3" flipy="true">common/overlay_dialog_gradient.png</texture>
        </control>
        <control type="image">
            <include>TopBarVisibleFadeEffectOverlay</include>
            <include>OverlayTransparencyTopbar</include>
            <posx>0</posx>
            <posy>0</posy>
            <width>1920</width>
            <height>187</height>
            <colordiffuse>$VAR[Picked.Theme.Color]</colordiffuse>
            <texture border="3">common/overlay_topbar_gradient.png</texture>
        </control>
        <control type="image">
            <include>TopBarVisibleFadeEffectOverlay</include>
            <posx>0</posx>
            <posy>185</posy>
            <width>1920</width>
            <height>2</height>
            <colordiffuse>$VAR[Picked.HighLight.Color]</colordiffuse>
            <texture border="2,0,2,0">common/line_white_horizontal.png</texture>
        </control>
        <control type="button" id="8998">
            <include>TopBarVisibleFadeEffect</include>
            <description>Fake button for mouse control</description>
            <posx>-1920</posx>
            <posy>0</posy>
            <width>1130</width>
            <height>210</height>
            <include>HiddenButton</include>
            <visible>true</visible>
            <onfocus>SetFocus(9900)</onfocus>
        </control>
        <control type="grouplist" id="9901">
            <include>TopBarVisibleFadeEffect</include>
            <posx>-1860</posx>
            <posy>23</posy>
            <width>1920</width>
            <height>60</height>
            <itemgap>0</itemgap>
            <align>left</align>
            <orientation>horizontal</orientation>
            <onleft>9901</onleft>
            <onright>9901</onright>
            <onup>50</onup>
            <ondown>9900</ondown>
            <align>center</align>
            <control type="button" id="1628">
                <label></label>
                <include>TopBarButton</include>
                <onclick>ActivateWindow(favourites)</onclick>
            </control>
            <control type="button" id="1630">
                <visible>!Skin.HasSetting(plexbmc) + System.HasAddon(script.globalsearch)</visible>
                <label></label>
                <include>TopBarButton</include>
                <onclick>RunAddOn(script.globalsearch)</onclick>
            </control>
            <control type="button" id="1632">
                <label></label>
                <include>TopBarButton</include>
                <onclick>ActivateWindow(Weather)</onclick>
            </control>
            <control type="button" id="1624">
                <label></label>
                <include>TopBarButton</include>
                <onclick>ActivateWindow(Settings,return)</onclick>
            </control>
            <control type="button" id="1626">
                <label></label>
                <include>TopBarButton</include>
                <onclick>ActivateWindow(shutdownmenu)</onclick>
            </control>
        </control>
        <control type="grouplist" id="9900">
            <include>TopBarVisibleFadeEffect</include>
            <posx>-1860</posx>
            <posy>105</posy>
            <width>1920</width>
            <height>60</height>
            <itemgap>0</itemgap>
            <align>left</align>
            <orientation>horizontal</orientation>
            <onleft>9900</onleft>
            <onright>9900</onright>
            <onup>9901</onup>
            <ondown condition="Window.IsActive(script-globalsearch-main.xml)">9000</ondown>
            <ondown condition="Window.IsActive(script-script.extendedinfo-VideoList.xml)">500</ondown>
            <ondown condition="Window.IsActive(LoginScreen.xml)">52</ondown>
            <ondown condition="Window.IsActive(SkinSettings.xml)">9000</ondown>
            <ondown condition="Window.IsActive(DialogFavourites.xml)">450</ondown>
            <ondown condition="Window.isactive(CustomStartupWindow.xml)">9001</ondown>
            <ondown condition="window.isactive(FileManager.xml)">20</ondown>
            <ondown condition="Window.IsActive(DialogMediaSource.xml)|Window.IsActive(FileBrowser.xml)">9001</ondown>
            <ondown condition="Window.IsActive(Home.xml)+!Skin.HasSetting(VerticalHome)">9001</ondown>
            <ondown condition="Window.IsActive(Home.xml)+Skin.HasSetting(VerticalHome)">300</ondown>
            <ondown condition="Window.IsActive(DialogContentSettings.xml)">21</ondown>
            <ondown condition="Window.IsActive(SettingsCategory.xml)">3</ondown>
            <ondown condition="Window.IsActive(DialogAddonSettings.xml)">9</ondown>
            <ondown condition="Window.IsActive(script-XBMC_Lyrics-main.xml)">110</ondown>
            <ondown condition="Window.IsActive(MyWeather.xml)+Skin.String(WeatherType,Map)">155</ondown>
            <ondown>50</ondown>
            <align>center</align>
            <control type="button" id="1622">
                <visible>Player.HasMedia</visible>
                <label></label>
                <include>TopBarButton</include>
                <onclick>fullscreen</onclick>
            </control>
            <control type="button" id="1600">
                <label></label>
                <include>TopBarButton</include>
                <onclick>back</onclick>
            </control>
            <control type="button" id="1602">
                <label></label>
                <include>TopBarButton</include>
                <onclick>Dialog.Close(all,true)</onclick>
                <onclick>ActivateWindow(home)</onclick>
            </control>
            <control type="button" id="1604">
                <visible>Player.HasMedia</visible>
                <label></label>
                <include>TopBarButton</include>
                <onclick>PlayerControl(Previous)</onclick>
            </control>
            <control type="button" id="1606">
                <visible>Player.HasMedia</visible>
                <label></label>
                <include>TopBarButton</include>
                <onclick>PlayerControl(Rewind)</onclick>
            </control>
            <control type="button" id="1608">
                <visible>Player.HasMedia</visible>
                <label></label>
                <include>TopBarButton</include>
                <onclick>PlayerControl(Play)</onclick>
            </control>
            <control type="button" id="1609">
                <visible>Player.HasMedia</visible>
                <label></label>
                <include>TopBarButton</include>
                <onclick>PlayerControl(Play)</onclick>
            </control>
            <control type="button" id="1610">
                <visible>Player.HasMedia</visible>
                <label></label>
                <include>TopBarButton</include>
                <onclick>PlayerControl(Stop)</onclick>
            </control>
            <control type="button" id="1612">
                <visible>Player.HasMedia</visible>
                <label></label>
                <include>TopBarButton</include>
                <onclick>PlayerControl(Forward)</onclick>
            </control>
            <control type="button" id="1614">
                <visible>Player.HasMedia</visible>
                <label></label>
                <include>TopBarButton</include>
                <onclick>PlayerControl(Next)</onclick>
            </control>
            <control type="button" id="1616">
                <visible>!Player.Muted</visible>
                <label></label>
                <include>TopBarButton</include>
                <onclick>Mute</onclick>
            </control>
            <control type="button" id="16161">
                <visible>Player.Muted</visible>
                <label></label>
                <include>TopBarButton</include>
                <textcolor>red</textcolor>
                <onclick>Mute</onclick>
            </control>
            <control type="button" id="1618">
                <label></label>
                <include>TopBarButton</include>
                <onclick>VolumeDown</onclick>
            </control>
            <control type="button" id="1620">
                <label></label>
                <include>TopBarButton</include>
                <onclick>VolumeUp</onclick>
            </control>
        </control>
        <control type="label">
            <include>TopBarVisibleFadeEffect</include>
            <posx>-70</posx>
            <posy>0</posy>
            <width>500</width>
            <height>185</height>
            <align>right</align>
            <aligny>center</aligny>
            <font>MainMenuFont</font>
            <include>TextColor_AlternateColor</include>
            <label>$VAR[TopbarLabel]</label>
        </control>
        <control type="button" id="8997">
            <description>Fake button for mouse control</description>
            <posx>0</posx>
            <posy>0</posy>
            <width>50</width>
            <height>186</height>
            <include>HiddenButton</include>
            <visible>true</visible>
            <onfocus>SetFocus(9900)</onfocus>
        </control>
        <control type="label">
            <visible>Skin.HasSetting(ScrollOffsetLabelEnabled)</visible>
            <visible>Container.Scrolling + [String.IsEqual(Container.SortMethod,$LOCALIZE[551]) | String.IsEqual(Container.SortMethod,$LOCALIZE[561]) | String.IsEqual(Container.SortMethod,$LOCALIZE[558]) | String.IsEqual(Container.SortMethod,$LOCALIZE[557]) | String.IsEqual(Container.SortMethod,$LOCALIZE[556])]</visible>
            <include>ScrollOffsetLabelVisibleFadeEffect</include>
            <animation type="Conditional" reversible="true" condition="[
                   Skin.HasSetting(EnableUpAnimNavListViews)+[
                   [Control.isvisible(50)+Container(50).Row(0)+Container(50).Scrolling]|
                   [Control.isvisible(52)+Container(52).Row(0)+Container(52).Scrolling]|
                   [Control.isvisible(55)+Container(55).Row(0)+Container(55).Scrolling]|
                   [Control.isvisible(56)+Container(56).Row(0)+Container(56).Scrolling]|
                   [Window.IsVisible(DialogFavourites.xml)+Control.isvisible(450)+Container(450).Row(0)+Container(450).Scrolling]|
                   [Window.IsVisible(script-script.extendedinfo-VideoList.xml)+Control.isvisible(500)+Container(500).Row(0)+Container(500).Scrolling]|
                   [Window.IsVisible(FileManager.xml)+[[Control.isvisible(20)+Container(20).Row(0)+Container(20).Scrolling]|[Control.isvisible(21)+Container(21).Row(0)+Container(21).Scrolling]]]|
                   [Window.IsVisible(MyPVRGuide.xml)+[[Control.isvisible(10)+Container(10).Row(0)+Container(10).Scrolling]|[Control.isvisible(11)+Container(11).Row(0)+Container(11).Scrolling]|[Control.isvisible(12)+Container(12).Row(0)+Container(12).Scrolling]|[Control.isvisible(13)+Container(13).Row(0)+Container(13).Scrolling]]]
                   ]]">
                <effect type="slide" start="0,0" end="0,186" time="150" delay="0" tween="circle" easing="inout"/>
            </animation>
            <!--<include>VisibleFadeEffect</include>-->
            <right>0</right>
            <top>0</top>
            <height>70</height>
            <width>70</width>
            <align>center</align>
            <aligny>center</aligny>
            <font>WindowTitleFont</font>
            <include>TextColor_MainColor</include>
            <label>$INFO[ListItem.SortLetter]</label>
        </control>
        <control type="label">
            <animation effect="fade" start="65" time="3000" condition="true" pulse="true">Conditional</animation>
            <visible>PVR.IsRecording</visible>
            <include>VisibleFadeEffect</include>
            <right>0</right>
            <bottom>0</bottom>
            <height>70</height>
            <width>70</width>
            <align>center</align>
            <aligny>center</aligny>
            <font>TopbarMatFont</font>
            <textcolor>RecordingColor</textcolor>
            <label></label>
        </control>
        <control type="label">
            <animation effect="slide" start="0,0" end="-55,0" time="0" condition="PVR.IsRecording">Conditional</animation>
            <animation effect="fade" start="65" time="3000" condition="true" pulse="true">Conditional</animation>
            <visible>Player.Muted</visible>
            <include>VisibleFadeEffect</include>
            <right>0</right>
            <bottom>0</bottom>
            <height>70</height>
            <width>70</width>
            <align>center</align>
            <aligny>center</aligny>
            <font>TopbarMatFont</font>
            <include>TextColor_MainColor</include>
            <label></label>
        </control>
    </include>
    <include name="OverlayFull">
        <control type="group">
            <visible>[Window.Isvisible(MusicVisualisation.xml)+!Skin.HasSetting(DisableOverlayMusicPlaying)]|!Window.Isvisible(MusicVisualisation.xml)</visible>
            <control type="image">
                <visible>!Control.IsVisible(51)</visible>
                <include>Icon_Fade</include>
                <include>OverlayTransparency</include>
                <posx>0</posx>
                <posy>0</posy>
                <width>1920</width>
                <height>1080</height>
                <colordiffuse>$VAR[Picked.Theme.Color]</colordiffuse>
                <texture>common/overlay.png</texture>
            </control>
            <control type="image">
                <visible>!Control.IsVisible(51)</visible>
                <include>Icon_Fade</include>
                <include>OverlayTransparencyWhite</include>
                <posx>0</posx>
                <posy>0</posy>
                <width>1920</width>
                <height>1080</height>
                <colordiffuse>$VAR[Picked.Theme.Color]</colordiffuse>
                <texture>common/WhiteDot.png</texture>
            </control>
            <control type="image">
                <visible>!Control.IsVisible(51)</visible>
                <include>Icon_Fade</include>
                <include>OverlayTransparencyBlack</include>
                <posx>0</posx>
                <posy>0</posy>
                <width>1920</width>
                <height>1080</height>
                <texture>common/BlackDot.png</texture>
            </control>
        </control>
    </include>
    <include name="Time">
        <control type="label">
            <include>HeaderVisibleFadeEffect</include>
            <posx>1850</posx>
            <posy>23</posy>
            <height>50</height>
            <width>500</width>
            <align>right</align>
            <aligny>top</aligny>
            <font>WindowTitleFont</font>
            <include>TextColor_AlternateColor</include>
            <label>$INFO[System.Time]</label>
        </control>
        <control type="label">
            <include>HeaderVisibleFadeEffect</include>
            <posx>1850</posx>
            <posy>86</posy>
            <width>500</width>
            <align>right</align>
            <aligny>top</aligny>
            <font>WindowTitleSubFont</font>
            <include>TextColor_AlternateColor</include>
            <label>$INFO[System.Date]</label>
        </control>
    </include>
    <include name="NowPlaying">
        <control type="button" id="505051">
            <visible>!window.isactive(home)</visible>
            <posx>0</posx>
            <posy>-186</posy>
            <width>1820</width>
            <height>210</height>
            <include>HiddenButton</include>
            <onup>9900</onup>
            <onleft>9900</onleft>
            <onright>9900</onright>
            <ondown condition="Window.IsActive(script-script.extendedinfo-VideoList.xml)">500</ondown>
            <ondown condition="Window.IsActive(LoginScreen.xml)">52</ondown>
            <ondown condition="Window.isactive(SkinSettings.xml)">9000</ondown>
            <ondown condition="Window.isactive(CustomStartupWindow.xml)">9001</ondown>
            <ondown condition="window.isactive(FileManager.xml)">20</ondown>
            <ondown condition="window.isactive(DialogFavourites.xml)">450</ondown>
            <ondown condition="!window.isactive(MyWeather.xml)">50</ondown>
            <ondown condition="window.isactive(MyWeather.xml)">49</ondown>
            <onclick condition="!window.isactive(MyWeather.xml)">Control.SetFocus(50)</onclick>
            <onclick condition="window.isactive(MyWeather.xml)">Control.SetFocus(49)</onclick>
        </control>
        <control type="group">
            <visible>!Control.isVisible(53)</visible>
            <control type="image" id="495678">
                <!--DUMMY-->
                <visible>[[Player.HasAudio + String.IsEmpty(Window(Videos).Property(PlayingBackgroundMedia))]|Player.HasVideo]</visible>
                <include>HiddenButton</include>
                <texture>-</texture>
            </control>
            <control type="group">
                <visible>Player.HasMedia+!Window.IsActive(Startup.xml)</visible>
                <!--<visible>!Control.IsVisible(378433)</visible>-->
                <include>NowPlayingVisibleFadeEffect</include>
                <control type="image">
                    <right>TextMargin</right>
                    <bottom>TextMargin</bottom>
                    <width>573</width>
                    <height>178</height>
                    <colordiffuse>$VAR[Picked.Theme.Color]</colordiffuse>
                    <texture border="2">common/overlay_player.png</texture>
                </control>
                <control type="image">
                    <posx>1277</posx>
                    <posy>832</posy>
                    <width>573</width>
                    <height>2</height>
                    <colordiffuse>$VAR[Picked.HighLight.Color]</colordiffuse>
                    <texture border="2,0,2,0">common/line_gray_horizontal.png</texture>
                </control>
                <include content="ProgressBar">
                    <param name="id" value="23"/>
                    <param name="visible" value="true"/>
                    <param name="x" value="1277"/>
                    <param name="y" value="832"/>
                    <param name="width" value="573"/>
                    <param name="info" value="Player.Progress"/>
                    <param name="visiblefocus" value="true"/>
                    <param name="direction" value="horizontal"/>
                </include>
                <!--<include content="ProgressBar">-->
                <!--<param name="id" value="0"/>-->
                <!--<param name="visible" value="PVR.IsTimeshift"/>-->
                <!--<param name="x" value="1277"/>-->
                <!--<param name="y" value="832"/>-->
                <!--<param name="width" value="573"/>-->
                <!--<param name="info" value="PVR.TimeshiftProgress"/>-->
                <!--<param name="visiblefocus" value="true"/>-->
                <!--<param name="direction" value="horizontal"/>-->
                <!--</include>-->
                <control type="label">
                    <include>Icon_Fade</include>
                    <posx>1305</posx>
                    <posy>852</posy>
                    <height>90</height>
                    <width>517</width>
                    <align>left</align>
                    <aligny>top</aligny>
                    <scroll>true</scroll>
                    <include>TextColor_MainColor</include>
                    <font>NowPlayingSubFont</font>
                    <label>$INFO[Player.Time]</label>
                </control>
                <control type="label">
                    <include>Icon_Fade</include>
                    <posx>1822</posx>
                    <posy>852</posy>
                    <height>90</height>
                    <width>517</width>
                    <align>right</align>
                    <aligny>top</aligny>
                    <scroll>true</scroll>
                    <include>TextColor_MainColor</include>
                    <font>NowPlayingSubFont</font>
                    <label>$INFO[Player.TimeRemaining]</label>
                </control>
                <control type="label">
                    <visible>Player.hasvideo + VideoPlayer.Content(livetv)</visible>
                    <posx>1305</posx>
                    <posy>900</posy>
                    <height>90</height>
                    <width>517</width>
                    <align>left</align>
                    <aligny>top</aligny>
                    <scroll>true</scroll>
                    <font>NowPlayingMainFont</font>
                    <include>TextColor_MainColor</include>
                    <label>$INFO[VideoPlayer.Title]</label>
                </control>
                <control type="label">
                    <visible>Player.hasvideo + !VideoPlayer.Content(livetv)</visible>
                    <posx>1305</posx>
                    <posy>900</posy>
                    <height>90</height>
                    <width>517</width>
                    <align>left</align>
                    <aligny>top</aligny>
                    <scroll>true</scroll>
                    <font>NowPlayingMainFont</font>
                    <include>TextColor_MainColor</include>
                    <label>$INFO[MusicPlayer.Title]$INFO[VideoPlayer.Album,,[COLOR=SeparatorColor] › [/COLOR]]$INFO[VideoPlayer.Season,$LOCALIZE[31973],.]$INFO[VideoPlayer.Episode,,[COLOR=SeparatorColor] › [/COLOR]]$INFO[VideoPlayer.Title]</label>
                </control>
                <control type="label">
                    <visible>Player.HasAudio + !VideoPlayer.Content(livetv)</visible>
                    <posx>1305</posx>
                    <posy>900</posy>
                    <height>90</height>
                    <width>517</width>
                    <align>left</align>
                    <aligny>top</aligny>
                    <scroll>true</scroll>
                    <font>NowPlayingMainFont</font>
                    <include>TextColor_MainColor</include>
                    <label>$INFO[MusicPlayer.Title]$INFO[MusicPlayer.Album,[COLOR=SeparatorColor] › [/COLOR]]</label>
                </control>
                <control type="label">
                    <include>Icon_Fade</include>
                    <posx>1305</posx>
                    <posy>958</posy>
                    <height>90</height>
                    <width>517</width>
                    <align>left</align>
                    <aligny>top</aligny>
                    <scroll>true</scroll>
                    <include>TextColor_MainColor</include>
                    <font>NowPlayingSubFont</font>
                    <label>$VAR[SeekLabel]</label>
                </control>
            </control>
        </control>
    </include>
    <include name="9000GrouplistParameters">
        <control type="button" id="2">
            <include>LeftMenuButton</include>
        </control>
        <control type="radiobutton" id="9156">
            <visible>Control.IsVisible(53) + [Container.Content(TVShows)|Container.Content(movies)|Container.Content(sets)|Container.Content(seasons)]</visible>
            <font>LeftMenuSubButtonFont</font>
            <include>LeftMenuButton</include>
            <onclick>Skin.ToggleSetting(53_UseBanners)</onclick>
            <selected>Skin.HasSetting(53_UseBanners)</selected>
            <label>$LOCALIZE[31992]</label>
        </control>
        <control type="radiobutton" id="9157">
            <visible>Control.IsVisible(53)+!Skin.HasSetting(53_UseBanners)+!Container.Content(episodes)</visible>
            <font>LeftMenuSubButtonFont</font>
            <include>LeftMenuButton</include>
            <onclick>Skin.ToggleSetting(53_BigGrid)</onclick>
            <selected>Skin.HasSetting(53_BigGrid)</selected>
            <label>$LOCALIZE[538]</label>
        </control>
        <!--<control type="label" id="9181">-->
        <!--<include>LeftMenuTitleLabel</include>-->
        <!--<include>LeftMenuButton</include>-->
        <!--<label>$LOCALIZE[581]</label>-->
        <!--</control>-->
    </include>
    <include name="KeyboardButtons">
        <include>ButtonFocusAnimation</include>
        <align>left</align>
        <aligny>center</aligny>
        <textoffsetx>20</textoffsetx>
        <width>80</width>
        <height>60</height>
        <font>ButtonFont</font>
        <radioposx>13</radioposx>
        <radioposy>7</radioposy>
        <alttexturenofocus>-</alttexturenofocus>
        <textureradiooffnofocus border="1">buttons/RadioOffNFsmall.png</textureradiooffnofocus>
        <textureradioonnofocus border="1">buttons/RadioOnNFsmall.png</textureradioonnofocus>
        <textureradioofffocus border="1">buttons/RadioOffFOsmall.png</textureradioofffocus>
        <textureradioonfocus border="1">buttons/RadioOnFOsmall.png</textureradioonfocus>
        <textureradioondisabled colordiffuse="90ffffff" border="1">buttons/RadioOnNFsmall.png</textureradioondisabled>
        <textureradiooffdisabled colordiffuse="90ffffff" border="1">buttons/RadioOffNFsmall.png</textureradiooffdisabled>
    </include>
    <include name="List_9009_Commons">
        <posx>640</posx>
        <posy>195</posy>
        <width>1180</width>
        <height>360</height>
        <onleft>9000</onleft>
        <onright>60</onright>
        <onup>9009</onup>
        <ondown>9009</ondown>
        <pagecontrol>60</pagecontrol>
        <itemlayout height="120" width="393">
            <control type="label">
                <posx>20</posx>
                <posy>0</posy>
                <height>50</height>
                <width>340</width>
                <font>FacadeListSubFont</font>
                <textcolor>NoFocusedColor</textcolor>
                <label>$INFO[ListItem.Label]</label>
            </control>
            <control type="label">
                <posx>20</posx>
                <posy>33</posy>
                <height>50</height>
                <width>340</width>
                <font>FacadeListMainFont</font>
                <textcolor>NoFocusedColor</textcolor>
                <label>$INFO[ListItem.Label2]</label>
            </control>
        </itemlayout>
        <focusedlayout height="120" width="393">
            <control type="group">
                <include>ButtonWideFocusAnimation</include>
                <include content="FocusedIndicatorVertical">
                    <param name="x" value="0"/>
                    <param name="y" value="33"/>
                    <param name="height" value="45"/>
                    <param name="visible" value="control.hasfocus(9009)|control.hasfocus(49)"/>
                </include>
                <control type="label">
                    <posx>20</posx>
                    <posy>0</posy>
                    <height>50</height>
                    <width>340</width>
                    <font>FacadeListSubFont</font>
                    <include>TextColor_MainColor</include>
                    <label>$INFO[ListItem.Label]</label>
                </control>
                <control type="label">
                    <posx>20</posx>
                    <posy>33</posy>
                    <height>50</height>
                    <width>340</width>
                    <scroll>true</scroll>
                    <font>FacadeListMainFont</font>
                    <include>TextColor_MainColor</include>
                    <label>$INFO[ListItem.Label2]</label>
                </control>
            </control>
        </focusedlayout>
    </include>
    <include name="Fanart_Art_Extra">
        <control type="multiimage">
            <include>KenBurns</include>
            <include>Icon_Fade</include>
            <posx>0</posx>
            <posy>0</posy>
            <width>1920</width>
            <height>1080</height>
            <timeperimage>9000</timeperimage>
            <randomize>true</randomize>
            <fadetime>400</fadetime>
            <aspectratio aligny="top">scale</aspectratio>
            <imagepath background="true">$INFO[ListItem.Path]extrafanart/</imagepath>
        </control>
    </include>
    <include name="Fanart_Art">
        <control type="group">
            <include>VisibleFadeEffect</include>
            <control type="image">
                <posx>0</posx>
                <posy>0</posy>
                <width>1920</width>
                <height>1080</height>
                <colordiffuse>$VAR[Picked.Theme.Color]</colordiffuse>
                <texture>special://skin/backgrounds/default/background.png</texture>
            </control>
            <control type="multiimage">
                <include>KenBurns</include>
                <include>Icon_Fade</include>
                <posx>0</posx>
                <posy>0</posy>
                <width>1920</width>
                <height>1080</height>
                <timeperimage>9000</timeperimage>
                <randomize>true</randomize>
                <fadetime>400</fadetime>
                <aspectratio aligny="top">scale</aspectratio>
                <imagepath background="true">$VAR[Fanart.Art]</imagepath>
            </control>
            <include condition="!Skin.HasSetting(DisableFanart)+Skin.HasSetting(EnableExtraFanart)">Fanart_Art_Extra</include>
        </control>
    </include>
    <constant name="TextMargin">70</constant>
    <constant name="TextMarginR">70r</constant>
    <include name="WindowTitle">
        <include>HeaderVisibleFadeEffect</include>
        <posx>TextMargin</posx>
        <posy>23</posy>
        <width>1200</width>
        <aligny>top</aligny>
        <font>WindowTitleFont</font>
        <include>TextColor_AlternateColor</include>
    </include>
    <include name="WindowTitleSub">
        <include>HeaderVisibleFadeEffect</include>
        <posx>TextMargin</posx>
        <posy>86</posy>
        <width>1200</width>
        <aligny>top</aligny>
        <font>WindowTitleSubFont</font>
        <include>TextColor_AlternateColor</include>
    </include>
    <include name="LeftMenu">
        <control type="group">
            <animation effect="fade" time="150" start="100" end="0" reversible="false" condition="![$EXP[LeftMenuHasFocus]]">Conditional</animation>
            <animation effect="fade" time="150" start="0" end="100" reversible="false" condition="$EXP[LeftMenuHasFocus]">Conditional</animation>
            <include>OpenClose</include>
            <control type="image">
                <animation effect="slide" tween="circle" easing="inout" time="150" start="0,0" end="1920,0" condition="$EXP[LeftMenuHasFocus]">Conditional</animation>
                <include>OverlayTransparencyLeftMenu</include>
                <posx>-1920</posx>
                <posy>0</posy>
                <width>658</width>
                <height>1080</height>
                <colordiffuse>$VAR[Picked.Theme.Color]</colordiffuse>
                <texture border="2">common/overlay_dialog_gradient.png</texture>
            </control>
            <control type="image">
                <animation effect="slide" tween="circle" easing="inout" time="150" start="0,0" end="1920,0" condition="$EXP[LeftMenuHasFocus]">Conditional</animation>
                <posx>-1262</posx>
                <posy>0</posy>
                <width>2</width>
                <height>1080</height>
                <colordiffuse>$VAR[Picked.HighLight.Color]</colordiffuse>
                <texture border="1">common/line_gray_vertical.png</texture>
            </control>
            <control type="button" id="8999">
                <description>Fake button for mouse control</description>
                <posx>0</posx>
                <posy>0</posy>
                <width>30</width>
                <height>1080</height>
                <include>HiddenButton</include>
                <visible>true</visible>
                <onfocus>SetFocus(9000)</onfocus>
            </control>
            <control type="button" id="8999">
                <animation effect="slide" tween="circle" easing="inout" time="150" start="0,0" end="1920,0" condition="$EXP[LeftMenuHasFocus]">Conditional</animation>
                <description>Fake button for mouse control</description>
                <posx>-1920</posx>
                <posy>0</posy>
                <width>700</width>
                <height>1080</height>
                <include>HiddenButton</include>
                <visible>true</visible>
                <onfocus>SetFocus(9000)</onfocus>
            </control>
        </control>
    </include>
    <include name="LeftMenuScroller">
        <control type="scrollbar" id="9060">
            <animation effect="slide" tween="circle" easing="inout" time="150" start="0,0" end="660,0" condition="$EXP[LeftMenuHasFocus]">Conditional</animation>
            <include>OpenClose</include>
            <posx>-51</posx>
            <posy>120</posy>
            <height>800</height>
            <include>VerticalScroller</include>
            <onright condition="Window.IsActive(script-NextAired-TVGuide.xml)|Window.IsActive(script-NextAired-TVGuide2.xml)">2000</onright>
            <onright condition="Window.IsActive(MyWeather.xml)+!Skin.String(WeatherType,Map)">50</onright>
            <onright condition="Window.IsActive(MyWeather.xml)+Skin.String(WeatherType,Map)">155</onright>
            <onright condition="Window.IsActive(script-script.extendedinfo-VideoList.xml)">500</onright>
            <onright>50</onright>
            <onleft condition="Window.IsActive(DialogMediaSource.xml)|Window.IsActive(FileBrowser.xml)">9001</onleft>
            <onleft condition="Window.IsActive(DialogContentSettings.xml)">4</onleft>
            <onleft condition="Window.IsActive(SettingsCategory.xml)">3</onleft>
            <onleft condition="Window.IsActive(DialogAddonSettings.xml)">9</onleft>
            <onleft condition="Window.IsActive(script-skinshortcuts.xml)">9000</onleft>
            <onleft condition="Window.IsActive(SkinSettings.xml)">90000</onleft>
            <onleft>9000</onleft>
        </control>
    </include>
    <include name="LeftMenuTitleLabel">
        <textoffsetx>20</textoffsetx>
        <textoffsety>22</textoffsety>
        <align>left</align>
        <aligny>top</aligny>
        <width>560</width>
        <height>50</height>
        <font>LeftMenuTitleFont</font>
        <include>TextColor_MidColor</include>
    </include>
    <include name="LeftMenuButtonGroup">
        <animation effect="slide" tween="circle" easing="inout" time="150" start="0,0" end="1920,0" condition="$EXP[LeftMenuHasFocus]">Conditional</animation>
        <include>OpenClose</include>
        <posx>-1870</posx>
        <posy>60</posy>
        <width>660</width>
        <height>960</height>
        <itemgap>0</itemgap>
        <orientation>vertical</orientation>
        <pagecontrol>9060</pagecontrol>
        <onright>9060</onright>
        <onup>505051</onup>
        <onleft>505051</onleft>
        <onleft>505051</onleft>
        <align>center</align>
    </include>
    <include name="SettingsButton">
        <include>ButtonFocusAnimation</include>
        <height>60</height>
        <width>1290</width>
        <font>LeftMenuButtonFont</font>
        <align>left</align>
        <radioposx>0</radioposx>
        <textwidth>620</textwidth>
        <textoffsetx>20</textoffsetx>
        <textcolor>NoFocusedColor</textcolor>
    </include>
    <include name="LeftMenuButton">
        <include>ButtonFocusAnimation</include>
        <height>60</height>
        <width>560</width>
        <font>LeftMenuButtonFont</font>
        <align>left</align>
        <radioposx>10</radioposx>
        <textwidth>520</textwidth>
        <textoffsetx>20</textoffsetx>
        <textcolor>NoFocusedColor</textcolor>
        <textureradiooffnofocus border="1">buttons/RadioOffNFsmall.png</textureradiooffnofocus>
        <textureradioonnofocus border="1">buttons/RadioOnNFsmall.png</textureradioonnofocus>
        <textureradioofffocus border="1" colordiffuse="$VAR[Picked.HighLight.Color]">buttons/RadioOffFOsmall.png</textureradioofffocus>
        <textureradioonfocus border="1" colordiffuse="$VAR[Picked.HighLight.Color]">buttons/RadioOnFOsmall.png</textureradioonfocus>
        <textureradioondisabled colordiffuse="90ffffff" border="1">buttons/RadioOnNFsmall.png</textureradioondisabled>
        <textureradiooffdisabled colordiffuse="90ffffff" border="1">buttons/RadioOffNFsmall.png</textureradiooffdisabled>
    </include>
    <include name="DialogMenuButton">
        <width>380</width>
        <!--<radioposx>430</radioposx>-->
        <!--<textwidth>380</textwidth>-->
        <include>LeftMenuButton</include>
    </include>
    <include name="DialogMenuButtonGroup">
        <posx>0</posx>
        <posy>380</posy>
        <width>380</width>
        <height>600</height>
        <itemgap>0</itemgap>
        <orientation>vertical</orientation>
        <pagecontrol>9060</pagecontrol>
        <onright>9060</onright>
        <onup>9900</onup>
    </include>
    <include name="DialogMenuScroller">
        <control type="scrollbar" id="9060">
            <posx>460</posx>
            <posy>$PARAM[y]</posy>
            <height>$PARAM[height]</height>
            <include>VerticalScroller</include>
            <onright>$PARAM[onright]</onright>
            <onleft>$PARAM[onleft]</onleft>
        </control>
    </include>
    <include name="VerticalScroller">
        <!--<colordiffuse>$VAR[Picked.Theme.Color]</colordiffuse>-->
        <animation type="Focus" reversible="false">
            <effect type="fade" start="10" end="100" time="100"/>
        </animation>
        <texturesliderbackground>-</texturesliderbackground>
        <texturesliderbarfocus colordiffuse="$VAR[Picked.HighLight.Color]" border="10">buttons/Scrollbar_Vertical_Focus.png</texturesliderbarfocus>
        <texturesliderbar border="10">buttons/Scrollbar_Vertical_NoFocus.png</texturesliderbar>
        <textureslidernib>-</textureslidernib>
        <textureslidernibfocus>-</textureslidernibfocus>
        <!-- <showonepage>true</showonepage> -->
        <orientation>vertical</orientation>
        <width>50</width>
    </include>
    <include name="HorizontalScroller">
        <!--<colordiffuse>$VAR[Picked.HighLight.Color]</colordiffuse>-->
        <animation type="Focus" reversible="false">
            <effect type="fade" start="10" end="100" time="100"/>
        </animation>
        <texturesliderbackground>-</texturesliderbackground>
        <texturesliderbarfocus colordiffuse="$VAR[Picked.HighLight.Color]" border="10">buttons/Scrollbar_Horizontal_Focus.png</texturesliderbarfocus>
        <texturesliderbar border="10">buttons/Scrollbar_Horizontal_NoFocus.png</texturesliderbar>
        <textureslidernib>-</textureslidernib>
        <textureslidernibfocus>-</textureslidernibfocus>
        <!-- <showonepage>true</showonepage> -->
        <orientation>horizontal</orientation>
        <height>50</height>
    </include>
    <include name="myautoscroll">
        <autoscroll delay="5000" time="2500" repeat="10000">true</autoscroll>
    </include>
    <include name="SkinSettingsButton">
        <width>380</width>
        <height>60</height>
        <radioposx>0</radioposx>
        <textwidth>300</textwidth>
        <align>left</align>
        <aligny>center</aligny>
        <font>LeftMenuButtonFont</font>
        <textoffsetx>20</textoffsetx>
        <textcolor>NoFocusedColor</textcolor>
        <disabledcolor>DisabledColor</disabledcolor>
        <pulseonselect>false</pulseonselect>
    </include>
    <include name="SkinSettings_DefaultLayout">
        <itemlayout width="1340" height="60">
            <control type="label">
                <visible>!String.IsEqual(ListItem.Label,)</visible>
                <posx>20</posx>
                <height>60</height>
                <width>795</width>
                <aligny>center</aligny>
                <font>LeftMenuButtonFont</font>
                <textcolor>NoFocusedColor</textcolor>
                <label>$INFO[ListItem.Label]</label>
            </control>
            <control type="label">
                <posx>445r</posx>
                <visible>!String.IsEqual(ListItem.Label,) + [!String.IsEqual(ListItem.Label2,$LOCALIZE[106])+!String.IsEqual(ListItem.Label2,$LOCALIZE[107])]</visible>
                <height>60</height>
                <width>395</width>
                <align>right</align>
                <aligny>center</aligny>
                <font>LeftMenuButtonFont</font>
                <textcolor>NoFocusedColor</textcolor>
                <label>$INFO[ListItem.Label2]</label>
            </control>
            <control type="image">
                <visible>String.IsEqual(ListItem.Label,)+!String.IsEqual(ListItem.Label2,$LOCALIZE[128])</visible>
                <posy>-10</posy>
                <width>1340</width>
                <height>60</height>
                <texture border="51,0,51,0">common/TransparentDot.png</texture>
            </control>
            <control type="label">
                <visible>String.IsEqual(ListItem.Label,)</visible>
                <posx>20</posx>
                <posy>29</posy>
                <height>60</height>
                <width>795</width>
                <font>LeftMenuTitleFont</font>
                <include>TextColor_MidColor</include>
                <label>$INFO[ListItem.Label2]</label>
            </control>
            <control type="image">
                <visible>!String.IsEqual(ListItem.Label,) + String.IsEqual(ListItem.Label2,$LOCALIZE[106])</visible>
                <posx>1255</posx>
                <posy>0</posy>
                <height>60</height>
                <width>50</width>
                <!--<colordiffuse>$VAR[Picked.HighLight.Color]</colordiffuse>-->
                <aspectratio align="right" aligny="center">keep</aspectratio>
                <texture>buttons/RadioOffNF.png</texture>
            </control>
            <control type="image">
                <visible>!String.IsEqual(ListItem.Label,) + String.IsEqual(ListItem.Label2,$LOCALIZE[107])</visible>
                <posx>1255</posx>
                <posy>0</posy>
                <height>60</height>
                <width>50</width>
                <!--<colordiffuse>$VAR[Picked.HighLight.Color]</colordiffuse>-->
                <aspectratio align="right" aligny="center">keep</aspectratio>
                <texture>buttons/RadioOnNF.png</texture>
            </control>
        </itemlayout>
        <focusedlayout width="1340" height="60">
            <control type="group">
                <include>ButtonWideFocusAnimation</include>
                <include content="FocusedIndicatorVertical">
                    <param name="x" value="0"/>
                    <param name="y" value="0"/>
                    <param name="height" value="60"/>
                    <param name="visible" value="true"/>
                </include>
                <control type="label">
                    <visible>!String.IsEqual(ListItem.Label,)</visible>
                    <posx>20</posx>
                    <height>60</height>
                    <width>795</width>
                    <scroll>true</scroll>
                    <aligny>center</aligny>
                    <font>LeftMenuButtonFont</font>
                    <include>TextColor_MainColor</include>
                    <label>$INFO[ListItem.Label]</label>
                </control>
                <control type="label">
                    <posx>445r</posx>
                    <visible>!String.IsEqual(ListItem.Label,) + [!String.IsEqual(ListItem.Label2,$LOCALIZE[106])+!String.IsEqual(ListItem.Label2,$LOCALIZE[107])]</visible>
                    <height>60</height>
                    <width>395</width>
                    <scroll>true</scroll>
                    <align>right</align>
                    <aligny>center</aligny>
                    <font>LeftMenuButtonFont</font>
                    <include>TextColor_MainColor</include>
                    <label>$INFO[ListItem.Label2]</label>
                </control>
                <control type="image">
                    <visible>String.IsEqual(ListItem.Label,)+!String.IsEqual(ListItem.Label2,$LOCALIZE[128])</visible>
                    <posy>-10</posy>
                    <width>1340</width>
                    <height>60</height>
                    <texture border="51,0,51,0">common/TransparentDot.png</texture>
                </control>
                <control type="label">
                    <visible>String.IsEqual(ListItem.Label,)</visible>
                    <posx>20</posx>
                    <posy>29</posy>
                    <height>60</height>
                    <width>795</width>
                    <scroll>true</scroll>
                    <font>LeftMenuTitleFont</font>
                    <include>TextColor_MainColor</include>
                    <label>$INFO[ListItem.Label2]</label>
                </control>
                <control type="image">
                    <visible>!String.IsEqual(ListItem.Label,) + String.IsEqual(ListItem.Label2,$LOCALIZE[106])</visible>
                    <posx>1255</posx>
                    <posy>0</posy>
                    <height>60</height>
                    <width>50</width>
                    <colordiffuse>$VAR[Picked.HighLight.Color]</colordiffuse>
                    <aspectratio align="right" aligny="center">keep</aspectratio>
                    <texture>buttons/RadioOffFO.png</texture>
                </control>
                <control type="image">
                    <visible>!String.IsEqual(ListItem.Label,) + String.IsEqual(ListItem.Label2,$LOCALIZE[107])</visible>
                    <posx>1255</posx>
                    <posy>0</posy>
                    <height>60</height>
                    <width>50</width>
                    <colordiffuse>$VAR[Picked.HighLight.Color]</colordiffuse>
                    <aspectratio align="right" aligny="center">keep</aspectratio>
                    <texture>buttons/RadioOnFO.png</texture>
                </control>
            </control>
        </focusedlayout>
    </include>
    <!--<include name="DialogTransparency">-->
    <!--<colordiffuse>ddffffff</colordiffuse>-->
    <!--</include>-->
    <include name="ThumbBorder">
        <bordertexture border="2" colordiffuse="$VAR[Picked.HighLight.Color]">common/frame_focus.png</bordertexture>
        <bordersize>2</bordersize>
    </include>
    <include name="ThumbsImages">
        <control type="group">
            <visible>$PARAM[visible]</visible>
            <control type="image">
                <posx>$PARAM[x]</posx>
                <posy>$PARAM[y]</posy>
                <width>$PARAM[width]</width>
                <height>$PARAM[height]</height>
                <aspectratio align="$PARAM[align]" aligny="$PARAM[aligny]">$PARAM[aspectratio]</aspectratio>
                <texture background="true" flipx="$PARAM[flipx]" colordiffuse="$PARAM[texturediffuse]" fallback="$PARAM[fallback]">$PARAM[texture]</texture>
                <bordertexture border="2" colordiffuse="$PARAM[borderdiffuse]">common/frame_focus.png</bordertexture>
                <bordersize>2</bordersize>
            </control>
            <control type="image">
                <visible>Skin.HasSetting(EnableFrameHighlight)</visible>
                <visible>$PARAM[visibleFrameHighlight]</visible>
                <posx>$PARAM[x]</posx>
                <posy>$PARAM[y]</posy>
                <width>$PARAM[width]</width>
                <height>$PARAM[height]</height>
                <aspectratio align="$PARAM[align]" aligny="$PARAM[aligny]">scale</aspectratio>
                <texture background="true" flipx="$PARAM[flipx]" colordiffuse="00ffffff" fallback="$PARAM[fallback]">$PARAM[texture]</texture>
                <bordertexture border="2,45,2,45" colordiffuse="$PARAM[borderdiffuse]">common/frame_highlight.png</bordertexture>
                <bordersize>2,50,2,50</bordersize>
            </control>
        </control>
    </include>
    <include name="WindowClosingButton">
        <control type="button">
            <visible>window.isvisible(Pointer.xml)</visible>
            <include>VisibleFadeEffect</include>
            <description>Fake button for mouse control</description>
            <posx>1280</posx>
            <posy>0</posy>
            <width>640</width>
            <height>40</height>
            <label></label>
            <align>right</align>
            <textoffsetx>0</textoffsetx>
            <font>DialogMatFont</font>
            <include>HiddenButton</include>
            <visible>true</visible>
            <onclick>back</onclick>
            <!--<onfocus>back</onfocus>-->
        </control>
    </include>
    <include name="WatchedRecOverlay">
        <control type="label">
            <posx>$PARAM[x]</posx>
            <posy>$PARAM[y]</posy>
            <width>$PARAM[width]</width>
            <height>$PARAM[height]</height>
            <font>WatchedPvrFontMat</font>
            <include>TextColor_$PARAM[color]Color</include>
            <align>right</align>
            <aligny>top</aligny>
            <label>$VAR[Overlay]</label>
        </control>
        <control type="image">
            <animation effect="slide" start="0,0" end="11,-7" time="0" reversible="false" condition="true">Conditional</animation>
            <posx>$PARAM[x]</posx>
            <posy>$PARAM[y]</posy>
            <width>$PARAM[width]</width>
            <height>$PARAM[height]</height>
            <texture>$VAR[PVRTimerIcon]</texture>
            <aspectratio>keep</aspectratio>
            <colordiffuse>$VAR[Picked.Theme.Color]</colordiffuse>
        </control>
    </include>
    <include name="ClearArtLogo">
        <control type="group">
            <control type="image">
                <visible>$PARAM[visible]</visible>
                <include>Icon_Fade</include>
                <posx>$PARAM[x]</posx>
                <posy>$PARAM[y]</posy>
                <width>$PARAM[width]</width>
                <height>$PARAM[height]</height>
                <aspectratio align="$PARAM[align]" aligny="$PARAM[aligny]">keep</aspectratio>
                <include>PulseClearArt</include>
                <texture background="true">$VAR[DefaultClearArt]</texture>
            </control>
            <control type="image">
                <visible>$PARAM[visible]</visible>
                <include>Icon_Fade</include>
                <posx>$PARAM[x]</posx>
                <posy>$PARAM[y]</posy>
                <width>$PARAM[width]</width>
                <height>$PARAM[height]</height>
                <aspectratio align="$PARAM[align]" aligny="$PARAM[aligny]">keep</aspectratio>
                <include>PulseClearLogo</include>
                <texture background="true">$VAR[DefaultClearLogo]</texture>
            </control>
        </control>
    </include>
    <include name="StudioArt">
        <control type="group">
            <visible>!Skin.HasSetting(plexbmc)+Skin.HasSetting(EnableStudioArt)</visible>
            <control type="image">
                <animation effect="slide" start="0,0" end="1,1" time="0" reversible="false" condition="true">Conditional</animation>
                <visible>$PARAM[visible]</visible>
                <include>Icon_Fade</include>
                <posx>$PARAM[x]</posx>
                <posy>$PARAM[y]</posy>
                <width>$PARAM[width]</width>
                <height>$PARAM[height]</height>
                <aspectratio align="$PARAM[align]" aligny="$PARAM[aligny]">keep</aspectratio>
                <colordiffuse>ff000000</colordiffuse>
                <texture background="true">$VAR[DefaultStudioArt]</texture>
            </control>
            <control type="image">
                <visible>$PARAM[visible]</visible>
                <include>Icon_Fade</include>
                <posx>$PARAM[x]</posx>
                <posy>$PARAM[y]</posy>
                <width>$PARAM[width]</width>
                <height>$PARAM[height]</height>
                <aspectratio align="$PARAM[align]" aligny="$PARAM[aligny]">keep</aspectratio>
                <texture background="true">$VAR[DefaultStudioArt]</texture>
            </control>
        </control>
    </include>
    <include name="DiscArt">
        <control type="group">
            <visible>!Skin.HasSetting(plexbmc)+Skin.HasSetting(EnableCdArt)</visible>
            <visible>$PARAM[visible]</visible>
            <include>Icon_Fade</include>
            <animation type="Focus" reversible="false">
                <effect type="fade" start="0" end="100" time="150" delay="50"/>
            </animation>
            <control type="image">
                <posx>$PARAM[x]</posx>
                <posy>$PARAM[y]</posy>
                <width>$PARAM[width]</width>
                <height>$PARAM[height]</height>
                <texture background="true" diffuse="common/cdart_diffuse.png">$PARAM[texture]</texture>
                <aspectratio align="center" aligny="center">stretch</aspectratio>
                <include>Animation_ViewsCDart</include>
            </control>
        </control>
    </include>
    <include name="ProgressBar">
        <control type="progress" id="$PARAM[id]">
            <visible>$PARAM[visiblefocus]</visible>
            <animation effect="rotate" start="0" end="$PARAM[endRotation]" center="$PARAM[centerRotation]" time="0" condition="true">Conditional</animation>
            <visible>$PARAM[visible]</visible>
            <posx>$PARAM[x]</posx>
            <posy>$PARAM[y]</posy>
            <height>8</height>
            <width>$PARAM[width]</width>
            <texturebg>common/osd_progress_dummy.png</texturebg>
            <lefttexture>-</lefttexture>
            <midtexture colordiffuse="$VAR[Picked.HighLight.Color]" border="1,1,1,1">OSD/osd_progress_$PARAM[direction]$PARAM[gfx]_focus.png</midtexture>
            <righttexture>-</righttexture>
            <overlaytexture>-</overlaytexture>
            <info>$PARAM[info]</info>
        </control>
        <control type="progress" id="$PARAM[id]">
            <visible>!$PARAM[visiblefocus]</visible>
            <animation effect="rotate" start="0" end="$PARAM[endRotation]" center="$PARAM[centerRotation]" time="0" condition="true">Conditional</animation>
            <visible>$PARAM[visible]</visible>
            <posx>$PARAM[x]</posx>
            <posy>$PARAM[y]</posy>
            <height>8</height>
            <width>$PARAM[width]</width>
            <texturebg>common/osd_progress_dummy.png</texturebg>
            <lefttexture>-</lefttexture>
            <midtexture border="1,1,1,1">OSD/osd_progress_$PARAM[direction]$PARAM[gfx]_nofocus.png</midtexture>
            <righttexture>-</righttexture>
            <overlaytexture>-</overlaytexture>
            <info>$PARAM[info]</info>
        </control>
    </include>
    <include name="DummyButton">
        <control type="button">
            <animation effect="slide" start="0,0" end="$PARAM[SlideTo]" time="0" condition="$PARAM[SlideCondition]">Conditional</animation>
            <description>dummy for mouse navigation</description>
            <posx>$PARAM[x]</posx>
            <posy>$PARAM[y]</posy>
            <height>$PARAM[height]</height>
            <width>$PARAM[width]</width>
            <onclick>noop</onclick>
            <include>HiddenButton</include>
            <onfocus>$PARAM[onfocus]</onfocus>
        </control>
    </include>
    <include name="HiddenButton">
        <posx>-30</posx>
        <posy>-30</posy>
        <width>1</width>
        <height>1</height>
        <label>-</label>
        <font>-</font>
        <!--<texturenofocus>common/BlackDotT.png</texturenofocus>-->
        <!--<texturefocus>common/BlackDot.png</texturefocus>-->
        <texturenofocus>-</texturenofocus>
        <texturefocus>-</texturefocus>
    </include>
    <include name="TextboxAlignment">
        <align>justify</align>
    </include>
    <include name="TVNextAiredListCommonLayout">
        <posx>0</posx>
        <width>580</width>
        <height>$PARAM[height]</height>
        <scrolltime>200</scrolltime>
        <orientation>horizontal</orientation>
        <onleft>9000</onleft>
        <itemlayout height="$PARAM[height]" width="380">
            <control type="label">
                <posx>25</posx>
                <height>$PARAM[height]</height>
                <width>330</width>
                <font>TvGuideChannelFont</font>
                <textcolor>NoFocusedColor</textcolor>
                <label>$INFO[ListItem.Label]$INFO[ListItem.Property(ShortTime),  -  ]</label>
            </control>
        </itemlayout>
        <focusedlayout height="$PARAM[height]" width="380">
            <control type="group">
                <include>ButtonFocusAnimation</include>
                <control type="image">
                    <posx>0</posx>
                    <posy>0</posy>
                    <width>380</width>
                    <height>$PARAM[height]</height>
                    <colordiffuse>$VAR[Picked.Theme.Color]</colordiffuse>
                    <texture border="1">list/bg_facade_focus.png</texture>
                </control>
                <control type="label">
                    <posx>25</posx>
                    <height>$PARAM[height]</height>
                    <width>330</width>
                    <font>TvGuideChannelFont</font>
                    <scroll>true</scroll>
                    <include>TextColor_MainColor</include>
                    <label>$INFO[ListItem.Label]$INFO[ListItem.Property(ShortTime),  -  ]</label>
                </control>
            </control>
        </focusedlayout>
    </include>
    <include name="TVNextAiredFanart">
        <control type="image">
            <visible>Control.HasFocus($PARAM[id])</visible>
            <include>Overlay_Fade</include>
            <include>KenBurns</include>
            <posx>0</posx>
            <posy>0</posy>
            <width>1920</width>
            <height>1080</height>
            <aspectratio aligny="top">scale</aspectratio>
            <texture background="true">$INFO[Container($PARAM[id]).ListItem.Property(Fanart)]</texture>
        </control>
    </include>
    <include name="TVNextAiredDates">
        <control type="group">
            <height>$PARAM[height]</height>
            <control type="label">
                <posx>25</posx>
                <posy>0</posy>
                <width>330</width>
                <height>$PARAM[height]</height>
                <font>TvGuideChannelFont</font>
                <include>TextColor_MidColor</include>
                <label>$INFO[Window(Home).Property(NextAired.$PARAM[id].Wday)] $INFO[Window(Home).Property(NextAired.$PARAM[id].Date)][COLOR=NoFocusedColor]$INFO[Container($PARAM[id]).NumItems,   (,)][/COLOR]</label>
            </control>
        </control>
    </include>
    <include name="TVNextAiredInfo">
        <control type="group">
            <visible>control.hasfocus($PARAM[id])</visible>
            <include>Overlay_Fade</include>
            <control type="image">
                <visible>String.IsEqual(Window(Home).Property(TVGuide.ThumbType),0)</visible>
                <visible>String.IsEmpty(Container($PARAM[id]).ListItem.Property(Art(poster)))</visible>
                <posx>1490</posx>
                <posy>380</posy>
                <width>380</width>
                <height>570</height>
                <aspectratio aligny="top">keep</aspectratio>
                <colordiffuse>$VAR[Picked.Theme.Color]</colordiffuse>
                <texture>defaultVideoBig.png</texture>
            </control>
            <control type="image">
                <visible>String.IsEqual(Window(Home).Property(TVGuide.ThumbType),0)</visible>
                <posx>1490</posx>
                <posy>380</posy>
                <width>380</width>
                <height>570</height>
                <aspectratio aligny="top">keep</aspectratio>
                <texture background="true">$INFO[Container($PARAM[id]).ListItem.Property(Art(poster))]</texture>
            </control>
            <control type="image">
                <visible>String.IsEqual(Window(Home).Property(TVGuide.ThumbType),1)</visible>
                <visible>String.IsEmpty(Container($PARAM[id]).ListItem.Property(Art(banner)))</visible>
                <posx>1490</posx>
                <posy>380</posy>
                <width>380</width>
                <height>570</height>
                <aspectratio aligny="top">keep</aspectratio>
                <colordiffuse>$VAR[Picked.Theme.Color]</colordiffuse>
                <texture>defaultVideoBig.png</texture>
            </control>
            <control type="image">
                <visible>String.IsEqual(Window(Home).Property(TVGuide.ThumbType),1)</visible>
                <posx>1490</posx>
                <posy>380</posy>
                <width>380</width>
                <height>570</height>
                <aspectratio aligny="top">keep</aspectratio>
                <texture background="true">$INFO[Container($PARAM[id]).ListItem.Property(Art(banner))]</texture>
            </control>
            <control type="image">
                <visible>String.IsEqual(Window(Home).Property(TVGuide.ThumbType),2)</visible>
                <visible>String.IsEmpty(Container($PARAM[id]).ListItem.Property(Art(clearlogo)))</visible>
                <posx>1490</posx>
                <posy>380</posy>
                <width>380</width>
                <height>570</height>
                <aspectratio aligny="top">keep</aspectratio>
                <colordiffuse>$VAR[Picked.Theme.Color]</colordiffuse>
                <texture>defaultVideoBig.png</texture>
            </control>
            <control type="image">
                <visible>String.IsEqual(Window(Home).Property(TVGuide.ThumbType),2)</visible>
                <posx>1490</posx>
                <posy>380</posy>
                <width>380</width>
                <height>570</height>
                <aspectratio aligny="top">keep</aspectratio>
                <texture background="true">$INFO[Container($PARAM[id]).ListItem.Property(Art(clearlogo))]</texture>
            </control>
            <control type="group">
                <posx>1010</posx>
                <posy>380</posy>
                <control type="label">
                    <posx>0</posx>
                    <posy>0</posy>
                    <width>380</width>
                    <height>50</height>
                    <font>InfoDetailsFont</font>
                    <include>TextColor_MainColor</include>
                    <scroll>true</scroll>
                    <label>$INFO[Container($PARAM[id]).ListItem.Label]</label>
                </control>
                <control type="label">
                    <posx>0</posx>
                    <posy>65</posy>
                    <width>380</width>
                    <height>50</height>
                    <font>InfoDetailsFont</font>
                    <textcolor>AlternateColor</textcolor>
                    <scroll>false</scroll>
                    <label>$INFO[Container($PARAM[id]).ListItem.Property(NextNumber)]</label>
                </control>
                <control type="label">
                    <posx>0</posx>
                    <posy>130</posy>
                    <width>380</width>
                    <height>50</height>
                    <font>InfoDetailsFont</font>
                    <include>TextColor_MainColor</include>
                    <scroll>false</scroll>
                    <label>$INFO[Container($PARAM[id]).ListItem.Property(NextTitle)]</label>
                </control>
                <control type="label">
                    <posx>0</posx>
                    <posy>195</posy>
                    <width>380</width>
                    <height>50</height>
                    <font>InfoDetailsFont</font>
                    <textcolor>AlternateColor</textcolor>
                    <scroll>false</scroll>
                    <label>$INFO[Container($PARAM[id]).ListItem.Property(Genre)]</label>
                </control>
                <control type="label">
                    <posx>0</posx>
                    <posy>260</posy>
                    <width>380</width>
                    <height>50</height>
                    <font>InfoDetailsFont</font>
                    <include>TextColor_MainColor</include>
                    <scroll>false</scroll>
                    <label>$INFO[Container($PARAM[id]).ListItem.Property(ShortTime)]$INFO[Container($PARAM[id]).ListItem.Property(NextDay), - ]</label>
                </control>
                <control type="label">
                    <posx>0</posx>
                    <posy>325</posy>
                    <width>380</width>
                    <height>50</height>
                    <font>InfoDetailsFont</font>
                    <textcolor>AlternateColor</textcolor>
                    <scroll>false</scroll>
                    <label>$INFO[Container($PARAM[id]).ListItem.Property(Runtime),, $LOCALIZE[12391]]</label>
                </control>
                <control type="label">
                    <posx>0</posx>
                    <posy>390</posy>
                    <width>380</width>
                    <height>50</height>
                    <font>InfoDetailsFont</font>
                    <include>TextColor_MainColor</include>
                    <scroll>false</scroll>
                    <label>$INFO[Container($PARAM[id]).ListItem.Property(Network)]</label>
                </control>
                <control type="label">
                    <posx>0</posx>
                    <posy>455</posy>
                    <width>380</width>
                    <height>50</height>
                    <font>InfoDetailsFont</font>
                    <textcolor>AlternateColor</textcolor>
                    <scroll>false</scroll>
                    <label>$INFO[Container($PARAM[id]).ListItem.Property(Country)]</label>
                </control>
            </control>
        </control>
    </include>
    <include name="FocusedIndicatorVertical">
        <control type="image">
            <visible>$PARAM[visible]</visible>
            <posx>$PARAM[x]</posx>
            <posy>$PARAM[y]</posy>
            <width>2</width>
            <height>$PARAM[height]</height>
            <colordiffuse>$VAR[Picked.HighLight.Color]</colordiffuse>
            <texture border="0,2,0,2">common/line_white_vertical.png</texture>
        </control>
    </include>
    <include name="FocusedIndicatorHorizontal">
        <control type="image">
            <visible>$PARAM[visible]</visible>
            <posx>$PARAM[x]</posx>
            <posy>$PARAM[y]</posy>
            <height>2</height>
            <width>$PARAM[width]</width>
            <colordiffuse>$VAR[Picked.HighLight.Color]</colordiffuse>
            <texture border="2,0,2,0">common/line_white_horizontal.png</texture>
        </control>
    </include>
    <include name="FacadeOverlay">
        <control type="group">
            <include>OpenCloseOverlay</include>
            <control type="group">
                <visible>!control.isvisible(51)</visible>
                <control type="image">
                    <include>OverlayTransparency</include>
                    <posx>0</posx>
                    <posy>0</posy>
                    <width>1920</width>
                    <height>1080</height>
                    <colordiffuse>$VAR[Picked.Theme.Color]</colordiffuse>
                    <texture border="5">common/overlay_dialog_gradient.png</texture>
                </control>
                <control type="image">
                    <posx>0</posx>x
                    <posy>-1</posy>
                    <width>1920</width>
                    <height>2</height>
                    <colordiffuse>$VAR[Picked.HighLight.Color]</colordiffuse>
                    <texture border="2,0,2,0">common/line_gray_horizontal.png</texture>
                </control>
            </control>
        </control>
    </include>
    <include name="Header">
        <control type="group">
            <animation effect="fade" start="0" end="100" time="150" condition="control.isvisible(51)+control.hasfocus(505051)">Conditional</animation>
            <control type="image">
                <include>OverlayTransparencyHeader</include>
                <posx>0</posx>
                <posy>-186</posy>
                <width>1920</width>
                <height>186</height>
                <colordiffuse>$VAR[Picked.Theme.Color]</colordiffuse>
                <texture border="3">common/overlay_topbar_gradient.png</texture>
            </control>
            <control type="image">
                <posx>0</posx>
                <posy>-2</posy>
                <width>1920</width>
                <height>2</height>
                <colordiffuse>$VAR[Picked.HighLight.Color]</colordiffuse>
                <texture border="2,0,2,0">common/line_white_horizontal.png</texture>
            </control>
        </control>
        <control type="group">
            <include>OpenClose</include>
            <animation effect="slide" tween="circle" easing="inout" time="150" start="0,0" end="660,0" condition="ControlGroup(9000).HasFocus|Control.HasFocus(8999)">Conditional</animation>
            <posy>-171</posy>
            <control type="label">
                <include>WindowTitle</include>
                <label>$VAR[GlobalTitles]</label>
            </control>
            <control type="label">
                <include>WindowTitleSub</include>
                <label>$VAR[GlobalSubTitles]</label>
            </control>
            <include>Time</include>
        </control>
    </include>
    <include name="DialogOverlay">
        <control type="image">
            <include>DialogOpenCloseOverlay</include>
            <include>OverlayTransparencyDialog</include>
            <posx>0</posx>
            <posy>0</posy>
            <width>1920</width>
            <height>1080</height>
            <colordiffuse>$VAR[Picked.Theme.Color]</colordiffuse>
            <texture>common/overlay_dialog_gradient.png</texture>
        </control>
    </include>
    <include name="SkinSettingsHighLightColor">
        <control type="group">
            <posx>930</posx>
            <posy>180</posy>
            <include content="ThumbsImages">
                <param name="visible" value="true"/>
                <param name="visibleFrameHighlight" value="true"/>
                <param name="x" value="70"/>
                <param name="y" value="10"/>
                <param name="width" value="150"/>
                <param name="height" value="150"/>
                <param name="aspectratio" value="keep"/>
                <param name="align" value="center"/>
                <param name="aligny" value="top"/>
                <param name="flipy" value="false"/>
                <param name="texture" value="$VAR[Thumbs]"/>
                <param name="fallback" value="DefaultFile.png"/>
                <param name="texturediffuse" value="ThumbsFocusedColor"/>
                <param name="borderdiffuse" value="$PARAM[color]"/>
            </include>
            <control type="group">
                <control type="image">
                    <visible>$PARAM[visible]</visible>
                    <posx>270</posx>
                    <posy>30</posy>
                    <width>2</width>
                    <height>57</height>
                    <colordiffuse>$PARAM[color]</colordiffuse>
                    <texture border="0,2,0,2">common/line_white_vertical.png</texture>
                </control>
                <control type="label">
                    <posx>290</posx>
                    <posy>30</posy>
                    <height>50</height>
                    <width>600</width>
                    <font>FacadeListTitleFont</font>
                    <textcolor>$PARAM[color]</textcolor>
                    <label>Lorem ipsum dolor sit amet</label>
                </control>
                <control type="label">
                    <posx>290</posx>
                    <posy>80</posy>
                    <height>50</height>
                    <width>600</width>
                    <font>FacadeListSubTitleFont</font>
                    <textcolor>$PARAM[color]</textcolor>
                    <label>Donec ut arcu in purus elementum sodales sit amet et ligula</label>
                </control>
            </control>
        </control>
        <control type="group">
            <posx>930</posx>
            <posy>340</posy>
            <include content="ThumbsImages">
                <param name="visible" value="true"/>
                <param name="visibleFrameHighlight" value="false"/>
                <param name="x" value="70"/>
                <param name="y" value="10"/>
                <param name="width" value="150"/>
                <param name="height" value="150"/>
                <param name="aspectratio" value="keep"/>
                <param name="align" value="center"/>
                <param name="aligny" value="top"/>
                <param name="flipy" value="false"/>
                <param name="texture" value="$VAR[Thumbs]"/>
                <param name="fallback" value="DefaultFile.png"/>
                <param name="texturediffuse" value="ThumbsUnfocusedColor"/>
                <param name="borderdiffuse" value="BorderUnfocusedColor"/>
            </include>
            <control type="group">
                <control type="label">
                    <posx>290</posx>
                    <posy>30</posy>
                    <height>50</height>
                    <width>600</width>
                    <font>FacadeListTitleFont</font>
                    <textcolor>NoFocusedColor</textcolor>
                    <label>Lorem ipsum dolor sit amet</label>
                </control>
                <control type="label">
                    <posx>290</posx>
                    <posy>80</posy>
                    <height>50</height>
                    <width>600</width>
                    <font>FacadeListSubTitleFont</font>
                    <textcolor>NoFocusedColor</textcolor>
                    <label>Donec ut arcu in purus elementum sodales sit amet et ligula</label>
                </control>
            </control>
        </control>
        <control type="group">
            <posx>930</posx>
            <posy>500</posy>
            <include content="ThumbsImages">
                <param name="visible" value="true"/>
                <param name="visibleFrameHighlight" value="false"/>
                <param name="x" value="70"/>
                <param name="y" value="10"/>
                <param name="width" value="150"/>
                <param name="height" value="150"/>
                <param name="aspectratio" value="keep"/>
                <param name="align" value="center"/>
                <param name="aligny" value="top"/>
                <param name="flipy" value="false"/>
                <param name="texture" value="$VAR[Thumbs]"/>
                <param name="fallback" value="DefaultFile.png"/>
                <param name="texturediffuse" value="ThumbsUnfocusedColor"/>
                <param name="borderdiffuse" value="BorderUnfocusedColor"/>
            </include>
            <control type="group">
                <control type="label">
                    <posx>290</posx>
                    <posy>30</posy>
                    <height>50</height>
                    <width>600</width>
                    <font>FacadeListTitleFont</font>
                    <textcolor>NoFocusedColor</textcolor>
                    <label>Lorem ipsum dolor sit amet</label>
                </control>
                <control type="label">
                    <posx>290</posx>
                    <posy>80</posy>
                    <height>50</height>
                    <width>600</width>
                    <font>FacadeListSubTitleFont</font>
                    <textcolor>NoFocusedColor</textcolor>
                    <label>Donec ut arcu in purus elementum sodales sit amet et ligula</label>
                </control>
            </control>
        </control>
        <control type="group">
            <posx>930</posx>
            <posy>660</posy>
            <include content="ThumbsImages">
                <param name="visible" value="true"/>
                <param name="visibleFrameHighlight" value="false"/>
                <param name="x" value="70"/>
                <param name="y" value="10"/>
                <param name="width" value="150"/>
                <param name="height" value="150"/>
                <param name="aspectratio" value="keep"/>
                <param name="align" value="center"/>
                <param name="aligny" value="top"/>
                <param name="flipy" value="false"/>
                <param name="texture" value="$VAR[Thumbs]"/>
                <param name="fallback" value="DefaultFile.png"/>
                <param name="texturediffuse" value="ThumbsUnfocusedColor"/>
                <param name="borderdiffuse" value="BorderUnfocusedColor"/>
            </include>
            <control type="group">
                <control type="label">
                    <posx>290</posx>
                    <posy>30</posy>
                    <height>50</height>
                    <width>600</width>
                    <font>FacadeListTitleFont</font>
                    <textcolor>NoFocusedColor</textcolor>
                    <label>Lorem ipsum dolor sit amet</label>
                </control>
                <control type="label">
                    <posx>290</posx>
                    <posy>80</posy>
                    <height>50</height>
                    <width>600</width>
                    <font>FacadeListSubTitleFont</font>
                    <textcolor>NoFocusedColor</textcolor>
                    <label>Donec ut arcu in purus elementum sodales sit amet et ligula</label>
                </control>
            </control>
        </control>
    </include>
    <include name="NullHeightWidget">
        <height>0</height>
    </include>
    <include name="SkinResetOverlayTransparency">
        <onclick>Skin.Reset(OverlayTransparency00)</onclick>
        <onclick>Skin.Reset(OverlayTransparency10)</onclick>
        <onclick>Skin.Reset(OverlayTransparency20)</onclick>
        <onclick>Skin.Reset(OverlayTransparency30)</onclick>
        <onclick>Skin.Reset(OverlayTransparency40)</onclick>
        <onclick>Skin.Reset(OverlayTransparency50)</onclick>
        <onclick>Skin.Reset(OverlayTransparency60)</onclick>
        <onclick>Skin.Reset(OverlayTransparency70)</onclick>
        <onclick>Skin.Reset(OverlayTransparency80)</onclick>
        <onclick>Skin.Reset(OverlayTransparency90)</onclick>
        <onclick>Skin.Reset(OverlayTransparency100)</onclick>
    </include>
    <include name="SkinResetOverlayTransparencyWhite">
        <onclick>Skin.Reset(OverlayTransparencyWhite00)</onclick>
        <onclick>Skin.Reset(OverlayTransparencyWhite10)</onclick>
        <onclick>Skin.Reset(OverlayTransparencyWhite20)</onclick>
        <onclick>Skin.Reset(OverlayTransparencyWhite30)</onclick>
        <onclick>Skin.Reset(OverlayTransparencyWhite40)</onclick>
        <onclick>Skin.Reset(OverlayTransparencyWhite50)</onclick>
        <onclick>Skin.Reset(OverlayTransparencyWhite60)</onclick>
        <onclick>Skin.Reset(OverlayTransparencyWhite70)</onclick>
        <onclick>Skin.Reset(OverlayTransparencyWhite80)</onclick>
        <onclick>Skin.Reset(OverlayTransparencyWhite90)</onclick>
        <onclick>Skin.Reset(OverlayTransparencyWhite100)</onclick>
    </include>
    <include name="SkinResetOverlayTransparencyBlack">
        <onclick>Skin.Reset(OverlayTransparencyBlack00)</onclick>
        <onclick>Skin.Reset(OverlayTransparencyBlack10)</onclick>
        <onclick>Skin.Reset(OverlayTransparencyBlack20)</onclick>
        <onclick>Skin.Reset(OverlayTransparencyBlack30)</onclick>
        <onclick>Skin.Reset(OverlayTransparencyBlack40)</onclick>
        <onclick>Skin.Reset(OverlayTransparencyBlack50)</onclick>
        <onclick>Skin.Reset(OverlayTransparencyBlack60)</onclick>
        <onclick>Skin.Reset(OverlayTransparencyBlack70)</onclick>
        <onclick>Skin.Reset(OverlayTransparencyBlack80)</onclick>
        <onclick>Skin.Reset(OverlayTransparencyBlack90)</onclick>
        <onclick>Skin.Reset(OverlayTransparencyBlack100)</onclick>
    </include>
    <include name="SkinResetOverlayTransparencyHeader">
        <onclick>Skin.Reset(OverlayTransparencyHeader00)</onclick>
        <onclick>Skin.Reset(OverlayTransparencyHeader10)</onclick>
        <onclick>Skin.Reset(OverlayTransparencyHeader20)</onclick>
        <onclick>Skin.Reset(OverlayTransparencyHeader30)</onclick>
        <onclick>Skin.Reset(OverlayTransparencyHeader40)</onclick>
        <onclick>Skin.Reset(OverlayTransparencyHeader50)</onclick>
        <onclick>Skin.Reset(OverlayTransparencyHeader60)</onclick>
        <onclick>Skin.Reset(OverlayTransparencyHeader70)</onclick>
        <onclick>Skin.Reset(OverlayTransparencyHeader80)</onclick>
        <onclick>Skin.Reset(OverlayTransparencyHeader90)</onclick>
        <onclick>Skin.Reset(OverlayTransparencyHeader100)</onclick>
    </include>
    <include name="SkinResetOverlayTransparencyLeftMenu">
        <onclick>Skin.Reset(OverlayTransparencyLeftMenu00)</onclick>
        <onclick>Skin.Reset(OverlayTransparencyLeftMenu10)</onclick>
        <onclick>Skin.Reset(OverlayTransparencyLeftMenu20)</onclick>
        <onclick>Skin.Reset(OverlayTransparencyLeftMenu30)</onclick>
        <onclick>Skin.Reset(OverlayTransparencyLeftMenu40)</onclick>
        <onclick>Skin.Reset(OverlayTransparencyLeftMenu50)</onclick>
        <onclick>Skin.Reset(OverlayTransparencyLeftMenu60)</onclick>
        <onclick>Skin.Reset(OverlayTransparencyLeftMenu70)</onclick>
        <onclick>Skin.Reset(OverlayTransparencyLeftMenu80)</onclick>
        <onclick>Skin.Reset(OverlayTransparencyLeftMenu90)</onclick>
        <onclick>Skin.Reset(OverlayTransparencyLeftMenu100)</onclick>
    </include>
    <include name="SkinResetOverlayTransparencyDialog">
        <onclick>Skin.Reset(OverlayTransparencyDialog00)</onclick>
        <onclick>Skin.Reset(OverlayTransparencyDialog10)</onclick>
        <onclick>Skin.Reset(OverlayTransparencyDialog20)</onclick>
        <onclick>Skin.Reset(OverlayTransparencyDialog30)</onclick>
        <onclick>Skin.Reset(OverlayTransparencyDialog40)</onclick>
        <onclick>Skin.Reset(OverlayTransparencyDialog50)</onclick>
        <onclick>Skin.Reset(OverlayTransparencyDialog60)</onclick>
        <onclick>Skin.Reset(OverlayTransparencyDialog70)</onclick>
        <onclick>Skin.Reset(OverlayTransparencyDialog80)</onclick>
        <onclick>Skin.Reset(OverlayTransparencyDialog90)</onclick>
        <onclick>Skin.Reset(OverlayTransparencyDialog100)</onclick>
    </include>
    <include name="SkinResetOverlayTransparencyTopbar">
        <onclick>Skin.Reset(OverlayTransparencyTopbar00)</onclick>
        <onclick>Skin.Reset(OverlayTransparencyTopbar10)</onclick>
        <onclick>Skin.Reset(OverlayTransparencyTopbar20)</onclick>
        <onclick>Skin.Reset(OverlayTransparencyTopbar30)</onclick>
        <onclick>Skin.Reset(OverlayTransparencyTopbar40)</onclick>
        <onclick>Skin.Reset(OverlayTransparencyTopbar50)</onclick>
        <onclick>Skin.Reset(OverlayTransparencyTopbar60)</onclick>
        <onclick>Skin.Reset(OverlayTransparencyTopbar70)</onclick>
        <onclick>Skin.Reset(OverlayTransparencyTopbar80)</onclick>
        <onclick>Skin.Reset(OverlayTransparencyTopbar90)</onclick>
        <onclick>Skin.Reset(OverlayTransparencyTopbar100)</onclick>
    </include>
    <include name="SkinResetOverlayTransparencyOSD">
        <onclick>Skin.Reset(OverlayTransparencyOSD00)</onclick>
        <onclick>Skin.Reset(OverlayTransparencyOSD10)</onclick>
        <onclick>Skin.Reset(OverlayTransparencyOSD20)</onclick>
        <onclick>Skin.Reset(OverlayTransparencyOSD30)</onclick>
        <onclick>Skin.Reset(OverlayTransparencyOSD40)</onclick>
        <onclick>Skin.Reset(OverlayTransparencyOSD50)</onclick>
        <onclick>Skin.Reset(OverlayTransparencyOSD60)</onclick>
        <onclick>Skin.Reset(OverlayTransparencyOSD70)</onclick>
        <onclick>Skin.Reset(OverlayTransparencyOSD80)</onclick>
        <onclick>Skin.Reset(OverlayTransparencyOSD90)</onclick>
        <onclick>Skin.Reset(OverlayTransparencyOSD100)</onclick>
    </include>
</includes>
