<?xml version="1.0" encoding="utf-8"?>
<includes>
    <include name="Vertical_Home_Layout">
        <control type="group" id="505052">
            <!--<animation type="Conditional" reversible="true" condition="ControlGroup(9900).HasFocus|ControlGroup(9901).HasFocus|Control.HasFocus(8997)">-->
                <!--<effect type="slide" start="0,0" end="0,186" time="150" delay="0" tween="circle" easing="inout"/>-->
            <!--</animation>-->
            <control type="group">
                <include>OpenCloseOverlay</include>
                <control type="button" id="899900">
                    <description>Fake button for mouse control</description>
                    <posx>0</posx>
                    <posy>0</posy>
                    <width>1920</width>
                    <height>1080</height>
                    <onup>700</onup>
                    <ondown>700</ondown>
                    <onleft>300</onleft>
                    <onright>60</onright>
                    <include>HiddenButton</include>
                    <!--<onfocus>SetFocus(700)</onfocus>-->
                </control>
                <control type="image">
                    <include>OverlayTransparency</include>
                    <posx>0</posx>
                    <posy>0</posy>
                    <width>1920</width>
                    <height>1080</height>
                    <colordiffuse>$VAR[Picked.Theme.Color]</colordiffuse>
                    <texture border="5">common/overlay_dialog_gradient.png</texture>
                </control>
            </control>
            <control type="grouplist" id="700">
                <posx>0</posx>
                <animation effect="slide" tween="circle" easing="inout" time="150" start="0,0" end="660,0" condition="!$EXP[HomeWidgetCollectionHasFocus]">Conditional</animation>
                <animation effect="slide" tween="circle" easing="inout" time="150" start="0,0" end="660,0" condition="$EXP[LeftHomeSubMenuHasFocus]">Conditional</animation>
                <pagecontrol>60</pagecontrol>
                <itemgap>0</itemgap>
                <include>WidgetsCollection</include>
            </control>
            <control type="scrollbar" id="60">
                <include>OpenClose</include>
                <posx>1870</posx>
                <posy>0</posy>
                <height>1080</height>
                <include>VerticalScroller</include>
                <onleft>700</onleft>
                <onright>60</onright>
            </control>
            <control type="group">
                <animation effect="slide" tween="circle" easing="inout" time="150" start="0,0" end="-660,0" condition="$EXP[HomeWidgetCollectionHasFocus]">Conditional</animation>
                <control type="group">
                    <include>OpenClose</include>
                    <animation effect="slide" tween="circle" easing="inout" time="150" start="0,0" end="660,0" condition="$EXP[LeftHomeSubMenuHasFocus]">Conditional</animation>
                    <control type="image">
                        <include>OverlayTransparencyLeftMenu</include>
                        <posx>-660</posx>
                        <posy>0</posy>
                        <width>1318</width>
                        <height>1080</height>
                        <colordiffuse>$VAR[Picked.Theme.Color]</colordiffuse>
                        <texture border="2">common/overlay_dialog_gradient.png</texture>
                    </control>
                    <control type="image">
                        <posx>658</posx>
                        <posy>0</posy>
                        <width>2</width>
                        <height>1080</height>
                        <colordiffuse>$VAR[Picked.HighLight.Color]</colordiffuse>
                        <texture border="1">common/line_gray_vertical.png</texture>
                    </control>
                </control>
                <control type="group">
                    <include>OpenClose</include>
                    <animation effect="slide" tween="circle" easing="inout" time="150" start="0,0" end="660,0" condition="$EXP[LeftHomeSubMenuHasFocus]">Conditional</animation>
                    <posy>15</posy>
                    <control type="label">
                        <include>HeaderVisibleFadeEffect</include>
                        <width>520</width>
                        <scroll>true</scroll>
                        <posx>TextMargin</posx>
                        <posy>23</posy>
                        <width>1200</width>
                        <aligny>top</aligny>
                        <font>WindowTitleFont</font>
                        <include>TextColor_AlternateColor</include>
                        <label>KODI</label>
                    </control>
                    <control type="label">
                        <include>HeaderVisibleFadeEffect</include>
                        <width>520</width>
                        <scroll>true</scroll>
                        <posx>TextMargin</posx>
                        <posy>86</posy>
                        <width>1200</width>
                        <aligny>top</aligny>
                        <font>WindowTitleSubFont</font>
                        <include>TextColor_AlternateColor</include>
                        <label>$VAR[HomeSubTitles]</label>
                    </control>
                    <control type="label">
                        <posx>TextMargin</posx>
                        <posy>913</posy>
                        <height>50</height>
                        <width>520</width>
                        <scroll>true</scroll>
                        <aligny>top</aligny>
                        <font>WindowTitleFont</font>
                        <include>TextColor_AlternateColor</include>
                        <label>$INFO[System.Time]</label>
                    </control>
                    <control type="label">
                        <posx>TextMargin</posx>
                        <posy>976</posy>
                        <width>520</width>
                        <scroll>true</scroll>
                        <aligny>top</aligny>
                        <font>WindowTitleSubFont</font>
                        <include>TextColor_AlternateColor</include>
                        <label>$INFO[System.Date]</label>
                    </control>
                </control>


                <!--MAIN MENU-->
                <control type="button" id="8999">
                    <animation effect="slide" tween="circle" easing="inout" time="150" start="0,0" end="660,0" condition="$EXP[LeftHomeSubMenuHasFocus]">Conditional</animation>
                    <description>Fake button for mouse control</description>
                    <posx>0</posx>
                    <posy>0</posy>
                    <width>660</width>
                    <height>1080</height>
                    <include>HiddenButton</include>
                    <onfocus>SetFocus(300)</onfocus>
                </control>
                <control type="group">
                    <animation effect="slide" time="0" start="0,0" end="0,315" condition="Integer.IsGreater(Container(300).NumItems,0)+!Integer.IsGreater(Container(300).NumItems,1)">conditional</animation>
                    <animation effect="slide" time="0" start="0,0" end="0,280" condition="Integer.IsGreater(Container(300).NumItems,1)+!Integer.IsGreater(Container(300).NumItems,2)">conditional</animation>
                    <animation effect="slide" time="0" start="0,0" end="0,245" condition="Integer.IsGreater(Container(300).NumItems,2)+!Integer.IsGreater(Container(300).NumItems,3)">conditional</animation>
                    <animation effect="slide" time="0" start="0,0" end="0,210" condition="Integer.IsGreater(Container(300).NumItems,3)+!Integer.IsGreater(Container(300).NumItems,4)">conditional</animation>
                    <animation effect="slide" time="0" start="0,0" end="0,175" condition="Integer.IsGreater(Container(300).NumItems,4)+!Integer.IsGreater(Container(300).NumItems,5)">conditional</animation>
                    <animation effect="slide" time="0" start="0,0" end="0,140" condition="Integer.IsGreater(Container(300).NumItems,5)+!Integer.IsGreater(Container(300).NumItems,6)">conditional</animation>
                    <animation effect="slide" time="0" start="0,0" end="0,105" condition="Integer.IsGreater(Container(300).NumItems,6)+!Integer.IsGreater(Container(300).NumItems,7)">conditional</animation>
                    <animation effect="slide" time="0" start="0,0" end="0,70" condition="Integer.IsGreater(Container(300).NumItems,7)+!Integer.IsGreater(Container(300).NumItems,8)">conditional</animation>
                    <animation effect="slide" time="0" start="0,0" end="0,35" condition="Integer.IsGreater(Container(300).NumItems,8)+!Integer.IsGreater(Container(300).NumItems,9)">conditional</animation>
                    <control type="list" id="300">
                        <animation effect="slide" tween="circle" easing="inout" time="150" start="0,0" end="660,0" condition="$EXP[LeftHomeSubMenuHasFocus]">Conditional</animation>
                        <include>OpenClose</include>
                        <posx>50</posx>
                        <posy>190</posy>
                        <width>660</width>
                        <height>700</height>
                        <itemgap>0</itemgap>
                        <orientation>vertical</orientation>
                        <pagecontrol>9060</pagecontrol>
                        <onright>9060</onright>
                        <onup>505051</onup>
                        <onleft>9001</onleft>
                        <align>center</align>
                        <pagecontrol>-</pagecontrol>
                        <!--<preloaditems>4</preloaditems>-->
                        <orientation>vertical</orientation>
                        <itemlayout height="70" width="384">
                            <control type="label">
                                <posx>20</posx>
                                <posy>0</posy>
                                <width>500</width>
                                <height>60</height>
                                <font>MainMenuFont</font>
                                <scroll>false</scroll>
                                <include>TextColor_AlternateColor</include>
                                <label>$INFO[ListItem.Label]</label>
                            </control>
                        </itemlayout>
                        <focusedlayout height="70" width="384">
                            <control type="group">
                                <include>ButtonFocusAnimation</include>
                                <include content="FocusedIndicatorVertical">
                                    <param name="x" value="0"/>
                                    <param name="y" value="5"/>
                                    <param name="height" value="57"/>
                                    <param name="visible" value="control.hasfocus(300)"/>
                                </include>
                                <control type="label">
                                    <visible>control.hasfocus(300)</visible>
                                    <posx>20</posx>
                                    <posy>0</posy>
                                    <width>500</width>
                                    <height>60</height>
                                    <font>MainMenuFont</font>
                                    <scroll>true</scroll>
                                    <include>TextColor_MainColor</include>
                                    <label>$INFO[ListItem.Label]</label>
                                </control>
                                <control type="label">
                                    <animation effect="fade" start="85" end="85" time="0" reversible="false" condition="true">Conditional</animation>
                                    <visible>!control.hasfocus(300)</visible>
                                    <posx>20</posx>
                                    <posy>0</posy>
                                    <width>500</width>
                                    <height>60</height>
                                    <font>MainMenuFont</font>
                                    <scroll>false</scroll>
                                    <include>TextColor_MainColor</include>
                                    <label>$INFO[ListItem.Label]</label>
                                </control>
                            </control>
                        </focusedlayout>
                        <content>
                            <include condition="Skin.HasSetting(plexbmc)+System.HasAddon(plugin.video.plexbmc)">Plexbmc.Items</include>
                            <include>skinshortcuts-mainmenu</include>
                        </content>
                    </control>
                    <control type="scrollbar" id="9060">
                        <animation effect="slide" tween="circle" easing="inout" time="150" start="0,0" end="660,0" condition="$EXP[LeftHomeSubMenuHasFocus]">Conditional</animation>
                        <include>OpenClose</include>
                        <posx>609</posx>
                        <posy>190</posy>
                        <height>700</height>
                        <include>VerticalScroller</include>
                        <onright condition="Skin.HasSetting(plexbmc)+!String.IsEmpty(Container(300).ListItem.Property(uuid))">900</onright>
                        <onright condition="String.IsEqual(Container(300).ListItem.Property(id),1)">700011</onright>
                        <onright condition="String.IsEqual(Container(300).ListItem.Property(id),2)">700012</onright>
                        <onright condition="String.IsEqual(Container(300).ListItem.Property(id),3)">700013</onright>
                        <onright condition="String.IsEqual(Container(300).ListItem.Property(id),4)">700014</onright>
                        <onright condition="String.IsEqual(Container(300).ListItem.Property(id),5)">700015</onright>
                        <onright condition="String.IsEqual(Container(300).ListItem.Property(id),6)">700016</onright>
                        <onright condition="String.IsEqual(Container(300).ListItem.Property(id),7)">700017</onright>
                        <onright condition="String.IsEqual(Container(300).ListItem.Property(id),8)">700018</onright>
                        <onright condition="String.IsEqual(Container(300).ListItem.Property(id),9)">700019</onright>
                        <onright condition="String.IsEqual(Container(300).ListItem.Property(id),10)">7000110</onright>
                        <onright condition="String.IsEqual(Container(300).ListItem.Property(id),11)">7000111</onright>
                        <onright condition="String.IsEqual(Container(300).ListItem.Property(id),12)">7000112</onright>
                        <onright condition="String.IsEqual(Container(300).ListItem.Property(id),13)">7000113</onright>
                        <onright condition="String.IsEqual(Container(300).ListItem.Property(id),14)">7000114</onright>
                        <onright condition="String.IsEqual(Container(300).ListItem.Property(id),15)">7000115</onright>
                        <onright condition="String.IsEqual(Container(300).ListItem.Property(id),16)">7000116</onright>
                        <onright condition="String.IsEqual(Container(300).ListItem.Property(id),17)">7000117</onright>
                        <onright condition="String.IsEqual(Container(300).ListItem.Property(id),18)">7000118</onright>
                        <onright condition="String.IsEqual(Container(300).ListItem.Property(id),19)">7000119</onright>
                        <onright condition="String.IsEqual(Container(300).ListItem.Property(id),20)">7000120</onright>
                        <onright condition="String.IsEqual(Container(300).ListItem.Property(id),21)">7000121</onright>
                        <onright condition="String.IsEqual(Container(300).ListItem.Property(id),22)">7000122</onright>
                        <onright condition="String.IsEqual(Container(300).ListItem.Property(id),23)">7000123</onright>
                        <onright condition="String.IsEqual(Container(300).ListItem.Property(id),24)">7000124</onright>
                        <onright condition="String.IsEqual(Container(300).ListItem.Property(id),25)">7000125</onright>
                        <onright condition="String.IsEqual(Container(300).ListItem.Property(id),26)">7000126</onright>
                        <onright condition="String.IsEqual(Container(300).ListItem.Property(id),27)">7000127</onright>
                        <onright condition="String.IsEqual(Container(300).ListItem.Property(id),28)">7000128</onright>
                        <onright condition="String.IsEqual(Container(300).ListItem.Property(id),29)">7000129</onright>
                        <onright condition="String.IsEqual(Container(300).ListItem.Property(id),30)">7000130</onright>
                        <onright condition="String.IsEqual(Container(300).ListItem.Property(id),31)">7000131</onright>
                        <onright condition="String.IsEqual(Container(300).ListItem.Property(id),32)">7000132</onright>
                        <onright condition="String.IsEqual(Container(300).ListItem.Property(id),33)">7000133</onright>
                        <onright condition="String.IsEqual(Container(300).ListItem.Property(id),34)">7000134</onright>
                        <onright condition="String.IsEqual(Container(300).ListItem.Property(id),35)">7000135</onright>
                        <onright condition="String.IsEqual(Container(300).ListItem.Property(id),36)">7000136</onright>
                        <onright condition="String.IsEqual(Container(300).ListItem.Property(id),37)">7000137</onright>
                        <onright condition="String.IsEqual(Container(300).ListItem.Property(id),38)">7000138</onright>
                        <onright condition="String.IsEqual(Container(300).ListItem.Property(id),39)">7000139</onright>
                        <onright condition="String.IsEqual(Container(300).ListItem.Property(id),40)">7000140</onright>
                        <onright condition="String.IsEqual(Container(300).ListItem.Property(id),41)">7000141</onright>
                        <onright condition="String.IsEqual(Container(300).ListItem.Property(id),42)">7000142</onright>
                        <onright condition="String.IsEqual(Container(300).ListItem.Property(id),43)">7000143</onright>
                        <onright condition="String.IsEqual(Container(300).ListItem.Property(id),44)">7000144</onright>
                        <onright condition="String.IsEqual(Container(300).ListItem.Property(id),45)">7000145</onright>
                        <onright condition="String.IsEqual(Container(300).ListItem.Property(id),46)">7000146</onright>
                        <onright condition="String.IsEqual(Container(300).ListItem.Property(id),47)">7000147</onright>
                        <onright condition="String.IsEqual(Container(300).ListItem.Property(id),48)">7000148</onright>
                        <onright condition="String.IsEqual(Container(300).ListItem.Property(id),49)">7000149</onright>
                        <onright condition="String.IsEqual(Container(300).ListItem.Property(id),50)">7000150</onright>
                        <onleft>300</onleft>
                    </control>
                </control>

                <!--SUBMENU-->
                <control type="group">
                    <posy>0</posy>
                    <control type="image">
                        <animation effect="slide" tween="circle" easing="inout" time="150" start="0,0" end="2580,0" condition="$EXP[LeftHomeSubMenuHasFocus]">Conditional</animation>
                        <include>OverlayTransparencyLeftMenu</include>
                        <posx>-2580</posx>
                        <posy>0</posy>
                        <width>658</width>
                        <height>1080</height>
                        <colordiffuse>$VAR[Picked.Theme.Color]</colordiffuse>
                        <texture border="2">common/overlay_dialog_gradient.png</texture>
                    </control>
                    <control type="image">
                        <animation effect="slide" tween="circle" easing="inout" time="150" start="0,0" end="2580,0" condition="$EXP[LeftHomeSubMenuHasFocus]">Conditional</animation>
                        <posx>-1920</posx>
                        <posy>0</posy>
                        <width>2</width>
                        <height>1080</height>
                        <colordiffuse>$VAR[Picked.HighLight.Color]</colordiffuse>
                        <texture border="1">common/line_gray_vertical.png</texture>
                    </control>
                    <control type="button" id="89990">
                        <description>Fake button for mouse control</description>
                        <posx>0</posx>
                        <posy>0</posy>
                        <width>15</width>
                        <height>1080</height>
                        <include>HiddenButton</include>
                        <onfocus>SetFocus(9001)</onfocus>
                    </control>
                    <control type="button" id="89990">
                        <animation effect="slide" tween="circle" easing="inout" time="150" start="0,0" end="660,0" condition="$EXP[LeftHomeSubMenuHasFocus]">Conditional</animation>
                        <description>Fake button for mouse control</description>
                        <posx>-660</posx>
                        <posy>0</posy>
                        <width>660</width>
                        <height>1080</height>
                        <include>HiddenButton</include>
                        <onfocus>SetFocus(9001)</onfocus>
                    </control>
                    <control type="group">
                        <animation effect="slide" time="0" start="0,0" end="0,325" condition="Integer.IsGreater(Container(9001).NumItems,0)+!Integer.IsGreater(Container(9001).NumItems,1)">conditional</animation>
                        <animation effect="slide" time="0" start="0,0" end="0,300" condition="Integer.IsGreater(Container(9001).NumItems,1)+!Integer.IsGreater(Container(9001).NumItems,2)">conditional</animation>
                        <animation effect="slide" time="0" start="0,0" end="0,275" condition="Integer.IsGreater(Container(9001).NumItems,2)+!Integer.IsGreater(Container(9001).NumItems,3)">conditional</animation>
                        <animation effect="slide" time="0" start="0,0" end="0,250" condition="Integer.IsGreater(Container(9001).NumItems,3)+!Integer.IsGreater(Container(9001).NumItems,4)">conditional</animation>
                        <animation effect="slide" time="0" start="0,0" end="0,225" condition="Integer.IsGreater(Container(9001).NumItems,4)+!Integer.IsGreater(Container(9001).NumItems,5)">conditional</animation>
                        <animation effect="slide" time="0" start="0,0" end="0,200" condition="Integer.IsGreater(Container(9001).NumItems,5)+!Integer.IsGreater(Container(9001).NumItems,6)">conditional</animation>
                        <animation effect="slide" time="0" start="0,0" end="0,175" condition="Integer.IsGreater(Container(9001).NumItems,6)+!Integer.IsGreater(Container(9001).NumItems,7)">conditional</animation>
                        <animation effect="slide" time="0" start="0,0" end="0,150" condition="Integer.IsGreater(Container(9001).NumItems,7)+!Integer.IsGreater(Container(9001).NumItems,8)">conditional</animation>
                        <animation effect="slide" time="0" start="0,0" end="0,125" condition="Integer.IsGreater(Container(9001).NumItems,8)+!Integer.IsGreater(Container(9001).NumItems,9)">conditional</animation>
                        <animation effect="slide" time="0" start="0,0" end="0,100" condition="Integer.IsGreater(Container(9001).NumItems,9)+!Integer.IsGreater(Container(9001).NumItems,10)">conditional</animation>
                        <animation effect="slide" time="0" start="0,0" end="0,75" condition="Integer.IsGreater(Container(9001).NumItems,10)+!Integer.IsGreater(Container(9001).NumItems,11)">conditional</animation>
                        <animation effect="slide" time="0" start="0,0" end="0,50" condition="Integer.IsGreater(Container(9001).NumItems,11)+!Integer.IsGreater(Container(9001).NumItems,12)">conditional</animation>
                        <animation effect="slide" time="0" start="0,0" end="0,25" condition="Integer.IsGreater(Container(9001).NumItems,12)+!Integer.IsGreater(Container(9001).NumItems,13)">conditional</animation>
                        <control type="list" id="9001">
                            <animation effect="slide" tween="circle" easing="inout" time="150" start="0,0" end="2580,0" condition="$EXP[LeftHomeSubMenuHasFocus]">Conditional</animation>
                            <posx>-2530</posx>
                            <posy>190</posy>
                            <height>700</height>
                            <width>600</width>
                            <onleft>9900</onleft>
                            <onright>9061</onright>
                            <onup>9900</onup>
                            <viewtype>list</viewtype>
                            <onback>SetFocus(300)</onback>
                            <ondown>300</ondown>
                            <orientation>vertical</orientation>
                            <pagecontrol>9061</pagecontrol>
                            <itemlayout height="50" width="384">
                                <control type="label">
                                    <posx>20</posx>
                                    <posy>0</posy>
                                    <width>500</width>
                                    <height>50</height>
                                    <font>FacadeListMainFont</font>
                                    <include>TextColor_AlternateColor</include>
                                    <scroll>false</scroll>
                                    <label>$INFO[ListItem.Label]</label>
                                </control>
                            </itemlayout>
                            <focusedlayout height="50" width="384">
                                <control type="group">
                                    <include>ButtonFocusAnimation</include>
                                    <control type="group">
                                        <visible>control.hasfocus(9001)</visible>
                                        <include content="FocusedIndicatorVertical">
                                            <param name="x" value="0"/>
                                            <param name="y" value="0"/>
                                            <param name="height" value="45"/>
                                            <param name="visible" value="control.hasfocus(9001)"/>
                                        </include>
                                        <control type="label">
                                            <posx>20</posx>
                                            <posy>0</posy>
                                            <width>500</width>
                                            <height>50</height>
                                            <font>FacadeListMainFont</font>
                                            <include>TextColor_MainColor</include>
                                            <scroll>true</scroll>
                                            <label>$INFO[ListItem.Label]</label>
                                        </control>
                                    </control>
                                    <control type="group">
                                        <visible>!control.hasfocus(9001)</visible>
                                        <control type="label">
                                            <posx>20</posx>
                                            <posy>0</posy>
                                            <width>500</width>
                                            <height>50</height>
                                            <font>FacadeListMainFont</font>
                                            <include>TextColor_AlternateColor</include>
                                            <scroll>false</scroll>
                                            <label>$INFO[ListItem.Label]</label>
                                        </control>
                                    </control>
                                </control>
                            </focusedlayout>
                            <content>
                                <include condition="Skin.HasSetting(plexbmc)+System.HasAddon(plugin.video.plexbmc)">Plexbmc.Submenu.Items</include>
                                <include>skinshortcuts-submenu</include>
                            </content>
                        </control>
                        <control type="scrollbar" id="9061">
                            <animation effect="slide" tween="circle" easing="inout" time="150" start="0,0" end="660,0" condition="$EXP[LeftHomeSubMenuHasFocus]">Conditional</animation>
                            <include>OpenClose</include>
                            <posx>-49</posx>
                            <posy>190</posy>
                            <height>700</height>
                            <include>VerticalScroller</include>
                            <onright>300</onright>
                            <onleft>9001</onleft>
                        </control>
                    </control>
                </control>
            </control>
        </control>


    </include>
</includes>
