<?xml version="1.0" encoding="utf-8"?>
<window>
    <defaultcontrol always="false">100</defaultcontrol>
    <onload condition="!MusicPlayer.Content(LiveTV)">SetFocus(602)</onload>
    <controls>
        <control type="group">
            <include>TopBarOSDOpenClose</include>
            <visible>![Skin.HasSetting(DisableOSDOnPause)+Player.Paused]</visible>
            <visible>![
                Window.IsVisible(DialogSelect.xml) |
                Window.IsVisible(SliderDialog) |
                Window.IsVisible(OSDVideoSettings) |
                Window.IsVisible(OSDAudioSettings) |
                Window.IsVisible(osdcmssettings) |
                Window.IsVisible(VideoBookmarks) |
                Window.IsVisible(DialogSubtitles.xml) |
                Window.IsVisible(DialogAddonSettings.xml)|
                Window.IsVisible(PVROSDChannels) |
                Window.IsVisible(PVROSDGuide)
                ]</visible>
            <include>TopBarOSDVisibleFadeEffectOverlay</include>
            <control type="slider" id="87">
                <description>Seek Slider</description>
                <posx>0</posx>
                <posy>955</posy>
                <width>1920</width>
                <height>50</height>
                <onup>101</onup>
                <ondown>87</ondown>
                <action>seek</action>
                <texturesliderbar>common/osd_progress_dummy_50.png</texturesliderbar>
            </control>
            <control type="image">
                <posx>0</posx>
                <posy>0</posy>
                <width>1920</width>
                <height>187</height>
                <colordiffuse>bbffffff</colordiffuse>
                <texture border="1">common/BlackDot.png</texture>
            </control>
            <control type="image">
                <posx>0</posx>
                <posy>0</posy>
                <width>1920</width>
                <height>187</height>
                <colordiffuse>$VAR[Picked.Theme.Color]</colordiffuse>
                <texture border="10">common/overlay_topbar_gradient.png</texture>
            </control>
            <control type="image">
                <posx>0</posx>
                <posy>185</posy>
                <width>1920</width>
                <height>2</height>
                <colordiffuse>$VAR[Picked.HighLight.Color]</colordiffuse>
                <texture border="2,0,2,0">common/line_white_horizontal.png</texture>
            </control>
            <control type="grouplist" id="101">
                <include>TopBarOSDVisibleFadeEffect</include>
                <posx>60</posx>
                <posy>23</posy>
                <width>1920</width>
                <height>60</height>
                <itemgap>0</itemgap>
                <align>left</align>
                <orientation>horizontal</orientation>
                <onup>100</onup>
                <ondown>87</ondown>
                <control type="button" id="306">
                    <visible>MusicPlayer.Content(LiveTV)</visible>
                    <label></label>
                    <include>TopBarButton</include>
                    <onclick>ActivateWindow(PVROSDChannels)</onclick>
                    <onclick>Dialog.Close(VideoOSD)</onclick>
                </control>
                <control type="button" id="307">
                    <visible>MusicPlayer.Content(LiveTV)</visible>
                    <label></label>
                    <include>TopBarButton</include>
                    <onclick>ActivateWindow(PVROSDGuide)</onclick>
                    <onclick>Dialog.Close(VideoOSD)</onclick>
                </control>
                <control type="button" id="9">
                    <label></label>
                    <include>TopBarButton</include>
                    <onclick>Close</onclick>
                    <onclick condition="String.IsEmpty(Skin.String(LyricPath))">Skin.SetAddon(LyricPath,xbmc.python.lyrics)</onclick>
                    <onclick condition="!String.IsEmpty(Skin.String(LyricPath))">XBMC.RunScript($INFO[Skin.String(LyricPath)])</onclick>
                </control>
                <control type="button" id="500">
                    <label></label>
                    <include>TopBarButton</include>
                </control>
                <control type="button" id="19">
                    <visible>Visualisation.Enabled</visible>
                    <!--<animation effect="fade" start="100" end="50" time="0" condition="!Visualisation.Enabled">Conditional</animation>-->
                    <label></label>
                    <include>TopBarButton</include>
                    <onclick>Addon.Default.OpenSettings(xbmc.player.musicviz)</onclick>
                </control>
                <control type="button" id="20">
                    <visible>Visualisation.HasPresets</visible>
                    <!--<animation effect="fade" start="100" end="50" time="0" condition="!Visualisation.HasPresets">Conditional</animation>-->
                    <label></label>
                    <include>TopBarButton</include>
                    <onclick>ActivateWindow(122)</onclick>
                </control>
                <control type="button" id="556">
                    <label></label>
                    <include>TopBarButton</include>
                    <onclick>Skin.ToggleSetting(MusicPlayingFanart)</onclick>
                </control>
                <control type="button" id="555">
                    <label></label>
                    <include>TopBarButton</include>
                    <onclick>Close</onclick>
                    <onclick>ActivateWindow(MusicPlaylist)</onclick>
                </control>
                <control type="button" id="1624">
                    <label></label>
                    <include>TopBarButton</include>
                    <onclick>Dialog.Close(MusicOSD,true)</onclick>
                    <onclick>ActivateWindow(Settings,return)</onclick>
                </control>
                <control type="button" id="1626">
                    <label></label>
                    <include>TopBarButton</include>
                    <onclick>ActivateWindow(shutdownmenu)</onclick>
                </control>
            </control>
            <control type="grouplist" id="100">
                <include>TopBarOSDVisibleFadeEffect</include>
                <posx>60</posx>
                <posy>105</posy>
                <width>1920</width>
                <height>60</height>
                <itemgap>0</itemgap>
                <align>left</align>
                <orientation>horizontal</orientation>
                <onup>87</onup>
                <ondown>101</ondown>
                <control type="button" id="1623">
                    <label></label>
                    <include>TopBarButton</include>
                    <onclick>Dialog.Close(MusicOSD,true)</onclick>
                    <onclick>fullscreen</onclick>
                </control>
                <control type="button" id="704">
                    <label></label>
                    <include>TopBarButton</include>
                    <onclick>Dialog.Close(MusicOSD,true)</onclick>
                    <onclick>fullscreen</onclick>
                </control>
                <control type="button" id="705">
                    <label></label>
                    <include>TopBarButton</include>
                    <onclick>Back</onclick>
                    <onclick>Dialog.Close(all,true)</onclick>
                    <onclick>ActivateWindow(Home)</onclick>
                </control>
                <control type="button" id="300">
                    <visible>MusicPlayer.Content(LiveTV)</visible>
                    <label></label>
                    <include>TopBarButton</include>
                    <onclick>PlayerControl(Previous)</onclick>
                </control>
                <control type="button" id="301">
                    <visible>MusicPlayer.Content(LiveTV)</visible>
                    <label></label>
                    <include>TopBarButton</include>
                    <onclick>PlayerControl(Next)</onclick>
                </control>
                <control type="button" id="600">
                    <visible>!MusicPlayer.Content(LiveTV)</visible>
                    <label></label>
                    <include>TopBarButton</include>
                    <onclick>PlayerControl(Previous)</onclick>
                </control>
                <control type="button" id="601">
                    <visible>Player.SeekEnabled</visible>
                    <!--<animation effect="fade" start="100" end="50" time="0" condition="!Player.SeekEnabled">Conditional</animation>-->
                    <label></label>
                    <include>TopBarButton</include>
                    <onclick>PlayerControl(Rewind)</onclick>
                </control>
                <control type="button" id="202">
                    <visible>Player.PauseEnabled</visible>
                    <!--<animation effect="fade" start="100" end="50" time="0" condition="!Player.PauseEnabled">Conditional</animation>-->
                    <label></label>
                    <include>TopBarButton</include>
                    <onclick>PlayerControl(Play)</onclick>
                </control>
                <control type="button" id="603">
                    <label></label>
                    <include>TopBarButton</include>
                    <onclick>PlayerControl(Stop)</onclick>
                </control>
                <control type="button" id="699">
                    <description>Repeat</description>
                    <!--<label>$LOCALIZE[486]$INFO[Playlist.Repeat, : ]</label>-->
                    <label>$VAR[RepeatMusicOSD]</label>
                    <include>TopBarButton</include>
                    <onclick>PlayerControl(Repeat)</onclick>
                </control>
                <control type="button" id="21">
                    <description>Random</description>
                    <!--<label>$LOCALIZE[486]$INFO[Playlist.Repeat, : ]</label>-->
                    <label>$VAR[RandomMusicOSD]</label>
                    <include>TopBarButton</include>
                    <onclick>PlayerControl(Random)</onclick>
                </control>
                <control type="button" id="353">
                    <visible>Player.CanRecord</visible>
                    <!--<animation effect="fade" start="100" end="50" time="0" condition="!Player.CanRecord">Conditional</animation>-->
                    <label></label>
                    <include>TopBarButton</include>
                    <onclick>PlayerControl(Record)</onclick>
                </control>
                <control type="button" id="604">
                    <visible>Player.SeekEnabled</visible>
                    <!--<animation effect="fade" start="100" end="50" time="0" condition="!Player.SeekEnabled">Conditional</animation>-->
                    <label></label>
                    <include>TopBarButton</include>
                    <onclick>PlayerControl(Forward)</onclick>
                </control>
                <control type="button" id="605">
                    <visible>!MusicPlayer.Content(LiveTV)</visible>
                    <label></label>
                    <include>TopBarButton</include>
                    <onclick>PlayerControl(Next)</onclick>
                </control>
                <control type="button" id="1616">
                    <visible>!Player.Muted</visible>
                    <label></label>
                    <include>TopBarButton</include>
                    <onclick>Mute</onclick>
                </control>
                <control type="button" id="16161">
                    <visible>Player.Muted</visible>
                    <label></label>
                    <include>TopBarButton</include>
                    <textcolor>red</textcolor>
                    <onclick>Mute</onclick>
                </control>
                <control type="button" id="1618">
                    <label></label>
                    <include>TopBarButton</include>
                    <onclick>VolumeDown</onclick>
                </control>
                <control type="button" id="1620">
                    <label></label>
                    <include>TopBarButton</include>
                    <onclick>VolumeUp</onclick>
                </control>
            </control>
            <control type="label">
                <include>TopBarOSDVisibleFadeEffect</include>
                <right>70</right>
                <posy>0</posy>
                <width>600</width>
                <height>185</height>
                <align>right</align>
                <aligny>center</aligny>
                <font>MainMenuFont</font>
                <include>TextColor_AlternateColor</include>
                <label>$VAR[TopbarMusicOSDLabel]</label>
            </control>
        </control>
    </controls>
</window>
