<?xml version="1.0" encoding="utf-8"?>
<window>
    <defaultcontrol always="true">50</defaultcontrol>
    <controls>
        <include>DimBG</include>
        <control type="group">
            <include>DialogOverlay</include>
            <include>WindowClosingButton</include>
            <control type="group">
                <include>DialogOpenClose</include>
                <control type="group">
                    <posx>0</posx>
                    <posy>0</posy>
                    <control type="label">
                        <posx>100</posx>
                        <posy>42</posy>
                        <width>820</width>
                        <height>50</height>
                        <font>InfoTitleFont</font>
                        <scroll>true</scroll>
                        <include>TextColor_MainColor</include>
                        <label>$LOCALIZE[1033]</label>
                    </control>
                    <control type="label" id="12">
                        <posx>100</posx>
                        <posy>105</posy>
                        <width>820</width>
                        <height>35</height>
                        <font>InfoTitleSubFont</font>
                        <include>TextColor_MidColor</include>
                    </control>
                    <control type="list" id="50">
                        <posx>0</posx>
                        <posy>150</posy>
                        <width>960</width>
                        <height>660</height>
                        <onleft>9000</onleft>
                        <onright>60</onright>
                        <onup>50</onup>
                        <ondown>9000</ondown>
                        <pagecontrol>60</pagecontrol>
                        <itemlayout height="110" width="960">
                            <control type="group">
                                <include>NoFocusedIcon</include>
                                <include content="ThumbsImages">
                                    <param name="visible" value="true"/>
                                    <param name="visibleFrameHighlight" value="false"/>
                                    <param name="x" value="100"/>
                                    <param name="y" value="0"/>
                                    <param name="width" value="100"/>
                                    <param name="height" value="100"/>
                                    <param name="aspectratio" value="scale"/>
                                    <param name="align" value="center"/>
                                    <param name="aligny" value="top"/>
                                    <param name="flipy" value="false"/>
                                    <param name="texture" value="$VAR[Thumbs]"/>
                                    <param name="fallback" value="DefaultAudio.png"/>
                                    <param name="texturediffuse" value="ThumbsUnFocusedColor"/>
                                    <param name="borderdiffuse" value="BorderUnfocusedColor"/>
                                </include>
                            </control>
                            <control type="label">
                                <posx>270</posx>
                                <posy>0</posy>
                                <height>50</height>
                                <width>620</width>
                                <font>FacadeListTitleFont</font>
                                <textcolor>NoFocusedColor</textcolor>
                                <label>$INFO[ListItem.Label]</label>
                            </control>
                            <control type="label">
                                <posx>270</posx>
                                <posy>50</posy>
                                <height>50</height>
                                <width>620</width>
                                <font>FacadeListSubTitleFont</font>
                                <textcolor>NoFocusedColor</textcolor>
                                <label>$INFO[ListItem.Label2]</label>
                            </control>
                        </itemlayout>
                        <focusedlayout height="110" width="960">
                            <control type="group">
                                <include>ButtonFocusAnimation</include>
                                <include content="ThumbsImages">
                                    <param name="visible" value="true"/>
                                    <param name="visibleFrameHighlight" value="true"/>
                                    <param name="x" value="100"/>
                                    <param name="y" value="0"/>
                                    <param name="width" value="100"/>
                                    <param name="height" value="100"/>
                                    <param name="aspectratio" value="scale"/>
                                    <param name="align" value="center"/>
                                    <param name="aligny" value="top"/>
                                    <param name="flipy" value="false"/>
                                    <param name="texture" value="$VAR[Thumbs]"/>
                                    <param name="fallback" value="DefaultAudio.png"/>
                                    <param name="texturediffuse" value="ThumbsFocusedColor"/>
                                    <param name="borderdiffuse" value="$VAR[Picked.HighLight.Color]"/>
                                </include>
                                <include content="FocusedIndicatorVertical">
                                    <param name="x" value="250"/>
                                    <param name="y" value="0"/>
                                    <param name="height" value="57"/>
                                    <param name="visible" value="control.hasfocus(50)"/>
                                </include>
                                <control type="label">
                                    <posx>270</posx>
                                    <posy>0</posy>
                                    <height>50</height>
                                    <width>620</width>
                                    <font>FacadeListTitleFont</font>
                                    <include>TextColor_MainColor</include>
                                    <scroll>true</scroll>
                                    <label>$INFO[ListItem.Label]</label>
                                </control>
                                <control type="label">
                                    <posx>270</posx>
                                    <posy>50</posy>
                                    <height>50</height>
                                    <width>620</width>
                                    <font>FacadeListSubTitleFont</font>
                                    <scroll>true</scroll>
                                    <include>TextColor_MainColor</include>
                                    <label>$INFO[ListItem.Label2]</label>
                                </control>
                            </control>
                        </focusedlayout>
                    </control>
                    <control type="scrollbar" id="60">
                        <posx>910</posx>
                        <posy>150</posy>
                        <height>660</height>
                        <include>VerticalScroller</include>
                        <onleft>50</onleft>
                        <onright>100</onright>
                    </control>
                </control>
                <control type="group">
                    <posx>960</posx>
                    <posy>0</posy>
                    <control type="label">
                        <posx>70</posx>
                        <posy>42</posy>
                        <width>850</width>
                        <height>50</height>
                        <font>InfoTitleFont</font>
                        <scroll>true</scroll>
                        <include>TextColor_MainColor</include>
                        <label>$LOCALIZE[559]</label>
                    </control>
                    <control type="label" id="101">
                        <posx>70</posx>
                        <posy>105</posy>
                        <width>850</width>
                        <height>35</height>
                        <font>InfoTitleSubFont</font>
                        <include>TextColor_MidColor</include>
                    </control>
                    <control type="list" id="100">
                        <posx>0</posx>
                        <posy>150</posy>
                        <width>960</width>
                        <height>660</height>
                        <onleft>50</onleft>
                        <onright>61</onright>
                        <onup>100</onup>
                        <ondown>9000</ondown>
                        <pagecontrol>61</pagecontrol>
                        <itemlayout height="110" width="960">
                            <control type="group">
                                <include>NoFocusedIcon</include>
                                <include content="ThumbsImages">
                                    <param name="visible" value="true"/>
                                    <param name="visibleFrameHighlight" value="false"/>
                                    <param name="x" value="70"/>
                                    <param name="y" value="0"/>
                                    <param name="width" value="100"/>
                                    <param name="height" value="100"/>
                                    <param name="aspectratio" value="scale"/>
                                    <param name="align" value="center"/>
                                    <param name="aligny" value="top"/>
                                    <param name="flipy" value="false"/>
                                    <param name="texture" value="$VAR[Thumbs]"/>
                                    <param name="fallback" value="DefaultAudio.png"/>
                                    <param name="texturediffuse" value="ThumbsUnFocusedColor"/>
                                    <param name="borderdiffuse" value="BorderUnfocusedColor"/>
                                </include>
                            </control>
                            <control type="label">
                                <posx>240</posx>
                                <posy>0</posy>
                                <height>50</height>
                                <width>620</width>
                                <font>FacadeListTitleFont</font>
                                <textcolor>NoFocusedColor</textcolor>
                                <label>$INFO[ListItem.Label]</label>
                            </control>
                            <control type="label">
                                <posx>240</posx>
                                <posy>50</posy>
                                <height>50</height>
                                <width>620</width>
                                <font>FacadeListSubTitleFont</font>
                                <textcolor>NoFocusedColor</textcolor>
                                <label>$INFO[ListItem.Label2]</label>
                            </control>
                        </itemlayout>
                        <focusedlayout height="110" width="960">
                            <control type="group">
                                <include>ButtonFocusAnimation</include>
                                <include content="ThumbsImages">
                                    <param name="visible" value="true"/>
                                    <param name="visibleFrameHighlight" value="true"/>
                                    <param name="x" value="70"/>
                                    <param name="y" value="0"/>
                                    <param name="width" value="100"/>
                                    <param name="height" value="100"/>
                                    <param name="aspectratio" value="scale"/>
                                    <param name="align" value="center"/>
                                    <param name="aligny" value="top"/>
                                    <param name="flipy" value="false"/>
                                    <param name="texture" value="$VAR[Thumbs]"/>
                                    <param name="fallback" value="DefaultAudio.png"/>
                                    <param name="texturediffuse" value="ThumbsFocusedColor"/>
                                    <param name="borderdiffuse" value="$VAR[Picked.HighLight.Color]"/>
                                </include>
                                <include content="FocusedIndicatorVertical">
                                    <param name="x" value="220"/>
                                    <param name="y" value="0"/>
                                    <param name="height" value="57"/>
                                    <param name="visible" value="control.hasfocus(100)"/>
                                </include>
                                <control type="label">
                                    <posx>240</posx>
                                    <posy>0</posy>
                                    <height>50</height>
                                    <width>620</width>
                                    <font>FacadeListTitleFont</font>
                                    <include>TextColor_MainColor</include>
                                    <scroll>true</scroll>
                                    <label>$INFO[ListItem.Label]</label>
                                </control>
                                <control type="label">
                                    <posx>240</posx>
                                    <posy>50</posy>
                                    <height>50</height>
                                    <width>620</width>
                                    <font>FacadeListSubTitleFont</font>
                                    <scroll>true</scroll>
                                    <include>TextColor_MainColor</include>
                                    <label>$INFO[ListItem.Label2]</label>
                                </control>
                            </control>
                        </focusedlayout>
                    </control>
                    <control type="scrollbar" id="61">
                        <posx>910</posx>
                        <posy>150</posy>
                        <height>660</height>
                        <include>VerticalScroller</include>
                        <onleft>100</onleft>
                        <onright>505051</onright>
                    </control>
                </control>
                <!-- SIDE MENU -->
                <control type="grouplist" id="9000">
                    <posx>80</posx>
                    <bottom>60</bottom>
                    <height>180</height>
                    <onup>50</onup>
                    <onleft>50</onleft>
                    <ondown>9000</ondown>
                    <onback>50</onback>
                    <itemgap>0</itemgap>
                    <control type="button" id="6">
                        <include>DialogMenuButton</include>
                        <label>$LOCALIZE[21385]</label>
                    </control>
                    <control type="button" id="7">
                        <include>DialogMenuButton</include>
                        <label>$LOCALIZE[190]</label>
                    </control>
                    <control type="button" id="8">
                        <include>DialogMenuButton</include>
                        <label>$LOCALIZE[117]</label>
                    </control>
                </control>
            </control>
        </control>
    </controls>
</window>
