<?xml version="1.0" encoding="utf-8"?>
<window>
    <defaultcontrol always="true">50</defaultcontrol>
    <views>50,52,55,58,5050,53,54,51</views>
    <onload condition="Skin.HasSetting(StopPlaybackOnMenu)">PlayerControl(stop)</onload>
    <controls>
        <include>Fanart_Art</include>
        <include>Player_Show</include>
        <include>OverlayFull</include>
        <control type="group" id="505052">
            <include>FacadeFocusAnimation</include>
            <include condition="Skin.HasSetting(plexbmc)">PlexbmcFixTrick</include>
            <include>Header</include>
            <include>FacadeOverlay</include>
            <control type="group">
                <include>LeftMenuHasFocusAnimation</include>
                <include>OpenClose</include>
                <control type="group">
                    <include>View_50_BigList</include>
                    <include>View_51_Fullscreen</include>
                    <include>Info_51_Fullscreen</include>
                    <include>View_55_SlimList</include>
                    <include>View_57_58_59_Showcase</include>
                    <include>View_54_Fanart</include>
                    <include>View_53_Grid</include>
                    <include>Info_53_Grid</include>
                    <include>View_5050_CardList</include>
                </control>
            </control>
        </control>
        <!-- SIDE MENU -->
        <control type="group">
            <visible>!Skin.HasSetting(EnableKioskMode)</visible>
            <include>LeftMenu</include>
            <include>Icon_Fade</include>
            <control type="grouplist" id="9000">
                <include>LeftMenuButtonGroup</include>
                <onleft>50</onleft>
                <ondown>9000</ondown>
                <onback>50</onback>
                <control type="label" id="7965">
                    <include>LeftMenuTitleLabel</include>
                    <label>$LOCALIZE[582]</label>
                </control>
                <include>9000GrouplistParameters</include>
                <control type="button" id="3">
                    <include>LeftMenuButton</include>
                </control>
                <control type="togglebutton" id="4">
                    <alttexturenofocus>-</alttexturenofocus>
                    <include>LeftMenuButton</include>
                    <label>$LOCALIZE[21429]: $LOCALIZE[21430]</label>
                    <altlabel>$LOCALIZE[21429]: $LOCALIZE[21431]</altlabel>
                </control>
                <control type="label" id="9183">
                    <include>LeftMenuTitleLabel</include>
                    <include>LeftMenuButton</include>
                    <label>$LOCALIZE[31509]</label>
                </control>
                <control type="edit" id="19">
                    <visible>Container.CanFilter + !Container.CanFilterAdvanced</visible>
                    <description>Filter</description>
                    <textwidth>600</textwidth>
                    <include>LeftMenuButton</include>
                    <label>587</label>
                </control>
                <control type="radiobutton" id="20">
                    <visible>Container.CanFilterAdvanced</visible>
                    <description>Filter</description>
                    <include>LeftMenuButton</include>
                    <label>587</label>
                    <onclick>right</onclick>
                    <onclick>Filter</onclick>
                </control>
                <control type="button" id="699">
                    <enable>Player.HasMedia</enable>
                    <include>LeftMenuButton</include>
                    <label>$LOCALIZE[16003]</label>
                    <onclick>fullscreen</onclick>
                </control>
            </control>
            <include>LeftMenuScroller</include>
        </control>
        <include>NowPlaying</include>
        <include>TopBar</include>
    </controls>
</window>
