<?xml version="1.0" encoding="utf-8"?>
<window>
    <defaultcontrol>10</defaultcontrol>
    <menucontrol>9000</menucontrol>
    <views>10,11,12,13</views>
    <onload condition="Skin.HasSetting(StopPlaybackOnMenu)">PlayerControl(stop)</onload>
    <controls>
        <include>Fanart_Art</include>
        <include>Player_Show</include>
        <include>OverlayFull</include>
        <control type="group" id="505052">
            <include>FacadeFocusAnimation</include>
            <include>Header</include>
            <include>FacadeOverlay</include>
            <control type="group">
                <include>LeftMenuHasFocusAnimation</include>
                <include>OpenClose</include>
                <control type="group" id="50">
                    <!--EPG-->
                    <control type="group">
                        <visible>Control.IsVisible(10)</visible>
                        <include>Facade_Fade</include>
                        <control type="epggrid" id="10">
                            <viewtype label="19032">list</viewtype>
                            <posx>0</posx>
                            <posy>0</posy>
                            <width>1920</width>
                            <height>750</height>
                            <pagecontrol>60</pagecontrol>
                            <timeblocks>20</timeblocks>
                            <rulerunit>6</rulerunit>
                            <onleft>9000</onleft>
                            <onright>60</onright>
                            <onup condition="!Skin.HasSetting(EnableUpNavListViews)">10</onup>
                            <onup>505051</onup>
                            <ondown>10</ondown>
                            <progresstexture border="1,1,1,1">OSD/osd_progress_chaching.png</progresstexture>
                            <rulerlayout height="150" width="60">
                                <control type="image" id="1">
                                    <width>50</width>
                                    <height>150</height>
                                    <posx>0</posx>
                                    <posy>0</posy>
                                    <texture>-</texture>
                                </control>
                                <control type="label" id="2">
                                    <posx>70</posx>
                                    <posy>0</posy>
                                    <width>10</width>
                                    <height>150</height>
                                    <aligny>center</aligny>
                                    <align>left</align>
                                    <textcolor>AlternateColor</textcolor>
                                    <font>TvGuideHeaderFont</font>
                                    <label>$INFO[ListItem.Label]</label>
                                </control>
                            </rulerlayout>
                            <channellayout height="75" width="500">
                                <control type="image">
                                    <visible>String.IsEmpty(Window.Property(IsRadio))</visible>
                                    <posx>70</posx>
                                    <posy>0</posy>
                                    <width>70</width>
                                    <height>75</height>
                                    <texture background="true" fallback="defaultChannelTvBig_43.png">$INFO[ListItem.Icon]</texture>
                                    <colordiffuse>ThumbsUnfocusedColor</colordiffuse>
                                    <aspectratio>keep</aspectratio>
                                    <bordertexture border="2" colordiffuse="BorderUnfocusedColor">common/frame_focus.png</bordertexture>
                                    <bordersize>2</bordersize>
                                </control>
                                <control type="image">
                                    <visible>!String.IsEmpty(Window.Property(IsRadio))</visible>
                                    <posx>70</posx>
                                    <posy>0</posy>
                                    <width>70</width>
                                    <height>75</height>
                                    <texture background="true" fallback="defaultChannelRadioBig_43.png">$INFO[ListItem.Icon]</texture>
                                    <colordiffuse>ThumbsUnfocusedColor</colordiffuse>
                                    <aspectratio>keep</aspectratio>
                                    <bordertexture border="2" colordiffuse="BorderUnfocusedColor">common/frame_focus.png</bordertexture>
                                    <bordersize>2</bordersize>
                                </control>
                                <control type="label" id="1">
                                    <posx>170</posx>
                                    <width>300</width>
                                    <height>75</height>
                                    <font>TvGuideChannelFont</font>
                                    <textcolor>NoFocusedColor</textcolor>
                                    <label>$INFO[ListItem.ChannelNumber,,[COLOR=SeparatorColor] › [/COLOR]]$INFO[ListItem.ChannelName]</label>
                                    <aligny>center</aligny>
                                    <align>left</align>
                                    <scroll>false</scroll>
                                </control>
                            </channellayout>
                            <focusedchannellayout height="75" width="500">
                                <control type="group">
                                    <include>ButtonFocusAnimation</include>
                                    <control type="image">
                                        <visible>String.IsEmpty(Window.Property(IsRadio))</visible>
                                        <posx>70</posx>
                                        <posy>0</posy>
                                        <width>70</width>
                                        <height>75</height>
                                        <texture background="true" fallback="defaultChannelTvBig_43.png">$INFO[ListItem.Icon]</texture>
                                        <colordiffuse>ThumbsFocusedColor</colordiffuse>
                                        <aspectratio>keep</aspectratio>
                                        <bordertexture border="2" colordiffuse="$VAR[Picked.HighLight.Color]">common/frame_focus.png</bordertexture>
                                        <bordersize>2</bordersize>
                                    </control>
                                    <control type="image">
                                        <visible>!String.IsEmpty(Window.Property(IsRadio))</visible>
                                        <posx>70</posx>
                                        <posy>0</posy>
                                        <width>70</width>
                                        <height>75</height>
                                        <texture background="true" fallback="defaultChannelRadioBig_43.png">$INFO[ListItem.Icon]</texture>
                                        <colordiffuse>ThumbsFocusedColor</colordiffuse>
                                        <aspectratio>keep</aspectratio>
                                        <bordertexture border="2" colordiffuse="$VAR[Picked.HighLight.Color]">common/frame_focus.png</bordertexture>
                                        <bordersize>2</bordersize>
                                    </control>
                                    <include content="FocusedIndicatorVertical">
                                        <param name="x" value="155"/>
                                        <param name="y" value="13"/>
                                        <param name="height" value="50"/>
                                        <param name="visible" value="true"/>
                                    </include>
                                    <control type="label" id="1">
                                        <posx>170</posx>
                                        <width>300</width>
                                        <height>75</height>
                                        <font>TvGuideChannelFont</font>
                                        <include>TextColor_MainColor</include>
                                        <aligny>center</aligny>
                                        <align>left</align>
                                        <scroll>true</scroll>
                                        <label>$INFO[ListItem.ChannelNumber,,[COLOR=SeparatorColor] › [/COLOR]]$INFO[ListItem.ChannelName]</label>
                                    </control>
                                </control>
                            </focusedchannellayout>
                            <itemlayout height="75" width="60">
                               <control type="image">
                                    <animation effect="fade" start="100" end="50" time="0" condition="true">Conditional</animation>
                                   <posx>0</posx>
                                   <posy>14</posy>
                                   <width>50</width>
                                   <height>50</height>
                                    <colordiffuse>$VAR[Picked.Theme.Color]</colordiffuse>
                                    <texture>$VAR[PVRTimerIcon]</texture>
                                </control>
                                <control type="label" id="1">
                                    <animation effect="slide" start="0,0" end="-25,0" time="0" condition="![ListItem.IsRecording|ListItem.HasTimerSchedule|ListItem.HasTimer|ListItem.HasRecording]">Conditional</animation>
                                    <posx>40</posx>
                                    <posy>0</posy>
                                    <width>25</width>
                                    <height>75</height>
                                    <font>TvGuideItemFont</font>
                                    <aligny>center</aligny>
                                    <scroll>false</scroll>
                                    <textcolor>NoFocusedColor</textcolor>
                                    <info>ListItem.Label</info>
                                </control>
                            </itemlayout>
                            <focusedlayout height="75" width="60">
                                <include content="FocusedIndicatorVertical">
                                    <param name="x" value="0"/>
                                    <param name="y" value="13"/>
                                    <param name="height" value="50"/>
                                    <param name="visible" value="true"/>
                                </include>
                                <control type="image">
                                    <posx>0</posx>
                                    <posy>14</posy>
                                    <width>50</width>
                                    <height>50</height>
                                    <colordiffuse>$VAR[Picked.HighLight.Color]</colordiffuse>
                                    <texture>$VAR[PVRTimerIcon]</texture>
                                </control>
                                <control type="label" id="1">
                                    <animation effect="slide" start="0,0" end="-25,0" time="0" condition="![ListItem.IsRecording|ListItem.HasTimerSchedule|ListItem.HasTimer|ListItem.HasRecording]">Conditional</animation>
                                    <include>ButtonWideFocusAnimation</include>
                                    <posx>40</posx>
                                    <posy>0</posy>
                                    <width>25</width>
                                    <height>75</height>
                                    <aligny>center</aligny>
                                    <font>TvGuideItemFont</font>
                                    <include>TextColor_MainColor</include>
                                    <info>ListItem.Label</info>
                                    <scroll>true</scroll>
                                </control>
                            </focusedlayout>
                        </control>
                        <control type="scrollbar" id="60">
                            <posx>1870</posx>
                            <posy>160</posy>
                            <height>580</height>
                            <include>VerticalScroller</include>
                            <onleft>10</onleft>
                            <onright>505051</onright>
                        </control>
                        <!-- INFO -->
                        <control type="group">
                            <posx>0</posx>
                            <posy>700</posy>
                            <control type="label">
                                <posx>70</posx>
                                <posy>120</posy>
                                <height>50</height>
                                <width>1780</width>
                                <font>FacadeListTitleFont</font>
                                <include>TextColor_MainColor</include>
                                <scroll>true</scroll>
                                <label>$INFO[ListItem.ChannelNumber,,[COLOR=SeparatorColor] › [/COLOR]]$INFO[ListItem.ChannelName][COLOR=SeparatorColor] › [/COLOR]$VAR[DetailsTitle]</label>
                            </control>
                            <control type="label">
                                <posx>70</posx>
                                <posy>178</posy>
                                <height>50</height>
                                <width>1780</width>
                                <font>FacadeListSubTitleFont</font>
                                <include>TextColor_MainColor</include>
                                <scroll>true</scroll>
                                <label>$INFO[ListItem.StartTime]$INFO[ListItem.EndTime, / ,]$INFO[ListItem.Genre,[COLOR=SeparatorColor] › [/COLOR]]</label>
                            </control>
                            <control type="textbox">
                                <posx>70</posx>
                                <posy>227</posy>
                                <height>85</height>
                                <width>1780</width>
                                <font>FacadeListSubTitleFont</font>
                                <include>TextColor_MainColor</include>
                                <scroll>false</scroll>
                                <label>$VAR[Plots]</label>
                            </control>
                        </control>
                    </control>
                    <!-- EPG NOW -->
                    <control type="group">
                        <visible>Control.IsVisible(11)</visible>
                        <include>Facade_Fade</include>
                        <control type="list" id="11">
                            <viewtype label="19030">list</viewtype>
                            <posx>0</posx>
                            <posy>0</posy>
                            <width>1920</width>
                            <height>1080</height>
                            <pagecontrol>76</pagecontrol>
                            <onleft>9000</onleft>
                            <onright>76</onright>
                            <onup condition="!Skin.HasSetting(EnableUpNavListViews)">11</onup>
                            <onup>505051</onup>
                            <ondown>11</ondown>
                            <preloaditems>4</preloaditems>
                            <include>BigList_Layout</include>
                        </control>
                        <control type="scrollbar" id="76">
                            <posx>1870</posx>
                            <posy>0</posy>
                            <height>1080</height>
                            <include>VerticalScroller</include>
                            <onleft>11</onleft>
                            <onright>505051</onright>
                        </control>
                        <include>Info_50_BigList</include>
                    </control>
                    <!-- EPG NEXT -->
                    <control type="group">
                        <visible>Control.IsVisible(12)</visible>
                        <include>Facade_Fade</include>
                        <control type="list" id="12">
                            <viewtype label="19031">list</viewtype>
                            <posx>0</posx>
                            <posy>0</posy>
                            <width>1920</width>
                            <height>1080</height>
                            <pagecontrol>76</pagecontrol>
                            <onleft>9000</onleft>
                            <onright>76</onright>
                            <onup condition="!Skin.HasSetting(EnableUpNavListViews)">12</onup>
                            <onup>505051</onup>
                            <ondown>12</ondown>
                            <preloaditems>4</preloaditems>
                            <include>BigList_Layout</include>
                        </control>
                        <control type="scrollbar" id="76">
                            <posx>1870</posx>
                            <posy>0</posy>
                            <height>1080</height>
                            <include>VerticalScroller</include>
                            <onleft>12</onleft>
                            <onright>505051</onright>
                        </control>
                        <include>Info_50_BigList</include>
                    </control>
                    <!-- EPG CHANNEL -->
                    <control type="group">
                        <visible>Control.IsVisible(13)</visible>
                        <include>Facade_Fade</include>
                        <control type="list" id="13">
                            <viewtype label="19029">list</viewtype>
                            <posx>0</posx>
                            <posy>0</posy>
                            <width>1920</width>
                            <height>1080</height>
                            <pagecontrol>75</pagecontrol>
                            <onleft>9000</onleft>
                            <onright>75</onright>
                            <onup condition="!Skin.HasSetting(EnableUpNavListViews)">13</onup>
                            <onup>505051</onup>
                            <ondown>13</ondown>
                            <preloaditems>4</preloaditems>
                            <include>BigList_Layout</include>
                        </control>
                        <control type="scrollbar" id="75">
                            <posx>1870</posx>
                            <posy>0</posy>
                            <height>180</height>
                            <include>VerticalScroller</include>
                            <onleft>13</onleft>
                            <onright>505051</onright>
                        </control>
                        <include>Info_50_BigList</include>
                    </control>
                </control>
            </control>
        </control>
        <!-- SIDE MENU -->
        <include>PVRLeftMenu</include>
        <include>NowPlaying</include>
        <include>TopBar</include>
    </controls>
</window>
