<?xml version="1.0" encoding="utf-8"?>
<window>
    <defaultcontrol>49</defaultcontrol>
    <menucontrol>9000</menucontrol>
    <controls>
        <include>Fanart_Art</include>
        <control type="group">
            <visible>!Skin.String(WeatherType,Map)</visible>
            <include>Facade_Fade</include>
            <control type="image">
                <include>KenBurns</include>
                <posx>0</posx>
                <posy>0</posy>
                <width>1920</width>
                <height>1080</height>
                <texture background="true">$INFO[Container(50).ListItem.Thumb]</texture>
            </control>
        </control>
        <include>OverlayFull</include>
        <control type="group" id="505052">
            <include>FacadeFocusAnimation</include>
            <include>Header</include>
            <include>FacadeOverlay</include>
            <control type="group" id="49">
                <include>LeftMenuHasFocusAnimation</include>
                <include>OpenClose</include>
                <!--<control type="label" id="11">-->
                <!--<posx>960</posx>-->
                <!--<posy>210</posy>-->
                <!--<width>1200</width>-->
                <!--<align>left</align>-->
                <!--<textcolor>AlternateColor</textcolor>-->
                <!--<font>FacadeListSubFont</font>-->
                <!--</control>-->
                <control type="group">
                    <visible>!Skin.String(WeatherType,Map)</visible>
                    <include>Facade_Fade</include>
                    <control type="group">
                        <control type="list" id="50">
                            <viewtype label="31091">List</viewtype>
                            <posx>0</posx>
                            <posy>0</posy>
                            <width>1920</width>
                            <height>1080</height>
                            <pagecontrol>60</pagecontrol>
                            <onleft>9000</onleft>
                            <onright>60</onright>
                            <onup condition="!Skin.HasSetting(EnableUpNavListViews)">50</onup>
                            <onup>505051</onup>
                            <ondown>50</ondown>
                            <preloaditems>4</preloaditems>
                            <itemlayout height="331" width="1920">
                                <include content="ThumbsImages">
                                    <param name="visible" value="true"/>
                                    <param name="visibleFrameHighlight" value="false"/>
                                    <param name="x" value="70"/>
                                    <param name="y" value="10"/>
                                    <param name="width" value="160"/>
                                    <param name="height" value="160"/>
                                    <param name="aspectratio" value="scale"/>
                                    <param name="align" value="center"/>
                                    <param name="aligny" value="center"/>
                                    <param name="flipy" value="false"/>
                                    <param name="texture" value="$INFO[ListItem.Property(Icon)]"/>
                                    <param name="fallback" value="DefaultFile.png"/>
                                    <param name="texturediffuse" value="ThumbsUnfocusedColor"/>
                                    <param name="borderdiffuse" value="BorderUnfocusedColor"/>
                                </include>
                                <include content="ThumbsImages">
                                    <param name="visible" value="true"/>
                                    <param name="visibleFrameHighlight" value="false"/>
                                    <param name="x" value="70"/>
                                    <param name="y" value="180"/>
                                    <param name="width" value="160"/>
                                    <param name="height" value="100"/>
                                    <param name="aspectratio" value="scale"/>
                                    <param name="align" value="center"/>
                                    <param name="aligny" value="center"/>
                                    <param name="flipy" value="false"/>
                                    <param name="texture" value="$VAR[Thumbs]"/>
                                    <param name="fallback" value="DefaultFile.png"/>
                                    <param name="texturediffuse" value="ThumbsUnfocusedColor"/>
                                    <param name="borderdiffuse" value="BorderUnfocusedColor"/>
                                </include>
                                <control type="label">
                                    <posx>300</posx>
                                    <posy>30</posy>
                                    <height>50</height>
                                    <width>1550</width>
                                    <font>FacadeListTitleFont</font>
                                    <textcolor>NoFocusedColor</textcolor>
                                    <label>$INFO[ListItem.Label]</label>
                                </control>
                                <control type="label">
                                    <posx>300</posx>
                                    <posy>80</posy>
                                    <height>50</height>
                                    <width>1550</width>
                                    <font>FacadeListSubTitleFont</font>
                                    <textcolor>NoFocusedColor</textcolor>
                                    <label>$INFO[ListItem.Property(Property3)]$INFO[ListItem.Property(Property2), [COLOR=SeparatorColor] › [/COLOR] ]$INFO[ListItem.Property(Property1), [COLOR=SeparatorColor] › [/COLOR] ]</label>
                                </control>
                            </itemlayout>
                            <focusedlayout height="331" width="1920">
                                <control type="group">
                                    <include>ListFocusAnimation</include>
                                    <include content="ThumbsImages">
                                        <param name="visible" value="true"/>
                                        <param name="visibleFrameHighlight" value="true"/>
                                        <param name="x" value="70"/>
                                        <param name="y" value="10"/>
                                        <param name="width" value="160"/>
                                        <param name="height" value="160"/>
                                        <param name="aspectratio" value="scale"/>
                                        <param name="align" value="center"/>
                                        <param name="aligny" value="top"/>
                                        <param name="flipy" value="false"/>
                                        <param name="texture" value="$INFO[ListItem.Property(Icon)]"/>
                                        <param name="fallback" value="DefaultFile.png"/>
                                        <param name="texturediffuse" value="ThumbsFocusedColor"/>
                                        <param name="borderdiffuse" value="$VAR[Picked.HighLight.Color]"/>
                                    </include>
                                    <include content="ThumbsImages">
                                        <param name="visible" value="true"/>
                                        <param name="visibleFrameHighlight" value="true"/>
                                        <param name="x" value="70"/>
                                        <param name="y" value="180"/>
                                        <param name="width" value="160"/>
                                        <param name="height" value="100"/>
                                        <param name="aspectratio" value="scale"/>
                                        <param name="align" value="center"/>
                                        <param name="aligny" value="top"/>
                                        <param name="flipy" value="false"/>
                                        <param name="texture" value="$VAR[Thumbs]"/>
                                        <param name="fallback" value="DefaultFile.png"/>
                                        <param name="texturediffuse" value="ThumbsFocusedColor"/>
                                        <param name="borderdiffuse" value="$VAR[Picked.HighLight.Color]"/>
                                    </include>
                                    <control type="label">
                                        <posx>300</posx>
                                        <posy>30</posy>
                                        <height>50</height>
                                        <width>1550</width>
                                        <font>FacadeListTitleFont</font>
                                        <include>TextColor_MainColor</include>
                                        <scroll>true</scroll>
                                        <label>$INFO[ListItem.Label]</label>
                                    </control>
                                    <control type="label">
                                        <posx>300</posx>
                                        <posy>80</posy>
                                        <height>50</height>
                                        <width>1550</width>
                                        <font>FacadeListSubTitleFont</font>
                                        <include>TextColor_MainColor</include>
                                        <scroll>true</scroll>
                                        <label>$INFO[ListItem.Property(Property3)]$INFO[ListItem.Property(Property2), [COLOR=SeparatorColor] › [/COLOR] ]$INFO[ListItem.Property(Property1), [COLOR=SeparatorColor] › [/COLOR] ]</label>
                                    </control>
                                    <control type="label">
                                        <posx>300</posx>
                                        <posy>122</posy>
                                        <height>50</height>
                                        <width>1550</width>
                                        <font>FacadeListSubTitleFont</font>
                                        <include>TextColor_MainColor</include>
                                        <scroll>true</scroll>
                                        <label>$INFO[ListItem.Property(Property4)]$INFO[ListItem.Property(Property9), [COLOR=SeparatorColor] › [/COLOR] ]$INFO[ListItem.Property(Property8), [COLOR=SeparatorColor] › [/COLOR] ]</label>
                                    </control>
                                    <control type="label">
                                        <posx>300</posx>
                                        <posy>164</posy>
                                        <height>50</height>
                                        <width>1550</width>
                                        <font>FacadeListSubTitleFont</font>
                                        <include>TextColor_MainColor</include>
                                        <scroll>true</scroll>
                                        <label>$INFO[ListItem.Property(Property5)]$INFO[ListItem.Property(Property7), [COLOR=SeparatorColor] › [/COLOR] ]$INFO[ListItem.Property(Property6), [COLOR=SeparatorColor] › [/COLOR] ]</label>
                                    </control>
                                    <control type="label">
                                        <posx>300</posx>
                                        <posy>206</posy>
                                        <height>50</height>
                                        <width>1550</width>
                                        <font>FacadeListSubTitleFont</font>
                                        <include>TextColor_MainColor</include>
                                        <scroll>true</scroll>
                                        <label>$INFO[ListItem.Property(Property10)]$INFO[ListItem.Property(Property11), [COLOR=SeparatorColor] › [/COLOR] ]</label>
                                    </control>
                                </control>
                            </focusedlayout>
                            <include>WeatherContent</include>
                        </control>
                        <control type="scrollbar" id="60">
                            <posx>1870</posx>
                            <posy>0</posy>
                            <height>1080</height>
                            <include>VerticalScroller</include>
                            <onleft>50</onleft>
                            <onright>505051</onright>
                        </control>
                    </control>
                </control>
                <control type="group">
                    <visible>Skin.String(WeatherType,Map)</visible>
                    <include>Facade_Fade</include>
                    <control type="group">
                        <control type="list" id="155">
                            <viewtype label="20445">biginfo</viewtype>
                            <posx>0</posx>
                            <posy>0</posy>
                            <width>1920</width>
                            <height>1080</height>
                            <pagecontrol>60</pagecontrol>
                            <onleft>155</onleft>
                            <onright>155</onright>
                            <onup>9000</onup>
                            <ondown>60</ondown>
                            <orientation>horizontal</orientation>
                            <focusposition>0</focusposition>
                            <movement>1</movement>
                            <preloaditems>4</preloaditems>
                            <itemlayout height="1080" width="1920">
                                <!--<include>ListFocusAnimation</include>-->
                                <control type="image">
                                    <posx>0</posx>
                                    <posy>0</posy>
                                    <width>1920</width>
                                    <height>1080</height>
                                    <aspectratio>scale</aspectratio>
                                    <texture>$INFO[ListItem.Thumb]</texture>
                                </control>
                                <control type="image">
                                    <posx>0</posx>
                                    <posy>0</posy>
                                    <width>1920</width>
                                    <height>1080</height>
                                    <aspectratio>scale</aspectratio>
                                    <colordiffuse>70FFFFFF</colordiffuse>
                                    <texture>$INFO[ListItem.Property(Layer)]</texture>
                                </control>
                            </itemlayout>
                            <focusedlayout height="1080" width="1920">
                                <control type="group">
                                    <!--<include>ListFocusAnimation</include>-->
                                    <control type="image">
                                        <posx>0</posx>
                                        <posy>0</posy>
                                        <width>1920</width>
                                        <height>1080</height>
                                        <aspectratio>scale</aspectratio>
                                        <texture>$INFO[ListItem.Thumb]</texture>
                                    </control>
                                    <control type="image">
                                        <posx>0</posx>
                                        <posy>0</posy>
                                        <width>1920</width>
                                        <height>1080</height>
                                        <aspectratio>scale</aspectratio>
                                        <colordiffuse>70FFFFFF</colordiffuse>
                                        <texture>$INFO[ListItem.Property(Layer)]</texture>
                                    </control>
                                </control>
                            </focusedlayout>
                            <include>WeatherContent</include>
                        </control>
                        <control type="button">
                            <posx>1720</posx>
                            <posy>200</posy>
                            <width>200</width>
                            <height>800</height>
                            <include>HiddenButton</include>
                            <onclick>Control.Move(155,1)</onclick>
                            <onfocus>Control.Move(155,1)</onfocus>
                        </control>
                        <control type="button">
                            <posx>0</posx>
                            <posy>200</posy>
                            <width>200</width>
                            <height>800</height>
                            <include>HiddenButton</include>
                            <onclick>Control.Move(155,-1)</onclick>
                            <onfocus>Control.Move(155,-1)</onfocus>
                        </control>
                    </control>
                </control>
                <control type="group">
                    <visible>Skin.String(WeatherType,Map)</visible>
                    <include>Facade_Fade</include>
                    <control type="group">
                        <control type="label">
                            <posx>0</posx>
                            <posy>980</posy>
                            <height>100</height>
                            <width>1920</width>
                            <align>center</align>
                            <font>FacadeListTitleFont</font>
                            <include>TextColor_MainColor</include>
                            <scroll>false</scroll>
                            <label>$INFO[Container(155).ListItem.Label]</label>
                        </control>
                        <control type="image">
                            <description>legend image</description>
                            <posx>50</posx>
                            <posy>980</posy>
                            <width>294</width>
                            <height>100</height>
                            <aspectratio>keep</aspectratio>
                            <texture>$INFO[Container(155).ListItem.Property(Legend)]</texture>
                        </control>
                        <control type="scrollbar" id="60">
                            <posx>0</posx>
                            <posy>1030</posy>
                            <width>1920</width>
                            <include>HorizontalScroller</include>
                            <onup>155</onup>
                            <onright>noop</onright>
                            <ondown>9000</ondown>
                        </control>
                    </control>
                </control>
            </control>
        </control>
        <!-- SIDE MENU -->
        <control type="group">
            <visible>!Skin.HasSetting(EnableKioskMode)</visible>
            <include>LeftMenu</include>
            <include>Icon_Fade</include>
            <control type="grouplist" id="9000">
                <include>LeftMenuButtonGroup</include>
                <onleft>49</onleft>
                <ondown>9000</ondown>
                <onback>49</onback>
                <control type="label" id="7965">
                    <include>LeftMenuTitleLabel</include>
                    <label>$LOCALIZE[582]</label>
                </control>
                <control type="radiobutton" id="502">
                    <visible>!String.IsEmpty(Window.Property(Daily.IsFetched))|Skin.String(WeatherType,)|Skin.String(WeatherType,daily)</visible>
                    <selected>Skin.String(WeatherType,daily)|Skin.String(WeatherType,)</selected>
                    <label>$LOCALIZE[31904]</label>
                    <include>LeftMenuButton</include>
                    <onclick>Skin.SetString(WeatherType,daily)</onclick>
                </control>
                <control type="radiobutton" id="503">
                    <visible>!String.IsEmpty(Window.Property(36Hour.IsFetched))</visible>
                    <selected>Skin.String(WeatherType,36Hour)</selected>
                    <label>$LOCALIZE[31901]</label>
                    <include>LeftMenuButton</include>
                    <onclick>Skin.SetString(WeatherType,36Hour)</onclick>
                </control>
                <control type="radiobutton" id="504">
                    <visible>!String.IsEmpty(Window.Property(Weekend.IsFetched))</visible>
                    <selected>Skin.String(WeatherType,Weekend)</selected>
                    <label>$LOCALIZE[31903]</label>
                    <include>LeftMenuButton</include>
                    <onclick>Skin.SetString(WeatherType,Weekend)</onclick>
                </control>
                <control type="radiobutton" id="505">
                    <visible>!String.IsEmpty(Window.Property(Hourly.IsFetched))</visible>
                    <selected>Skin.String(WeatherType,Hourly)</selected>
                    <label>$LOCALIZE[31902]</label>
                    <include>LeftMenuButton</include>
                    <onclick>Skin.SetString(WeatherType,Hourly)</onclick>
                </control>
                <control type="radiobutton" id="506">
                    <visible>!String.IsEmpty(Window.Property(Map.IsFetched))</visible>
                    <selected>Skin.String(WeatherType,Map)</selected>
                    <label>$LOCALIZE[31910]</label>
                    <include>LeftMenuButton</include>
                    <onclick>Skin.SetString(WeatherType,Map)</onclick>
                </control>
                <control type="label" id="9183">
                    <include>LeftMenuTitleLabel</include>
                    <include>LeftMenuButton</include>
                    <label>$LOCALIZE[31509]</label>
                </control>
                <control type="button" id="2">
                    <include>LeftMenuButton</include>
                </control>
                <control type="button" id="507">
                    <include>LeftMenuButton</include>
                    <label>$LOCALIZE[31087]</label>
                    <onclick>Skin.Reset(WeatherType)</onclick>
                </control>
                <control type="group" id="300">
                    <width>700</width>
                    <height>50</height>
                    <control type="spincontrolex" id="3">
                        <description>change location button</description>
                        <font>-</font>
                        <onup>4</onup>
                        <ondown>490</ondown>
                        <onright>49</onright>
                        <include>LeftMenuButton</include>
                    </control>
                    <control type="label" id="301">
                        <label>396</label>
                        <include>LeftMenuButton</include>
                    </control>
                </control>
            </control>
            <include>LeftMenuScroller</include>
        </control>
        <include>NowPlaying</include>
        <include>TopBar</include>
    </controls>
</window>
