<?xml version="1.0" encoding="utf-8"?>
<window>
    <defaultcontrol always="true">3</defaultcontrol>
    <controls>
        <include>Fanart_Art</include>
        <include>Player_Show</include>
        <include>OverlayFull</include>
        <control type="group">
            <include>DialogOverlay</include>
            <include>WindowClosingButton</include>
            <control type="group">
                <include>OpenClose</include>
                <control type="label" id="2">
                    <posx>100</posx>
                    <posy>0</posy>
                    <width>1720</width>
                    <height>177</height>
                    <aligny>center</aligny>
                    <font>InfoTitleFont</font>
                    <include>TextColor_MainColor</include>
                    <scroll>true</scroll>
                </control>
                <!-- SIDE MENU -->
                <control type="group">
                    <posx>80</posx>
                    <control type="grouplist" id="3">
                        <posy>180</posy>
                        <height>720</height>
                        <onup>9900</onup>
                        <onright>9060</onright>
                        <ondown>20</ondown>
                        <onback>5</onback>
                        <include>DialogMenuButtonGroup</include>
                    </control>
                    <include content="DialogMenuScroller">
                        <param name="y" value="180"/>
                        <param name="height" value="720"/>
                        <param name="onright" value="5"/>
                        <param name="onleft" value="3"/>
                    </include>
                    <control type="button" id="10">
                        <textcolor>NoFocusedColor</textcolor>
                        <width>410</width>
                        <include>DialogMenuButton</include>
                    </control>
                    <control type="label">
                        <posx>0</posx>
                        <posy>910</posy>
                        <width>450</width>
                        <include>LeftMenuTitleLabel</include>
                        <label>$LOCALIZE[31049]</label>
                    </control>
                    <control type="button" id="20">
                        <posx>0</posx>
                        <posy>950</posy>
                        <include>DialogMenuButton</include>
                        <onleft>5</onleft>
                        <onright>5</onright>
                        <onup>3</onup>
                        <ondown>noop</ondown>
                        <onclick>SettingsLevelChange</onclick>
                    </control>
                </control>
                <control type="grouplist" id="5">
                    <posx>530</posx>
                    <posy>180</posy>
                    <width>1310</width>
                    <height>720</height>
                    <itemgap>0</itemgap>
                    <onleft>3</onleft>
                    <onright>60</onright>
                    <onup>5</onup>
                    <ondown>5</ondown>
                    <pagecontrol>60</pagecontrol>
                    <orientation>vertical</orientation>
                </control>
                <control type="scrollbar" id="60">
                    <posx>1870</posx>
                    <posy>180</posy>
                    <height>720</height>
                    <include>VerticalScroller</include>
                    <onleft>5</onleft>
                    <onright>5</onright>
                </control>
                <control type="button" id="7">
                    <width>1290</width>
                    <include>SettingsButton</include>
                </control>
                <control type="radiobutton" id="8">
                    <width>1290</width>
                    <radioposx>1248</radioposx>
                    <textwidth>1200</textwidth>
                    <include>SettingsButton</include>
                </control>
                <control type="spincontrolex" id="9">
                    <textwidth>535</textwidth>
                    <width>1290</width>
                    <include>SettingsButton</include>
                </control>
                <control type="image" id="11">
                    <description>separator image</description>
                    <width>1290</width>
                    <height>60</height>
                    <texture border="51,0,51,0">common/TransparentDot.png</texture>
                </control>
                <control type="edit" id="12">
                    <textwidth>1270</textwidth>
                    <include>SettingsButton</include>
                </control>
                <control type="sliderex" id="13">
                    <description>Default Slider</description>
                    <width>1290</width>
                    <include>SettingsButton</include>
                </control>
                <control type="label" id="14">
                    <description>Default Label</description>
                    <label>-</label>
                    <textoffsety>25</textoffsety>
                    <aligny>top</aligny>
                    <width>1290</width>
                    <height>60</height>
                    <font>LeftMenuTitleFont</font>
                    <include>TextColor_MidColor</include>
                    <include>SettingsButton</include>
                </control>
                <control type="textbox" id="6">
                    <posx>550</posx>
                    <posy>930</posy>
                    <width>1290</width>
                    <height>95</height>
                    <include>TextColor_MainColor</include>
                    <font>InfoPlotFont</font>
                    <include>myautoscroll</include>
                </control>
            </control>
        </control>
    </controls>
</window>
