<?xml version="1.0" encoding="utf-8"?>
<window>
    <onunload>Dialog.close(all,true)</onunload>
    <controls>
        <control type="group" id="0">
            <include>DimBG</include>
            <control type="group" id="1">
                <include>OSDOpenClose</include>
                <control type="image" id="1">
                    <posx>0</posx>
                    <posy>0</posy>
                    <width>1920</width>
                    <height>350</height>
                    <colordiffuse>bbffffff</colordiffuse>
                    <texture border="1">common/BlackDot.png</texture>
                </control>
                <control type="image" id="1">
                    <posx>0</posx>
                    <posy>0</posy>
                    <width>1920</width>
                    <height>350</height>
                    <colordiffuse>$VAR[Picked.Theme.Color]</colordiffuse>
                    <texture border="10">common/overlay_topbar_gradient.png</texture>
                </control>
                <control type="image" id="1">
                    <posx>0</posx>
                    <posy>350</posy>
                    <width>1920</width>
                    <height>2</height>
                    <colordiffuse>$VAR[Picked.HighLight.Color]</colordiffuse>
                    <texture border="2,0,2,0">common/line_white_horizontal.png</texture>
                </control>
                <control type="label" id="10">
                    <left>100</left>
                    <top>60</top>
                    <width>1720</width>
                    <height>100</height>
                    <label>-</label>
                    <include>TextColor_MainColor</include>
                    <font>NotificationFont</font>
                </control>
                <control type="label" id="11">
                    <left>100</left>
                    <top>120</top>
                    <width>1720</width>
                    <height>100</height>
                    <label>-</label>
                    <include>TextColor_MainColor</include>
                    <font>NotificationFont</font>
                </control>
                <control type="label" id="12">
                    <left>100</left>
                    <top>180</top>
                    <width>1720</width>
                    <height>100</height>
                    <label>-</label>
                    <include>TextColor_MainColor</include>
                    <font>NotificationFont</font>
                </control>
                <control type="label" id="1">
                    <description>buffering value</description>
                    <label>$LOCALIZE[439]: $INFO[Player.CacheLevel]%</label>
                    <left>100</left>
                    <top>240</top>
                    <width>1720</width>
                    <height>100</height>
                    <include>TextColor_MainColor</include>
                    <font>NotificationFont</font>
                </control>
            </control>
        </control>
        <control type="group" id="1">
            <visible>Player.Caching</visible>
            <include>VisibleFadeEffect</include>
            <control type="image" id="1">
                <visible>Integer.IsGreater(Player.CacheLevel, 0)</visible>
                <centerleft>50%</centerleft>
                <centertop>50%</centertop>
                <width>180</width>
                <height>180</height>
                <colordiffuse>$VAR[Picked.Theme.Color]</colordiffuse>
                <texture>OSD/loading_inner.png</texture>
            </control>
            <control type="image" id="1">
                <centerleft>50%</centerleft>
                <centertop>50%</centertop>
                <width>180</width>
                <height>180</height>
                <texture>OSD/loading.png</texture>
                <animation effect="rotate" center="auto" start="360" end="0" time="1500" loop="true" tween="circle" easing="inout" condition="true">Conditional</animation>
            </control>
            <control type="image" id="1">
                <centerleft>50%</centerleft>
                <centertop>50%</centertop>
                <width>180</width>
                <height>180</height>
                <texture>OSD/loading.png</texture>
                <animation effect="rotate" center="auto" start="360" end="0" time="750" loop="true" tween="sine" easing="in" condition="true">Conditional</animation>
            </control>
            <control type="label" id="1">
                <visible>Integer.IsGreater(Player.CacheLevel, 0)</visible>
                <centerleft>50%</centerleft>
                <centertop>50%</centertop>
                <width>180</width>
                <height>180</height>
                <scroll>true</scroll>
                <align>center</align>
                <aligny>center</aligny>
                <font>NotificationFont</font>
                <include>TextColor_MainColor</include>
                <label>$INFO[Player.CacheLevel, ,%]</label>
            </control>
        </control>
    </controls>
</window>
