<?xml version="1.0" encoding="utf-8"?>
<window>
    <defaultcontrol always="false">100</defaultcontrol>
    <onload condition="!VideoPlayer.Content(LiveTV)">SetFocus(202)</onload>
    <!--<zorder>3</zorder>-->
    <controls>
        <control type="group">
            <include>TopBarOSDOpenClose</include>
            <visible>![
                Window.IsVisible(DialogPlayerProcessInfo.xml) |
                Window.IsVisible(DialogSelect.xml) |
                Window.IsVisible(SliderDialog) |
                Window.IsVisible(OSDVideoSettings) |
                Window.IsVisible(OSDAudioSettings) |
                Window.IsVisible(osdcmssettings) |
                Window.IsVisible(VideoBookmarks) |
                Window.IsVisible(DialogSubtitles.xml) |
                Window.IsVisible(DialogAddonSettings.xml) |
                Window.IsVisible(PVROSDChannels) |
                Window.IsVisible(PVROSDGuide)
                ]</visible>
            <include>TopBarOSDVisibleFadeEffectOverlay</include>
            <control type="slider" id="87">
                <include>OSDFade</include>
                <!--<include>OSDOpenClose</include>-->
                <visible>![Window.IsVisible(SliderDialog) | Window.IsVisible(osdcmssettings) | Window.IsVisible(OSDVideoSettings) | Window.IsVisible(OSDAudioSettings) | Window.IsVisible(OSDAudioDSPSettings) | Window.IsVisible(VideoBookmarks) | VideoPlayer.Content(LiveTV)]</visible>
                <description>Seek Slider</description>
                <posx>0</posx>
                <posy>955</posy>
                <width>1920</width>
                <height>50</height>
                <onup>101</onup>
                <ondown>87</ondown>
                <action>seek</action>
                <texturesliderbar>common/osd_progress_dummy_50.png</texturesliderbar>
            </control>
            <control type="image">
                <include>OverlayTransparencyOSD</include>
                <posx>0</posx>
                <posy>0</posy>
                <width>1920</width>
                <height>187</height>
                <colordiffuse>$VAR[Picked.Theme.Color]</colordiffuse>
                <texture border="10">common/overlay_topbar_gradient.png</texture>
            </control>
            <control type="image">
                <posx>0</posx>
                <posy>185</posy>
                <width>1920</width>
                <height>2</height>
                <colordiffuse>$VAR[Picked.HighLight.Color]</colordiffuse>
                <texture border="2,0,2,0">common/line_white_horizontal.png</texture>
            </control>
            <control type="grouplist" id="101">
                <include>TopBarOSDVisibleFadeEffect</include>
                <posx>60</posx>
                <posy>23</posy>
                <width>1920</width>
                <height>60</height>
                <itemgap>0</itemgap>
                <align>left</align>
                <orientation>horizontal</orientation>
                <onup>101</onup>
                <ondown>100</ondown>
                <!--***-->
                <control type="button" id="306">
                    <visible>VideoPlayer.Content(LiveTV)</visible>
                    <label></label>
                    <include>TopBarButton</include>
                    <onclick>ActivateWindow(PVROSDChannels)</onclick>
                    <onclick>Dialog.Close(VideoOSD)</onclick>
                </control>
                <control type="button" id="307">
                    <visible>VideoPlayer.Content(LiveTV)</visible>
                    <label></label>
                    <include>TopBarButton</include>
                    <onclick>ActivateWindow(PVROSDGuide)</onclick>
                    <onclick>Dialog.Close(VideoOSD)</onclick>
                </control>
                <control type="button" id="350">
                    <visible>VideoPlayer.Content(LiveTV)</visible>
                    <label></label>
                    <include>TopBarButton</include>
                    <onclick>Dialog.Close(VideoOSD)</onclick>
                    <onclick>ActivateWindow(Teletext)</onclick>
                    <!--<onclick>ActivateWindow(Teletext)</onclick>-->
                </control>
                <control type="button" id="251">
                    <label></label>
                    <include>TopBarButton</include>
                    <onclick>ActivateWindow(OSDVideoSettings)</onclick>
                </control>
                <control type="button" id="11105">
                    <label></label>
                    <include>TopBarButton</include>
                    <onclick>ActivateWindow(osdcmssettings)</onclick>
                    <visible>System.HasCMS</visible>
                </control>
                <control type="button" id="252">
                    <label></label>
                    <include>TopBarButton</include>
                    <onclick>ActivateWindow(OSDAudioSettings)</onclick>
                </control>
                <control type="button" id="250">
                    <visible>!VideoPlayer.Content(LiveTV)</visible>
                    <label></label>
                    <include>TopBarButton</include>
                    <onclick>Close</onclick>
                    <onclick>Dialog.Close(VideoOSD)</onclick>
                    <onclick>ActivateWindow(SubtitleSearch)</onclick>
                </control>
                <control type="button" id="253">
                    <visible>!VideoPlayer.Content(LiveTV)</visible>
                    <label></label>
                    <include>TopBarButton</include>
                    <onclick>ActivateWindow(VideoBookmarks)</onclick>
                </control>
                <control type="button" id="254">
                    <visible>!VideoPlayer.Content(LiveTV)</visible>
                    <visible>VideoPlayer.HasMenu</visible>
                    <!--<animation effect="fade" start="100" end="50" time="0" condition="!VideoPlayer.HasMenu">Conditional</animation>-->
                    <label></label>
                    <include>TopBarButton</include>
                    <onclick>PlayerControl(ShowVideoMenu)</onclick>
                </control>
                <control type="button" id="255">
                    <visible>VideoPlayer.IsStereoscopic</visible>
                    <!--<animation effect="fade" start="100" end="50" time="0" condition="!VideoPlayer.IsStereoscopic">Conditional</animation>-->
                    <label></label>
                    <include>TopBarButton</include>
                    <onclick>StereoMode</onclick>
                </control>
                <!--****-->
                <control type="button" id="706">
                    <visible>!VideoPlayer.Content(LiveTV)</visible>
                    <label></label>
                    <include>TopBarButton</include>
                    <onclick>Close</onclick>
                    <onclick>ActivateWindow(VideoPlaylist)</onclick>
                </control>
                <control type="button" id="707">
                    <label></label>
                    <include>TopBarButton</include>
                    <onclick>ActivateWindow(fullscreeninfo)</onclick>
                </control>
                <control type="button" id="1624">
                    <label></label>
                    <include>TopBarButton</include>
                    <onclick>Dialog.Close(VideoOSD,true)</onclick>
                    <onclick>ActivateWindow(Settings,return)</onclick>
                </control>
                <control type="button" id="1626">
                    <label></label>
                    <include>TopBarButton</include>
                    <onclick>ActivateWindow(shutdownmenu)</onclick>
                </control>
            </control>
            <control type="grouplist" id="100">
                <include>TopBarOSDVisibleFadeEffect</include>
                <posx>60</posx>
                <posy>105</posy>
                <width>1920</width>
                <height>60</height>
                <itemgap>0</itemgap>
                <align>left</align>
                <orientation>horizontal</orientation>
                <onup>101</onup>
                <ondown>87</ondown>
                <!--***-->
                <control type="button" id="1623">
                    <label></label>
                    <include>TopBarButton</include>
                    <onclick>Dialog.Close(VideoOSD,true)</onclick>
                    <onclick>fullscreen</onclick>
                </control>
                <control type="button" id="704">
                    <label></label>
                    <include>TopBarButton</include>
                    <onclick>Dialog.Close(VideoOSD,true)</onclick>
                    <onclick>fullscreen</onclick>
                </control>
                <control type="button" id="705">
                    <label></label>
                    <include>TopBarButton</include>
                    <onclick>Back</onclick>
                    <onclick>Dialog.Close(all,true)</onclick>
                    <onclick>ActivateWindow(Home)</onclick>
                </control>
                <control type="button" id="300">
                    <visible>VideoPlayer.Content(LiveTV)</visible>
                    <label></label>
                    <include>TopBarButton</include>
                    <onclick>PlayerControl(Previous)</onclick>
                </control>
                <control type="button" id="301">
                    <visible>VideoPlayer.Content(LiveTV)</visible>
                    <label></label>
                    <include>TopBarButton</include>
                    <onclick>PlayerControl(Next)</onclick>
                </control>
                <control type="button" id="200">
                    <visible>!VideoPlayer.Content(LiveTV)</visible>
                    <label></label>
                    <include>TopBarButton</include>
                    <onclick>PlayerControl(Previous)</onclick>
                </control>
                <control type="button" id="201">
                    <visible>Player.SeekEnabled</visible>
                    <!--<animation effect="fade" start="100" end="50" time="0" condition="!Player.SeekEnabled">Conditional</animation>-->
                    <label></label>
                    <include>TopBarButton</include>
                    <onclick>PlayerControl(Rewind)</onclick>
                </control>
                <control type="button" id="202">
                    <visible>Player.PauseEnabled</visible>
                    <!--<animation effect="fade" start="100" end="50" time="0" condition="!Player.PauseEnabled">Conditional</animation>-->
                    <label></label>
                    <include>TopBarButton</include>
                    <onclick>PlayerControl(Play)</onclick>
                </control>
                <control type="button" id="203">
                    <label></label>
                    <include>TopBarButton</include>
                    <onclick>PlayerControl(Stop)</onclick>
                </control>
                <control type="button" id="353">
                    <visible>VideoPlayer.Content(LiveTV)</visible>
                    <visible>Player.CanRecord</visible>
                    <!--<animation effect="fade" start="100" end="50" time="0" condition="!Player.CanRecord">Conditional</animation>-->
                    <label></label>
                    <include>TopBarButton</include>
                    <onclick>PlayerControl(Record)</onclick>
                </control>
                <control type="button" id="204">
                    <visible>Player.SeekEnabled</visible>
                    <!--<animation effect="fade" start="100" end="50" time="0" condition="!Player.SeekEnabled">Conditional</animation>-->
                    <label></label>
                    <include>TopBarButton</include>
                    <onclick>PlayerControl(Forward)</onclick>
                </control>
                <control type="button" id="205">
                    <visible>!VideoPlayer.Content(LiveTV)</visible>
                    <label></label>
                    <include>TopBarButton</include>
                    <onclick>PlayerControl(Next)</onclick>
                </control>
                <control type="button" id="1616">
                    <visible>!Player.Muted</visible>
                    <label></label>
                    <include>TopBarButton</include>
                    <onclick>Mute</onclick>
                </control>
                <control type="button" id="16161">
                    <visible>Player.Muted</visible>
                    <label></label>
                    <include>TopBarButton</include>
                    <textcolor>red</textcolor>
                    <onclick>Mute</onclick>
                </control>
                <control type="button" id="1618">
                    <label></label>
                    <include>TopBarButton</include>
                    <onclick>VolumeDown</onclick>
                </control>
                <control type="button" id="1620">
                    <label></label>
                    <include>TopBarButton</include>
                    <onclick>VolumeUp</onclick>
                </control>
            </control>
            <control type="label">
                <include>TopBarOSDVisibleFadeEffect</include>
                <right>70</right>
                <posy>0</posy>
                <width>600</width>
                <height>185</height>
                <align>right</align>
                <aligny>center</aligny>
                <font>MainMenuFont</font>
                <include>TextColor_AlternateColor</include>
                <label>$VAR[TopbarVideoOSDLabel]</label>
            </control>
        </control>
    </controls>
</window>
