<?xml version="1.0" encoding="UTF-8" standalone="yes"?>
<addon id="plugin.program.cMaN19" name="cMaN Wizard 19" version="0.1.5" provider-name="cMan">
  <requires>
    <import addon="xbmc.python" version="3.0.0"/>
    <import addon="script.module.six" />
    <import addon="script.module.kodi-six" />
  </requires>
  <extension point="xbmc.python.pluginsource" library="default.py">
        <provides>executable</provides>
  </extension>
  <extension point="xbmc.service" library="startup.py" start="startup" />
  <extension point="xbmc.addon.metadata">
    <summary lang="en">cMaN Wizard</summary>
    <description lang="en">In this wizard you will find the latest cMaN Wizard and Tools. Thanks whufclee at NaN, GUYS at TI, Brackets for the app installer!! RomanVM for the PyXBMCt libs. Fire TV Guru for the PyXBMCt layout  Also a very special Thanks to Surfacingx for the base code used in this add-on.</description>
    <platform>all</platform>
    <assets>
				<icon>icon.png</icon>
				<fanart>fanart.jpg</fanart>
				<banner></banner>
				<clearlogo></clearlogo>
				<screenshot></screenshot>
		</assets>
  </extension>
</addon>