<favourites>
    <favourite name="[B][COLOR green]Clear Packages[/COLOR][/B]" thumb="special://home/addons/plugin.program.zmcwiz3/icon.png">RunPlugin(&quot;plugin://plugin.program.zmcwiz3/?mode=clearpackages&quot;,return)</favourite>
    <favourite name="[B][COLOR green]Clear Thumbnails[/COLOR][/B]" thumb="special://home/addons/plugin.program.zmcwiz3/icon.png">RunPlugin(&quot;plugin://plugin.program.zmcwiz3/?mode=clearthumbs&quot;,return)</favourite>
    <favourite name="[B][COLOR green]Clear Cache[/COLOR][/B]" thumb="special://home/addons/plugin.program.zmcwiz3/icon.png">RunPlugin(&quot;plugin://plugin.program.zmcwiz3/?mode=clearcache&quot;,return)</favourite>
    <favourite name="[B][COLOR green]Total Clean[/COLOR][/B]" thumb="special://home/addons/plugin.program.zmcwiz3/icon.png">RunPlugin(&quot;plugin://plugin.program.zmcwiz3/?mode=totalclean&quot;,return)</favourite>
    <favourite name="[B][COLOR green]Force Close[/COLOR][/B]" thumb="special://home/addons/plugin.program.zmcwiz3/icon.png">RunPlugin(&quot;plugin://plugin.program.zmcwiz3/?mode=forceclose&quot;,return)</favourite>
</favourites>
