<?xml version="1.0" encoding="UTF-8" standalone="yes"?>
<addon id="plugin.program.zmcsmartwiz" name="[COLOR orange][B]ZMC Smart Wizard[/B][/COLOR] " version="1.0.1" provider-name="Slam, Sarge, Funsterbe, BYB Edited by Zippo">
	<requires>
		<import addon="xbmc.python" version="3.0.0"/>
		<import addon="script.module.requests" optional="true" />
	</requires>
	<extension point="xbmc.python.pluginsource" library="addon.py">
		<provides>executable</provides>
	</extension>
	<extension point="xbmc.service" library="service.py" />
	<extension point="xbmc.addon.metadata">
		<summary lang="en_GB">ZMC SMART Wizard is a lightweight template for installing builds on Kodi. Has some code from Aftermath Wizard by Surfacingx. Skin Switch by OpenELEQ. Base code by BYB. Credits to them and all others who contributed. Please report any bugs to @slamious on Telegram/Twitter.</summary>
		<description lang="en_GB">Kodi Wizard</description>
		<disclaimer lang="en_GB">This Addon contains no content</disclaimer>
		<language>en</language>
		<platform>all</platform>
		<license>GPL-2.0-or-later</license>
		<forum></forum>
		<website></website> 
		<email></email>
		<source>https://github.com/Zippojones007/ZMC.github.io/blob/main/Wizardprojects/Zmcsmart/plugin.program.zmcsmartwiz.zip</source>
		<news></news>
		<assets>
				<icon>resources/icon.png</icon>
				<fanart>resources/fanart.jpg</fanart>
				<banner></banner>
				<clearlogo></clearlogo>
				<screenshot></screenshot>
		</assets>
	</extension>
</addon>